*** You are running in headless mode.
[Parent 919466, Main Thread] WARNING: unable to create file '/run/user/1000/dconf/user': Read-only file system.  dconf will not work properly.: 'glib warning', file /build/firefox-144.0/toolkit/xre/nsSigHandlers.cpp:201

(firefox:919466): dconf-CRITICAL **: 15:27:35.072: unable to create file '/run/user/1000/dconf/user': Read-only file system.  dconf will not work properly.
[Parent 919466, Main Thread] WARNING: unable to create file '/run/user/1000/dconf/user': Read-only file system.  dconf will not work properly.: 'glib warning', file /build/firefox-144.0/toolkit/xre/nsSigHandlers.cpp:201

(firefox:919466): dconf-CRITICAL **: 15:27:35.073: unable to create file '/run/user/1000/dconf/user': Read-only file system.  dconf will not work properly.
[Parent 919466, Main Thread] WARNING: unable to create file '/run/user/1000/dconf/user': Read-only file system.  dconf will not work properly.: 'glib warning', file /build/firefox-144.0/toolkit/xre/nsSigHandlers.cpp:201

(firefox:919466): dconf-CRITICAL **: 15:27:35.073: unable to create file '/run/user/1000/dconf/user': Read-only file system.  dconf will not work properly.
[Parent 919466, Main Thread] WARNING: unable to create file '/run/user/1000/dconf/user': Read-only file system.  dconf will not work properly.: 'glib warning', file /build/firefox-144.0/toolkit/xre/nsSigHandlers.cpp:201

(firefox:919466): dconf-CRITICAL **: 15:27:35.073: unable to create file '/run/user/1000/dconf/user': Read-only file system.  dconf will not work properly.
[Parent 919466, Unnamed thread 7f667d6425e0] WARNING: unable to create file '/run/user/1000/dconf/user': Read-only file system.  dconf will not work properly.: 'glib warning', file /build/firefox-144.0/toolkit/xre/nsSigHandlers.cpp:201

(firefox:919466): dconf-CRITICAL **: 15:27:35.074: unable to create file '/run/user/1000/dconf/user': Read-only file system.  dconf will not work properly.
[Parent 919466, Main Thread] WARNING: unable to create file '/run/user/1000/dconf/user': Read-only file system.  dconf will not work properly.: 'glib warning', file /build/firefox-144.0/toolkit/xre/nsSigHandlers.cpp:201

(firefox:919466): dconf-CRITICAL **: 15:27:35.438: unable to create file '/run/user/1000/dconf/user': Read-only file system.  dconf will not work properly.
[Parent 919466, Main Thread] WARNING: unable to create file '/run/user/1000/dconf/user': Read-only file system.  dconf will not work properly.: 'glib warning', file /build/firefox-144.0/toolkit/xre/nsSigHandlers.cpp:201

(firefox:919466): dconf-CRITICAL **: 15:27:35.438: unable to create file '/run/user/1000/dconf/user': Read-only file system.  dconf will not work properly.
[Parent 919466, Main Thread] WARNING: unable to create file '/run/user/1000/dconf/user': Read-only file system.  dconf will not work properly.: 'glib warning', file /build/firefox-144.0/toolkit/xre/nsSigHandlers.cpp:201

(firefox:919466): dconf-CRITICAL **: 15:27:35.622: unable to create file '/run/user/1000/dconf/user': Read-only file system.  dconf will not work properly.
[Parent 919466, Main Thread] WARNING: unable to create file '/run/user/1000/dconf/user': Read-only file system.  dconf will not work properly.: 'glib warning', file /build/firefox-144.0/toolkit/xre/nsSigHandlers.cpp:201

(firefox:919466): dconf-CRITICAL **: 15:27:35.622: unable to create file '/run/user/1000/dconf/user': Read-only file system.  dconf will not work properly.
[GFX1-]: RenderCompositorSWGL failed mapping default framebuffer, no dt
[Parent 919466, Main Thread] WARNING: unable to create file '/run/user/1000/dconf/user': Read-only file system.  dconf will not work properly.: 'glib warning', file /build/firefox-144.0/toolkit/xre/nsSigHandlers.cpp:201

(firefox:919466): dconf-CRITICAL **: 15:27:35.670: unable to create file '/run/user/1000/dconf/user': Read-only file system.  dconf will not work properly.
[Parent 919466, Main Thread] WARNING: unable to create file '/run/user/1000/dconf/user': Read-only file system.  dconf will not work properly.: 'glib warning', file /build/firefox-144.0/toolkit/xre/nsSigHandlers.cpp:201

(firefox:919466): dconf-CRITICAL **: 15:27:35.670: unable to create file '/run/user/1000/dconf/user': Read-only file system.  dconf will not work properly.
[Parent 919466, Main Thread] WARNING: unable to create file '/run/user/1000/dconf/user': Read-only file system.  dconf will not work properly.: 'glib warning', file /build/firefox-144.0/toolkit/xre/nsSigHandlers.cpp:201

(firefox:919466): dconf-CRITICAL **: 15:27:35.697: unable to create file '/run/user/1000/dconf/user': Read-only file system.  dconf will not work properly.
[Parent 919466, Main Thread] WARNING: unable to create file '/run/user/1000/dconf/user': Read-only file system.  dconf will not work properly.: 'glib warning', file /build/firefox-144.0/toolkit/xre/nsSigHandlers.cpp:201

(firefox:919466): dconf-CRITICAL **: 15:27:35.697: unable to create file '/run/user/1000/dconf/user': Read-only file system.  dconf will not work properly.
[Parent 919466, Main Thread] WARNING: unable to create file '/run/user/1000/dconf/user': Read-only file system.  dconf will not work properly.: 'glib warning', file /build/firefox-144.0/toolkit/xre/nsSigHandlers.cpp:201

(firefox:919466): dconf-CRITICAL **: 15:27:35.745: unable to create file '/run/user/1000/dconf/user': Read-only file system.  dconf will not work properly.
[Parent 919466, Main Thread] WARNING: unable to create file '/run/user/1000/dconf/user': Read-only file system.  dconf will not work properly.: 'glib warning', file /build/firefox-144.0/toolkit/xre/nsSigHandlers.cpp:201

(firefox:919466): dconf-CRITICAL **: 15:27:35.745: unable to create file '/run/user/1000/dconf/user': Read-only file system.  dconf will not work properly.
[Parent 919466, Main Thread] WARNING: unable to create file '/run/user/1000/dconf/user': Read-only file system.  dconf will not work properly.: 'glib warning', file /build/firefox-144.0/toolkit/xre/nsSigHandlers.cpp:201

(firefox:919466): dconf-CRITICAL **: 15:27:35.752: unable to create file '/run/user/1000/dconf/user': Read-only file system.  dconf will not work properly.
[Parent 919466, Main Thread] WARNING: unable to create file '/run/user/1000/dconf/user': Read-only file system.  dconf will not work properly.: 'glib warning', file /build/firefox-144.0/toolkit/xre/nsSigHandlers.cpp:201

(firefox:919466): dconf-CRITICAL **: 15:27:35.752: unable to create file '/run/user/1000/dconf/user': Read-only file system.  dconf will not work properly.
[Parent 919466, Main Thread] WARNING: unable to create file '/run/user/1000/dconf/user': Read-only file system.  dconf will not work properly.: 'glib warning', file /build/firefox-144.0/toolkit/xre/nsSigHandlers.cpp:201

(firefox:919466): dconf-CRITICAL **: 15:27:35.752: unable to create file '/run/user/1000/dconf/user': Read-only file system.  dconf will not work properly.
[Parent 919466, Main Thread] WARNING: unable to create file '/run/user/1000/dconf/user': Read-only file system.  dconf will not work properly.: 'glib warning', file /build/firefox-144.0/toolkit/xre/nsSigHandlers.cpp:201

(firefox:919466): dconf-CRITICAL **: 15:27:35.752: unable to create file '/run/user/1000/dconf/user': Read-only file system.  dconf will not work properly.
[Parent 919466, Main Thread] WARNING: unable to create file '/run/user/1000/dconf/user': Read-only file system.  dconf will not work properly.: 'glib warning', file /build/firefox-144.0/toolkit/xre/nsSigHandlers.cpp:201

(firefox:919466): dconf-CRITICAL **: 15:27:35.833: unable to create file '/run/user/1000/dconf/user': Read-only file system.  dconf will not work properly.
[Parent 919466, Main Thread] WARNING: unable to create file '/run/user/1000/dconf/user': Read-only file system.  dconf will not work properly.: 'glib warning', file /build/firefox-144.0/toolkit/xre/nsSigHandlers.cpp:201

(firefox:919466): dconf-CRITICAL **: 15:27:35.833: unable to create file '/run/user/1000/dconf/user': Read-only file system.  dconf will not work properly.
[Parent 919466, Main Thread] WARNING: unable to create file '/run/user/1000/dconf/user': Read-only file system.  dconf will not work properly.: 'glib warning', file /build/firefox-144.0/toolkit/xre/nsSigHandlers.cpp:201

(firefox:919466): dconf-CRITICAL **: 15:27:35.835: unable to create file '/run/user/1000/dconf/user': Read-only file system.  dconf will not work properly.
[Parent 919466, Main Thread] WARNING: unable to create file '/run/user/1000/dconf/user': Read-only file system.  dconf will not work properly.: 'glib warning', file /build/firefox-144.0/toolkit/xre/nsSigHandlers.cpp:201

(firefox:919466): dconf-CRITICAL **: 15:27:35.835: unable to create file '/run/user/1000/dconf/user': Read-only file system.  dconf will not work properly.
[Parent 919466, Main Thread] WARNING: unable to create file '/run/user/1000/dconf/user': Read-only file system.  dconf will not work properly.: 'glib warning', file /build/firefox-144.0/toolkit/xre/nsSigHandlers.cpp:201

(firefox:919466): dconf-CRITICAL **: 15:27:35.836: unable to create file '/run/user/1000/dconf/user': Read-only file system.  dconf will not work properly.
[Parent 919466, Main Thread] WARNING: unable to create file '/run/user/1000/dconf/user': Read-only file system.  dconf will not work properly.: 'glib warning', file /build/firefox-144.0/toolkit/xre/nsSigHandlers.cpp:201

(firefox:919466): dconf-CRITICAL **: 15:27:35.837: unable to create file '/run/user/1000/dconf/user': Read-only file system.  dconf will not work properly.
[Parent 919466, Main Thread] WARNING: unable to create file '/run/user/1000/dconf/user': Read-only file system.  dconf will not work properly.: 'glib warning', file /build/firefox-144.0/toolkit/xre/nsSigHandlers.cpp:201

(firefox:919466): dconf-CRITICAL **: 15:27:35.933: unable to create file '/run/user/1000/dconf/user': Read-only file system.  dconf will not work properly.
[Parent 919466, Main Thread] WARNING: unable to create file '/run/user/1000/dconf/user': Read-only file system.  dconf will not work properly.: 'glib warning', file /build/firefox-144.0/toolkit/xre/nsSigHandlers.cpp:201

(firefox:919466): dconf-CRITICAL **: 15:27:35.933: unable to create file '/run/user/1000/dconf/user': Read-only file system.  dconf will not work properly.
[Parent 919466, Main Thread] WARNING: unable to create file '/run/user/1000/dconf/user': Read-only file system.  dconf will not work properly.: 'glib warning', file /build/firefox-144.0/toolkit/xre/nsSigHandlers.cpp:201

(firefox:919466): dconf-CRITICAL **: 15:27:35.973: unable to create file '/run/user/1000/dconf/user': Read-only file system.  dconf will not work properly.
[Parent 919466, Main Thread] WARNING: unable to create file '/run/user/1000/dconf/user': Read-only file system.  dconf will not work properly.: 'glib warning', file /build/firefox-144.0/toolkit/xre/nsSigHandlers.cpp:201

(firefox:919466): dconf-CRITICAL **: 15:27:35.973: unable to create file '/run/user/1000/dconf/user': Read-only file system.  dconf will not work properly.
[Parent 919466, Main Thread] WARNING: unable to create file '/run/user/1000/dconf/user': Read-only file system.  dconf will not work properly.: 'glib warning', file /build/firefox-144.0/toolkit/xre/nsSigHandlers.cpp:201

(firefox:919466): dconf-CRITICAL **: 15:27:36.031: unable to create file '/run/user/1000/dconf/user': Read-only file system.  dconf will not work properly.
[Parent 919466, Main Thread] WARNING: unable to create file '/run/user/1000/dconf/user': Read-only file system.  dconf will not work properly.: 'glib warning', file /build/firefox-144.0/toolkit/xre/nsSigHandlers.cpp:201

(firefox:919466): dconf-CRITICAL **: 15:27:36.032: unable to create file '/run/user/1000/dconf/user': Read-only file system.  dconf will not work properly.
[Parent 919466, Main Thread] WARNING: unable to create file '/run/user/1000/dconf/user': Read-only file system.  dconf will not work properly.: 'glib warning', file /build/firefox-144.0/toolkit/xre/nsSigHandlers.cpp:201

(firefox:919466): dconf-CRITICAL **: 15:27:36.032: unable to create file '/run/user/1000/dconf/user': Read-only file system.  dconf will not work properly.
[Parent 919466, Main Thread] WARNING: unable to create file '/run/user/1000/dconf/user': Read-only file system.  dconf will not work properly.: 'glib warning', file /build/firefox-144.0/toolkit/xre/nsSigHandlers.cpp:201

(firefox:919466): dconf-CRITICAL **: 15:27:36.032: unable to create file '/run/user/1000/dconf/user': Read-only file system.  dconf will not work properly.
[Parent 919466, Main Thread] WARNING: unable to create file '/run/user/1000/dconf/user': Read-only file system.  dconf will not work properly.: 'glib warning', file /build/firefox-144.0/toolkit/xre/nsSigHandlers.cpp:201

(firefox:919466): dconf-CRITICAL **: 15:27:36.032: unable to create file '/run/user/1000/dconf/user': Read-only file system.  dconf will not work properly.
[Parent 919466, Main Thread] WARNING: unable to create file '/run/user/1000/dconf/user': Read-only file system.  dconf will not work properly.: 'glib warning', file /build/firefox-144.0/toolkit/xre/nsSigHandlers.cpp:201

(firefox:919466): dconf-CRITICAL **: 15:27:36.032: unable to create file '/run/user/1000/dconf/user': Read-only file system.  dconf will not work properly.
[Parent 919466, Main Thread] WARNING: unable to create file '/run/user/1000/dconf/user': Read-only file system.  dconf will not work properly.: 'glib warning', file /build/firefox-144.0/toolkit/xre/nsSigHandlers.cpp:201

(firefox:919466): dconf-CRITICAL **: 15:27:36.033: unable to create file '/run/user/1000/dconf/user': Read-only file system.  dconf will not work properly.
[Parent 919466, Main Thread] WARNING: unable to create file '/run/user/1000/dconf/user': Read-only file system.  dconf will not work properly.: 'glib warning', file /build/firefox-144.0/toolkit/xre/nsSigHandlers.cpp:201

(firefox:919466): dconf-CRITICAL **: 15:27:36.033: unable to create file '/run/user/1000/dconf/user': Read-only file system.  dconf will not work properly.
[Parent 919466, Main Thread] WARNING: unable to create file '/run/user/1000/dconf/user': Read-only file system.  dconf will not work properly.: 'glib warning', file /build/firefox-144.0/toolkit/xre/nsSigHandlers.cpp:201

(firefox:919466): dconf-CRITICAL **: 15:27:36.039: unable to create file '/run/user/1000/dconf/user': Read-only file system.  dconf will not work properly.
[Parent 919466, Main Thread] WARNING: unable to create file '/run/user/1000/dconf/user': Read-only file system.  dconf will not work properly.: 'glib warning', file /build/firefox-144.0/toolkit/xre/nsSigHandlers.cpp:201

(firefox:919466): dconf-CRITICAL **: 15:27:36.039: unable to create file '/run/user/1000/dconf/user': Read-only file system.  dconf will not work properly.
[Parent 919466, Main Thread] WARNING: unable to create file '/run/user/1000/dconf/user': Read-only file system.  dconf will not work properly.: 'glib warning', file /build/firefox-144.0/toolkit/xre/nsSigHandlers.cpp:201

(firefox:919466): dconf-CRITICAL **: 15:27:36.112: unable to create file '/run/user/1000/dconf/user': Read-only file system.  dconf will not work properly.
[Parent 919466, Main Thread] WARNING: unable to create file '/run/user/1000/dconf/user': Read-only file system.  dconf will not work properly.: 'glib warning', file /build/firefox-144.0/toolkit/xre/nsSigHandlers.cpp:201

(firefox:919466): dconf-CRITICAL **: 15:27:36.112: unable to create file '/run/user/1000/dconf/user': Read-only file system.  dconf will not work properly.
[Parent 919466, Main Thread] WARNING: unable to create file '/run/user/1000/dconf/user': Read-only file system.  dconf will not work properly.: 'glib warning', file /build/firefox-144.0/toolkit/xre/nsSigHandlers.cpp:201

(firefox:919466): dconf-CRITICAL **: 15:27:36.116: unable to create file '/run/user/1000/dconf/user': Read-only file system.  dconf will not work properly.
[Parent 919466, Main Thread] WARNING: unable to create file '/run/user/1000/dconf/user': Read-only file system.  dconf will not work properly.: 'glib warning', file /build/firefox-144.0/toolkit/xre/nsSigHandlers.cpp:201

(firefox:919466): dconf-CRITICAL **: 15:27:36.116: unable to create file '/run/user/1000/dconf/user': Read-only file system.  dconf will not work properly.
[Parent 919466, Main Thread] WARNING: unable to create file '/run/user/1000/dconf/user': Read-only file system.  dconf will not work properly.: 'glib warning', file /build/firefox-144.0/toolkit/xre/nsSigHandlers.cpp:201

(firefox:919466): dconf-CRITICAL **: 15:27:36.116: unable to create file '/run/user/1000/dconf/user': Read-only file system.  dconf will not work properly.
[Parent 919466, Main Thread] WARNING: unable to create file '/run/user/1000/dconf/user': Read-only file system.  dconf will not work properly.: 'glib warning', file /build/firefox-144.0/toolkit/xre/nsSigHandlers.cpp:201

(firefox:919466): dconf-CRITICAL **: 15:27:36.116: unable to create file '/run/user/1000/dconf/user': Read-only file system.  dconf will not work properly.
[Parent 919466, Main Thread] WARNING: unable to create file '/run/user/1000/dconf/user': Read-only file system.  dconf will not work properly.: 'glib warning', file /build/firefox-144.0/toolkit/xre/nsSigHandlers.cpp:201

(firefox:919466): dconf-CRITICAL **: 15:27:36.116: unable to create file '/run/user/1000/dconf/user': Read-only file system.  dconf will not work properly.
[Parent 919466, Main Thread] WARNING: unable to create file '/run/user/1000/dconf/user': Read-only file system.  dconf will not work properly.: 'glib warning', file /build/firefox-144.0/toolkit/xre/nsSigHandlers.cpp:201

(firefox:919466): dconf-CRITICAL **: 15:27:36.116: unable to create file '/run/user/1000/dconf/user': Read-only file system.  dconf will not work properly.
[Parent 919466, Main Thread] WARNING: unable to create file '/run/user/1000/dconf/user': Read-only file system.  dconf will not work properly.: 'glib warning', file /build/firefox-144.0/toolkit/xre/nsSigHandlers.cpp:201

(firefox:919466): dconf-CRITICAL **: 15:27:36.117: unable to create file '/run/user/1000/dconf/user': Read-only file system.  dconf will not work properly.
[Parent 919466, Main Thread] WARNING: unable to create file '/run/user/1000/dconf/user': Read-only file system.  dconf will not work properly.: 'glib warning', file /build/firefox-144.0/toolkit/xre/nsSigHandlers.cpp:201

(firefox:919466): dconf-CRITICAL **: 15:27:36.117: unable to create file '/run/user/1000/dconf/user': Read-only file system.  dconf will not work properly.
[Parent 919466, Main Thread] WARNING: unable to create file '/run/user/1000/dconf/user': Read-only file system.  dconf will not work properly.: 'glib warning', file /build/firefox-144.0/toolkit/xre/nsSigHandlers.cpp:201

(firefox:919466): dconf-CRITICAL **: 15:27:36.117: unable to create file '/run/user/1000/dconf/user': Read-only file system.  dconf will not work properly.
[Parent 919466, Main Thread] WARNING: unable to create file '/run/user/1000/dconf/user': Read-only file system.  dconf will not work properly.: 'glib warning', file /build/firefox-144.0/toolkit/xre/nsSigHandlers.cpp:201

(firefox:919466): dconf-CRITICAL **: 15:27:36.117: unable to create file '/run/user/1000/dconf/user': Read-only file system.  dconf will not work properly.
[Parent 919466, Main Thread] WARNING: unable to create file '/run/user/1000/dconf/user': Read-only file system.  dconf will not work properly.: 'glib warning', file /build/firefox-144.0/toolkit/xre/nsSigHandlers.cpp:201

(firefox:919466): dconf-CRITICAL **: 15:27:36.118: unable to create file '/run/user/1000/dconf/user': Read-only file system.  dconf will not work properly.
[Parent 919466, Main Thread] WARNING: unable to create file '/run/user/1000/dconf/user': Read-only file system.  dconf will not work properly.: 'glib warning', file /build/firefox-144.0/toolkit/xre/nsSigHandlers.cpp:201

(firefox:919466): dconf-CRITICAL **: 15:27:36.118: unable to create file '/run/user/1000/dconf/user': Read-only file system.  dconf will not work properly.
[Parent 919466, Main Thread] WARNING: unable to create file '/run/user/1000/dconf/user': Read-only file system.  dconf will not work properly.: 'glib warning', file /build/firefox-144.0/toolkit/xre/nsSigHandlers.cpp:201

(firefox:919466): dconf-CRITICAL **: 15:27:36.118: unable to create file '/run/user/1000/dconf/user': Read-only file system.  dconf will not work properly.
[Parent 919466, Main Thread] WARNING: unable to create file '/run/user/1000/dconf/user': Read-only file system.  dconf will not work properly.: 'glib warning', file /build/firefox-144.0/toolkit/xre/nsSigHandlers.cpp:201

(firefox:919466): dconf-CRITICAL **: 15:27:36.118: unable to create file '/run/user/1000/dconf/user': Read-only file system.  dconf will not work properly.
[Parent 919466, Main Thread] WARNING: unable to create file '/run/user/1000/dconf/user': Read-only file system.  dconf will not work properly.: 'glib warning', file /build/firefox-144.0/toolkit/xre/nsSigHandlers.cpp:201

(firefox:919466): dconf-CRITICAL **: 15:27:36.118: unable to create file '/run/user/1000/dconf/user': Read-only file system.  dconf will not work properly.
[Parent 919466, Main Thread] WARNING: unable to create file '/run/user/1000/dconf/user': Read-only file system.  dconf will not work properly.: 'glib warning', file /build/firefox-144.0/toolkit/xre/nsSigHandlers.cpp:201

(firefox:919466): dconf-CRITICAL **: 15:27:36.118: unable to create file '/run/user/1000/dconf/user': Read-only file system.  dconf will not work properly.
[Parent 919466, Main Thread] WARNING: unable to create file '/run/user/1000/dconf/user': Read-only file system.  dconf will not work properly.: 'glib warning', file /build/firefox-144.0/toolkit/xre/nsSigHandlers.cpp:201

(firefox:919466): dconf-CRITICAL **: 15:27:36.119: unable to create file '/run/user/1000/dconf/user': Read-only file system.  dconf will not work properly.
[Parent 919466, Main Thread] WARNING: unable to create file '/run/user/1000/dconf/user': Read-only file system.  dconf will not work properly.: 'glib warning', file /build/firefox-144.0/toolkit/xre/nsSigHandlers.cpp:201

(firefox:919466): dconf-CRITICAL **: 15:27:36.119: unable to create file '/run/user/1000/dconf/user': Read-only file system.  dconf will not work properly.
[Parent 919466, Main Thread] WARNING: unable to create file '/run/user/1000/dconf/user': Read-only file system.  dconf will not work properly.: 'glib warning', file /build/firefox-144.0/toolkit/xre/nsSigHandlers.cpp:201

(firefox:919466): dconf-CRITICAL **: 15:27:36.119: unable to create file '/run/user/1000/dconf/user': Read-only file system.  dconf will not work properly.
[Parent 919466, Main Thread] WARNING: unable to create file '/run/user/1000/dconf/user': Read-only file system.  dconf will not work properly.: 'glib warning', file /build/firefox-144.0/toolkit/xre/nsSigHandlers.cpp:201

(firefox:919466): dconf-CRITICAL **: 15:27:36.119: unable to create file '/run/user/1000/dconf/user': Read-only file system.  dconf will not work properly.
[Parent 919466, Main Thread] WARNING: unable to create file '/run/user/1000/dconf/user': Read-only file system.  dconf will not work properly.: 'glib warning', file /build/firefox-144.0/toolkit/xre/nsSigHandlers.cpp:201

(firefox:919466): dconf-CRITICAL **: 15:27:36.119: unable to create file '/run/user/1000/dconf/user': Read-only file system.  dconf will not work properly.
[Parent 919466, Main Thread] WARNING: unable to create file '/run/user/1000/dconf/user': Read-only file system.  dconf will not work properly.: 'glib warning', file /build/firefox-144.0/toolkit/xre/nsSigHandlers.cpp:201

(firefox:919466): dconf-CRITICAL **: 15:27:36.119: unable to create file '/run/user/1000/dconf/user': Read-only file system.  dconf will not work properly.
[Parent 919466, Main Thread] WARNING: unable to create file '/run/user/1000/dconf/user': Read-only file system.  dconf will not work properly.: 'glib warning', file /build/firefox-144.0/toolkit/xre/nsSigHandlers.cpp:201

(firefox:919466): dconf-CRITICAL **: 15:27:36.120: unable to create file '/run/user/1000/dconf/user': Read-only file system.  dconf will not work properly.
[Parent 919466, Main Thread] WARNING: unable to create file '/run/user/1000/dconf/user': Read-only file system.  dconf will not work properly.: 'glib warning', file /build/firefox-144.0/toolkit/xre/nsSigHandlers.cpp:201

(firefox:919466): dconf-CRITICAL **: 15:27:36.120: unable to create file '/run/user/1000/dconf/user': Read-only file system.  dconf will not work properly.
[Parent 919466, Main Thread] WARNING: unable to create file '/run/user/1000/dconf/user': Read-only file system.  dconf will not work properly.: 'glib warning', file /build/firefox-144.0/toolkit/xre/nsSigHandlers.cpp:201

(firefox:919466): dconf-CRITICAL **: 15:27:36.120: unable to create file '/run/user/1000/dconf/user': Read-only file system.  dconf will not work properly.
[Parent 919466, Main Thread] WARNING: unable to create file '/run/user/1000/dconf/user': Read-only file system.  dconf will not work properly.: 'glib warning', file /build/firefox-144.0/toolkit/xre/nsSigHandlers.cpp:201

(firefox:919466): dconf-CRITICAL **: 15:27:36.120: unable to create file '/run/user/1000/dconf/user': Read-only file system.  dconf will not work properly.
[Parent 919466, Main Thread] WARNING: unable to create file '/run/user/1000/dconf/user': Read-only file system.  dconf will not work properly.: 'glib warning', file /build/firefox-144.0/toolkit/xre/nsSigHandlers.cpp:201

(firefox:919466): dconf-CRITICAL **: 15:27:36.120: unable to create file '/run/user/1000/dconf/user': Read-only file system.  dconf will not work properly.
[Parent 919466, Main Thread] WARNING: unable to create file '/run/user/1000/dconf/user': Read-only file system.  dconf will not work properly.: 'glib warning', file /build/firefox-144.0/toolkit/xre/nsSigHandlers.cpp:201

(firefox:919466): dconf-CRITICAL **: 15:27:36.121: unable to create file '/run/user/1000/dconf/user': Read-only file system.  dconf will not work properly.
[Parent 919466, Main Thread] WARNING: unable to create file '/run/user/1000/dconf/user': Read-only file system.  dconf will not work properly.: 'glib warning', file /build/firefox-144.0/toolkit/xre/nsSigHandlers.cpp:201

(firefox:919466): dconf-CRITICAL **: 15:27:36.121: unable to create file '/run/user/1000/dconf/user': Read-only file system.  dconf will not work properly.
[Parent 919466, Main Thread] WARNING: unable to create file '/run/user/1000/dconf/user': Read-only file system.  dconf will not work properly.: 'glib warning', file /build/firefox-144.0/toolkit/xre/nsSigHandlers.cpp:201

(firefox:919466): dconf-CRITICAL **: 15:27:36.121: unable to create file '/run/user/1000/dconf/user': Read-only file system.  dconf will not work properly.
[Parent 919466, Main Thread] WARNING: unable to create file '/run/user/1000/dconf/user': Read-only file system.  dconf will not work properly.: 'glib warning', file /build/firefox-144.0/toolkit/xre/nsSigHandlers.cpp:201

(firefox:919466): dconf-CRITICAL **: 15:27:36.169: unable to create file '/run/user/1000/dconf/user': Read-only file system.  dconf will not work properly.
[Parent 919466, Main Thread] WARNING: unable to create file '/run/user/1000/dconf/user': Read-only file system.  dconf will not work properly.: 'glib warning', file /build/firefox-144.0/toolkit/xre/nsSigHandlers.cpp:201

(firefox:919466): dconf-CRITICAL **: 15:27:36.169: unable to create file '/run/user/1000/dconf/user': Read-only file system.  dconf will not work properly.
[Parent 919466, Main Thread] WARNING: unable to create file '/run/user/1000/dconf/user': Read-only file system.  dconf will not work properly.: 'glib warning', file /build/firefox-144.0/toolkit/xre/nsSigHandlers.cpp:201

(firefox:919466): dconf-CRITICAL **: 15:27:36.169: unable to create file '/run/user/1000/dconf/user': Read-only file system.  dconf will not work properly.
[Parent 919466, Main Thread] WARNING: unable to create file '/run/user/1000/dconf/user': Read-only file system.  dconf will not work properly.: 'glib warning', file /build/firefox-144.0/toolkit/xre/nsSigHandlers.cpp:201

(firefox:919466): dconf-CRITICAL **: 15:27:36.169: unable to create file '/run/user/1000/dconf/user': Read-only file system.  dconf will not work properly.
[Parent 919466, Main Thread] WARNING: unable to create file '/run/user/1000/dconf/user': Read-only file system.  dconf will not work properly.: 'glib warning', file /build/firefox-144.0/toolkit/xre/nsSigHandlers.cpp:201

(firefox:919466): dconf-CRITICAL **: 15:27:36.181: unable to create file '/run/user/1000/dconf/user': Read-only file system.  dconf will not work properly.
[Parent 919466, Main Thread] WARNING: unable to create file '/run/user/1000/dconf/user': Read-only file system.  dconf will not work properly.: 'glib warning', file /build/firefox-144.0/toolkit/xre/nsSigHandlers.cpp:201

(firefox:919466): dconf-CRITICAL **: 15:27:36.181: unable to create file '/run/user/1000/dconf/user': Read-only file system.  dconf will not work properly.
[Parent 919466, Main Thread] WARNING: unable to create file '/run/user/1000/dconf/user': Read-only file system.  dconf will not work properly.: 'glib warning', file /build/firefox-144.0/toolkit/xre/nsSigHandlers.cpp:201

(firefox:919466): dconf-CRITICAL **: 15:27:36.182: unable to create file '/run/user/1000/dconf/user': Read-only file system.  dconf will not work properly.
[Parent 919466, Main Thread] WARNING: unable to create file '/run/user/1000/dconf/user': Read-only file system.  dconf will not work properly.: 'glib warning', file /build/firefox-144.0/toolkit/xre/nsSigHandlers.cpp:201

(firefox:919466): dconf-CRITICAL **: 15:27:36.182: unable to create file '/run/user/1000/dconf/user': Read-only file system.  dconf will not work properly.
[Parent 919466, Main Thread] WARNING: unable to create file '/run/user/1000/dconf/user': Read-only file system.  dconf will not work properly.: 'glib warning', file /build/firefox-144.0/toolkit/xre/nsSigHandlers.cpp:201

(firefox:919466): dconf-CRITICAL **: 15:27:36.183: unable to create file '/run/user/1000/dconf/user': Read-only file system.  dconf will not work properly.
[Parent 919466, Main Thread] WARNING: unable to create file '/run/user/1000/dconf/user': Read-only file system.  dconf will not work properly.: 'glib warning', file /build/firefox-144.0/toolkit/xre/nsSigHandlers.cpp:201

(firefox:919466): dconf-CRITICAL **: 15:27:36.184: unable to create file '/run/user/1000/dconf/user': Read-only file system.  dconf will not work properly.
[Parent 919466, Main Thread] WARNING: unable to create file '/run/user/1000/dconf/user': Read-only file system.  dconf will not work properly.: 'glib warning', file /build/firefox-144.0/toolkit/xre/nsSigHandlers.cpp:201

(firefox:919466): dconf-CRITICAL **: 15:27:36.184: unable to create file '/run/user/1000/dconf/user': Read-only file system.  dconf will not work properly.
[Parent 919466, Main Thread] WARNING: unable to create file '/run/user/1000/dconf/user': Read-only file system.  dconf will not work properly.: 'glib warning', file /build/firefox-144.0/toolkit/xre/nsSigHandlers.cpp:201

(firefox:919466): dconf-CRITICAL **: 15:27:36.184: unable to create file '/run/user/1000/dconf/user': Read-only file system.  dconf will not work properly.
[Parent 919466, Main Thread] WARNING: unable to create file '/run/user/1000/dconf/user': Read-only file system.  dconf will not work properly.: 'glib warning', file /build/firefox-144.0/toolkit/xre/nsSigHandlers.cpp:201

(firefox:919466): dconf-CRITICAL **: 15:27:36.184: unable to create file '/run/user/1000/dconf/user': Read-only file system.  dconf will not work properly.
[Parent 919466, Main Thread] WARNING: unable to create file '/run/user/1000/dconf/user': Read-only file system.  dconf will not work properly.: 'glib warning', file /build/firefox-144.0/toolkit/xre/nsSigHandlers.cpp:201

(firefox:919466): dconf-CRITICAL **: 15:27:36.184: unable to create file '/run/user/1000/dconf/user': Read-only file system.  dconf will not work properly.
[Parent 919466, Main Thread] WARNING: unable to create file '/run/user/1000/dconf/user': Read-only file system.  dconf will not work properly.: 'glib warning', file /build/firefox-144.0/toolkit/xre/nsSigHandlers.cpp:201

(firefox:919466): dconf-CRITICAL **: 15:27:36.184: unable to create file '/run/user/1000/dconf/user': Read-only file system.  dconf will not work properly.
[Parent 919466, Main Thread] WARNING: unable to create file '/run/user/1000/dconf/user': Read-only file system.  dconf will not work properly.: 'glib warning', file /build/firefox-144.0/toolkit/xre/nsSigHandlers.cpp:201

(firefox:919466): dconf-CRITICAL **: 15:27:36.184: unable to create file '/run/user/1000/dconf/user': Read-only file system.  dconf will not work properly.
[Parent 919466, Main Thread] WARNING: unable to create file '/run/user/1000/dconf/user': Read-only file system.  dconf will not work properly.: 'glib warning', file /build/firefox-144.0/toolkit/xre/nsSigHandlers.cpp:201

(firefox:919466): dconf-CRITICAL **: 15:27:36.185: unable to create file '/run/user/1000/dconf/user': Read-only file system.  dconf will not work properly.
[Parent 919466, Main Thread] WARNING: unable to create file '/run/user/1000/dconf/user': Read-only file system.  dconf will not work properly.: 'glib warning', file /build/firefox-144.0/toolkit/xre/nsSigHandlers.cpp:201

(firefox:919466): dconf-CRITICAL **: 15:27:36.185: unable to create file '/run/user/1000/dconf/user': Read-only file system.  dconf will not work properly.
[Parent 919466, Main Thread] WARNING: unable to create file '/run/user/1000/dconf/user': Read-only file system.  dconf will not work properly.: 'glib warning', file /build/firefox-144.0/toolkit/xre/nsSigHandlers.cpp:201

(firefox:919466): dconf-CRITICAL **: 15:27:36.185: unable to create file '/run/user/1000/dconf/user': Read-only file system.  dconf will not work properly.
[Parent 919466, Main Thread] WARNING: unable to create file '/run/user/1000/dconf/user': Read-only file system.  dconf will not work properly.: 'glib warning', file /build/firefox-144.0/toolkit/xre/nsSigHandlers.cpp:201

(firefox:919466): dconf-CRITICAL **: 15:27:36.185: unable to create file '/run/user/1000/dconf/user': Read-only file system.  dconf will not work properly.
[Parent 919466, Main Thread] WARNING: unable to create file '/run/user/1000/dconf/user': Read-only file system.  dconf will not work properly.: 'glib warning', file /build/firefox-144.0/toolkit/xre/nsSigHandlers.cpp:201

(firefox:919466): dconf-CRITICAL **: 15:27:36.205: unable to create file '/run/user/1000/dconf/user': Read-only file system.  dconf will not work properly.
[Parent 919466, Main Thread] WARNING: unable to create file '/run/user/1000/dconf/user': Read-only file system.  dconf will not work properly.: 'glib warning', file /build/firefox-144.0/toolkit/xre/nsSigHandlers.cpp:201

(firefox:919466): dconf-CRITICAL **: 15:27:36.206: unable to create file '/run/user/1000/dconf/user': Read-only file system.  dconf will not work properly.
console.warn: "%cairgap.js%c Report-only mode enabled" "font-size:larger;font-weight:bold;border-radius:0.25em;padding:0.08em 0.25em;;color:amber;background-color:#6e3e00" ""
[Parent 919466, Main Thread] WARNING: unable to create file '/run/user/1000/dconf/user': Read-only file system.  dconf will not work properly.: 'glib warning', file /build/firefox-144.0/toolkit/xre/nsSigHandlers.cpp:201

(firefox:919466): dconf-CRITICAL **: 15:27:36.258: unable to create file '/run/user/1000/dconf/user': Read-only file system.  dconf will not work properly.
[Parent 919466, Main Thread] WARNING: unable to create file '/run/user/1000/dconf/user': Read-only file system.  dconf will not work properly.: 'glib warning', file /build/firefox-144.0/toolkit/xre/nsSigHandlers.cpp:201

(firefox:919466): dconf-CRITICAL **: 15:27:36.258: unable to create file '/run/user/1000/dconf/user': Read-only file system.  dconf will not work properly.
[Parent 919466, Main Thread] WARNING: unable to create file '/run/user/1000/dconf/user': Read-only file system.  dconf will not work properly.: 'glib warning', file /build/firefox-144.0/toolkit/xre/nsSigHandlers.cpp:201

(firefox:919466): dconf-CRITICAL **: 15:27:36.307: unable to create file '/run/user/1000/dconf/user': Read-only file system.  dconf will not work properly.
[Parent 919466, Main Thread] WARNING: unable to create file '/run/user/1000/dconf/user': Read-only file system.  dconf will not work properly.: 'glib warning', file /build/firefox-144.0/toolkit/xre/nsSigHandlers.cpp:201

(firefox:919466): dconf-CRITICAL **: 15:27:36.307: unable to create file '/run/user/1000/dconf/user': Read-only file system.  dconf will not work properly.
[Parent 919466, Main Thread] WARNING: unable to create file '/run/user/1000/dconf/user': Read-only file system.  dconf will not work properly.: 'glib warning', file /build/firefox-144.0/toolkit/xre/nsSigHandlers.cpp:201

(firefox:919466): dconf-CRITICAL **: 15:27:36.307: unable to create file '/run/user/1000/dconf/user': Read-only file system.  dconf will not work properly.
[Parent 919466, Main Thread] WARNING: unable to create file '/run/user/1000/dconf/user': Read-only file system.  dconf will not work properly.: 'glib warning', file /build/firefox-144.0/toolkit/xre/nsSigHandlers.cpp:201

(firefox:919466): dconf-CRITICAL **: 15:27:36.307: unable to create file '/run/user/1000/dconf/user': Read-only file system.  dconf will not work properly.
[Parent 919466, Main Thread] WARNING: unable to create file '/run/user/1000/dconf/user': Read-only file system.  dconf will not work properly.: 'glib warning', file /build/firefox-144.0/toolkit/xre/nsSigHandlers.cpp:201

(firefox:919466): dconf-CRITICAL **: 15:27:36.308: unable to create file '/run/user/1000/dconf/user': Read-only file system.  dconf will not work properly.
[Parent 919466, Main Thread] WARNING: unable to create file '/run/user/1000/dconf/user': Read-only file system.  dconf will not work properly.: 'glib warning', file /build/firefox-144.0/toolkit/xre/nsSigHandlers.cpp:201

(firefox:919466): dconf-CRITICAL **: 15:27:36.308: unable to create file '/run/user/1000/dconf/user': Read-only file system.  dconf will not work properly.
[Parent 919466, Main Thread] WARNING: unable to create file '/run/user/1000/dconf/user': Read-only file system.  dconf will not work properly.: 'glib warning', file /build/firefox-144.0/toolkit/xre/nsSigHandlers.cpp:201

(firefox:919466): dconf-CRITICAL **: 15:27:36.308: unable to create file '/run/user/1000/dconf/user': Read-only file system.  dconf will not work properly.
[Parent 919466, Main Thread] WARNING: unable to create file '/run/user/1000/dconf/user': Read-only file system.  dconf will not work properly.: 'glib warning', file /build/firefox-144.0/toolkit/xre/nsSigHandlers.cpp:201

(firefox:919466): dconf-CRITICAL **: 15:27:36.309: unable to create file '/run/user/1000/dconf/user': Read-only file system.  dconf will not work properly.
[Parent 919466, Main Thread] WARNING: unable to create file '/run/user/1000/dconf/user': Read-only file system.  dconf will not work properly.: 'glib warning', file /build/firefox-144.0/toolkit/xre/nsSigHandlers.cpp:201

(firefox:919466): dconf-CRITICAL **: 15:27:36.309: unable to create file '/run/user/1000/dconf/user': Read-only file system.  dconf will not work properly.
[Parent 919466, Main Thread] WARNING: unable to create file '/run/user/1000/dconf/user': Read-only file system.  dconf will not work properly.: 'glib warning', file /build/firefox-144.0/toolkit/xre/nsSigHandlers.cpp:201

(firefox:919466): dconf-CRITICAL **: 15:27:36.309: unable to create file '/run/user/1000/dconf/user': Read-only file system.  dconf will not work properly.
[Parent 919466, Main Thread] WARNING: unable to create file '/run/user/1000/dconf/user': Read-only file system.  dconf will not work properly.: 'glib warning', file /build/firefox-144.0/toolkit/xre/nsSigHandlers.cpp:201

(firefox:919466): dconf-CRITICAL **: 15:27:36.310: unable to create file '/run/user/1000/dconf/user': Read-only file system.  dconf will not work properly.
[Parent 919466, Main Thread] WARNING: unable to create file '/run/user/1000/dconf/user': Read-only file system.  dconf will not work properly.: 'glib warning', file /build/firefox-144.0/toolkit/xre/nsSigHandlers.cpp:201

(firefox:919466): dconf-CRITICAL **: 15:27:36.310: unable to create file '/run/user/1000/dconf/user': Read-only file system.  dconf will not work properly.
[Parent 919466, Main Thread] WARNING: unable to create file '/run/user/1000/dconf/user': Read-only file system.  dconf will not work properly.: 'glib warning', file /build/firefox-144.0/toolkit/xre/nsSigHandlers.cpp:201

(firefox:919466): dconf-CRITICAL **: 15:27:36.310: unable to create file '/run/user/1000/dconf/user': Read-only file system.  dconf will not work properly.
[Parent 919466, Main Thread] WARNING: unable to create file '/run/user/1000/dconf/user': Read-only file system.  dconf will not work properly.: 'glib warning', file /build/firefox-144.0/toolkit/xre/nsSigHandlers.cpp:201

(firefox:919466): dconf-CRITICAL **: 15:27:36.310: unable to create file '/run/user/1000/dconf/user': Read-only file system.  dconf will not work properly.
[Parent 919466, Main Thread] WARNING: unable to create file '/run/user/1000/dconf/user': Read-only file system.  dconf will not work properly.: 'glib warning', file /build/firefox-144.0/toolkit/xre/nsSigHandlers.cpp:201

(firefox:919466): dconf-CRITICAL **: 15:27:36.311: unable to create file '/run/user/1000/dconf/user': Read-only file system.  dconf will not work properly.
[Parent 919466, Main Thread] WARNING: unable to create file '/run/user/1000/dconf/user': Read-only file system.  dconf will not work properly.: 'glib warning', file /build/firefox-144.0/toolkit/xre/nsSigHandlers.cpp:201

(firefox:919466): dconf-CRITICAL **: 15:27:36.311: unable to create file '/run/user/1000/dconf/user': Read-only file system.  dconf will not work properly.
[Parent 919466, Main Thread] WARNING: unable to create file '/run/user/1000/dconf/user': Read-only file system.  dconf will not work properly.: 'glib warning', file /build/firefox-144.0/toolkit/xre/nsSigHandlers.cpp:201

(firefox:919466): dconf-CRITICAL **: 15:27:36.311: unable to create file '/run/user/1000/dconf/user': Read-only file system.  dconf will not work properly.
[Parent 919466, Main Thread] WARNING: unable to create file '/run/user/1000/dconf/user': Read-only file system.  dconf will not work properly.: 'glib warning', file /build/firefox-144.0/toolkit/xre/nsSigHandlers.cpp:201

(firefox:919466): dconf-CRITICAL **: 15:27:36.311: unable to create file '/run/user/1000/dconf/user': Read-only file system.  dconf will not work properly.
[Parent 919466, Main Thread] WARNING: unable to create file '/run/user/1000/dconf/user': Read-only file system.  dconf will not work properly.: 'glib warning', file /build/firefox-144.0/toolkit/xre/nsSigHandlers.cpp:201

(firefox:919466): dconf-CRITICAL **: 15:27:36.311: unable to create file '/run/user/1000/dconf/user': Read-only file system.  dconf will not work properly.
[Parent 919466, Main Thread] WARNING: unable to create file '/run/user/1000/dconf/user': Read-only file system.  dconf will not work properly.: 'glib warning', file /build/firefox-144.0/toolkit/xre/nsSigHandlers.cpp:201

(firefox:919466): dconf-CRITICAL **: 15:27:36.311: unable to create file '/run/user/1000/dconf/user': Read-only file system.  dconf will not work properly.
[Parent 919466, Main Thread] WARNING: unable to create file '/run/user/1000/dconf/user': Read-only file system.  dconf will not work properly.: 'glib warning', file /build/firefox-144.0/toolkit/xre/nsSigHandlers.cpp:201

(firefox:919466): dconf-CRITICAL **: 15:27:36.312: unable to create file '/run/user/1000/dconf/user': Read-only file system.  dconf will not work properly.
[Parent 919466, Main Thread] WARNING: unable to create file '/run/user/1000/dconf/user': Read-only file system.  dconf will not work properly.: 'glib warning', file /build/firefox-144.0/toolkit/xre/nsSigHandlers.cpp:201

(firefox:919466): dconf-CRITICAL **: 15:27:36.312: unable to create file '/run/user/1000/dconf/user': Read-only file system.  dconf will not work properly.
console.info: "Registered still-not-active content scripts for littlealchemy2.com" [{id:"webcompat intervention for littlealchemy2.com: {\"js\":[\"bug1287715-littlealchemy2.com-fix-audio-race-condition.js\"]}", matches:["https://littlealchemy2.com/*"], persistAcrossSessions:false, js:["injections/js/bug1287715-littlealchemy2.com-fix-audio-race-condition.js"], runAt:"document_start"}]
[Parent 919466, Main Thread] WARNING: unable to create file '/run/user/1000/dconf/user': Read-only file system.  dconf will not work properly.: 'glib warning', file /build/firefox-144.0/toolkit/xre/nsSigHandlers.cpp:201

(firefox:919466): dconf-CRITICAL **: 15:27:36.396: unable to create file '/run/user/1000/dconf/user': Read-only file system.  dconf will not work properly.
[Parent 919466, Main Thread] WARNING: unable to create file '/run/user/1000/dconf/user': Read-only file system.  dconf will not work properly.: 'glib warning', file /build/firefox-144.0/toolkit/xre/nsSigHandlers.cpp:201

(firefox:919466): dconf-CRITICAL **: 15:27:36.396: unable to create file '/run/user/1000/dconf/user': Read-only file system.  dconf will not work properly.
[Parent 919466, Main Thread] WARNING: unable to create file '/run/user/1000/dconf/user': Read-only file system.  dconf will not work properly.: 'glib warning', file /build/firefox-144.0/toolkit/xre/nsSigHandlers.cpp:201

(firefox:919466): dconf-CRITICAL **: 15:27:36.397: unable to create file '/run/user/1000/dconf/user': Read-only file system.  dconf will not work properly.
[Parent 919466, Main Thread] WARNING: unable to create file '/run/user/1000/dconf/user': Read-only file system.  dconf will not work properly.: 'glib warning', file /build/firefox-144.0/toolkit/xre/nsSigHandlers.cpp:201

(firefox:919466): dconf-CRITICAL **: 15:27:36.397: unable to create file '/run/user/1000/dconf/user': Read-only file system.  dconf will not work properly.
console.info: "Registered still-not-active content scripts for histography.io" [{id:"webcompat intervention for histography.io: {\"js\":[\"bug1457335-histography.io-ua-change.js\"]}", matches:["*://histography.io/*"], persistAcrossSessions:false, js:["injections/js/bug1457335-histography.io-ua-change.js"], runAt:"document_start"}]
[Parent 919466, Main Thread] WARNING: unable to create file '/run/user/1000/dconf/user': Read-only file system.  dconf will not work properly.: 'glib warning', file /build/firefox-144.0/toolkit/xre/nsSigHandlers.cpp:201

(firefox:919466): dconf-CRITICAL **: 15:27:36.441: unable to create file '/run/user/1000/dconf/user': Read-only file system.  dconf will not work properly.
[Parent 919466, Main Thread] WARNING: unable to create file '/run/user/1000/dconf/user': Read-only file system.  dconf will not work properly.: 'glib warning', file /build/firefox-144.0/toolkit/xre/nsSigHandlers.cpp:201

(firefox:919466): dconf-CRITICAL **: 15:27:36.441: unable to create file '/run/user/1000/dconf/user': Read-only file system.  dconf will not work properly.
[Parent 919466, Main Thread] WARNING: unable to create file '/run/user/1000/dconf/user': Read-only file system.  dconf will not work properly.: 'glib warning', file /build/firefox-144.0/toolkit/xre/nsSigHandlers.cpp:201

(firefox:919466): dconf-CRITICAL **: 15:27:36.445: unable to create file '/run/user/1000/dconf/user': Read-only file system.  dconf will not work properly.
[Parent 919466, Main Thread] WARNING: unable to create file '/run/user/1000/dconf/user': Read-only file system.  dconf will not work properly.: 'glib warning', file /build/firefox-144.0/toolkit/xre/nsSigHandlers.cpp:201

(firefox:919466): dconf-CRITICAL **: 15:27:36.445: unable to create file '/run/user/1000/dconf/user': Read-only file system.  dconf will not work properly.
[Parent 919466, Main Thread] WARNING: unable to create file '/run/user/1000/dconf/user': Read-only file system.  dconf will not work properly.: 'glib warning', file /build/firefox-144.0/toolkit/xre/nsSigHandlers.cpp:201

(firefox:919466): dconf-CRITICAL **: 15:27:36.447: unable to create file '/run/user/1000/dconf/user': Read-only file system.  dconf will not work properly.
[Parent 919466, Main Thread] WARNING: unable to create file '/run/user/1000/dconf/user': Read-only file system.  dconf will not work properly.: 'glib warning', file /build/firefox-144.0/toolkit/xre/nsSigHandlers.cpp:201

(firefox:919466): dconf-CRITICAL **: 15:27:36.447: unable to create file '/run/user/1000/dconf/user': Read-only file system.  dconf will not work properly.
console.info: "Registered still-not-active content scripts for ipstack.com" [{id:"webcompat intervention for ipstack.com: {\"css\":[\"bug1458885-ipstack.com-fix-line-break-on-button.css\"]}", matches:["*://ipstack.com/*"], persistAcrossSessions:false, css:["injections/css/bug1458885-ipstack.com-fix-line-break-on-button.css"], runAt:"document_start"}]
[Parent 919466, Main Thread] WARNING: unable to create file '/run/user/1000/dconf/user': Read-only file system.  dconf will not work properly.: 'glib warning', file /build/firefox-144.0/toolkit/xre/nsSigHandlers.cpp:201

(firefox:919466): dconf-CRITICAL **: 15:27:36.459: unable to create file '/run/user/1000/dconf/user': Read-only file system.  dconf will not work properly.
[Parent 919466, Main Thread] WARNING: unable to create file '/run/user/1000/dconf/user': Read-only file system.  dconf will not work properly.: 'glib warning', file /build/firefox-144.0/toolkit/xre/nsSigHandlers.cpp:201

(firefox:919466): dconf-CRITICAL **: 15:27:36.459: unable to create file '/run/user/1000/dconf/user': Read-only file system.  dconf will not work properly.
[Parent 919466, Main Thread] WARNING: unable to create file '/run/user/1000/dconf/user': Read-only file system.  dconf will not work properly.: 'glib warning', file /build/firefox-144.0/toolkit/xre/nsSigHandlers.cpp:201

(firefox:919466): dconf-CRITICAL **: 15:27:36.473: unable to create file '/run/user/1000/dconf/user': Read-only file system.  dconf will not work properly.
[Parent 919466, Main Thread] WARNING: unable to create file '/run/user/1000/dconf/user': Read-only file system.  dconf will not work properly.: 'glib warning', file /build/firefox-144.0/toolkit/xre/nsSigHandlers.cpp:201

(firefox:919466): dconf-CRITICAL **: 15:27:36.474: unable to create file '/run/user/1000/dconf/user': Read-only file system.  dconf will not work properly.
[Parent 919466, Main Thread] WARNING: unable to create file '/run/user/1000/dconf/user': Read-only file system.  dconf will not work properly.: 'glib warning', file /build/firefox-144.0/toolkit/xre/nsSigHandlers.cpp:201

(firefox:919466): dconf-CRITICAL **: 15:27:36.502: unable to create file '/run/user/1000/dconf/user': Read-only file system.  dconf will not work properly.
[Parent 919466, Main Thread] WARNING: unable to create file '/run/user/1000/dconf/user': Read-only file system.  dconf will not work properly.: 'glib warning', file /build/firefox-144.0/toolkit/xre/nsSigHandlers.cpp:201

(firefox:919466): dconf-CRITICAL **: 15:27:36.502: unable to create file '/run/user/1000/dconf/user': Read-only file system.  dconf will not work properly.
[Parent 919466, Main Thread] WARNING: unable to create file '/run/user/1000/dconf/user': Read-only file system.  dconf will not work properly.: 'glib warning', file /build/firefox-144.0/toolkit/xre/nsSigHandlers.cpp:201

(firefox:919466): dconf-CRITICAL **: 15:27:36.513: unable to create file '/run/user/1000/dconf/user': Read-only file system.  dconf will not work properly.
[Parent 919466, Main Thread] WARNING: unable to create file '/run/user/1000/dconf/user': Read-only file system.  dconf will not work properly.: 'glib warning', file /build/firefox-144.0/toolkit/xre/nsSigHandlers.cpp:201

(firefox:919466): dconf-CRITICAL **: 15:27:36.513: unable to create file '/run/user/1000/dconf/user': Read-only file system.  dconf will not work properly.
[Parent 919466, Main Thread] WARNING: unable to create file '/run/user/1000/dconf/user': Read-only file system.  dconf will not work properly.: 'glib warning', file /build/firefox-144.0/toolkit/xre/nsSigHandlers.cpp:201

(firefox:919466): dconf-CRITICAL **: 15:27:36.514: unable to create file '/run/user/1000/dconf/user': Read-only file system.  dconf will not work properly.
[Parent 919466, Main Thread] WARNING: unable to create file '/run/user/1000/dconf/user': Read-only file system.  dconf will not work properly.: 'glib warning', file /build/firefox-144.0/toolkit/xre/nsSigHandlers.cpp:201

(firefox:919466): dconf-CRITICAL **: 15:27:36.514: unable to create file '/run/user/1000/dconf/user': Read-only file system.  dconf will not work properly.
[Parent 919466, Main Thread] WARNING: unable to create file '/run/user/1000/dconf/user': Read-only file system.  dconf will not work properly.: 'glib warning', file /build/firefox-144.0/toolkit/xre/nsSigHandlers.cpp:201

(firefox:919466): dconf-CRITICAL **: 15:27:36.515: unable to create file '/run/user/1000/dconf/user': Read-only file system.  dconf will not work properly.
[Parent 919466, Main Thread] WARNING: unable to create file '/run/user/1000/dconf/user': Read-only file system.  dconf will not work properly.: 'glib warning', file /build/firefox-144.0/toolkit/xre/nsSigHandlers.cpp:201

(firefox:919466): dconf-CRITICAL **: 15:27:36.515: unable to create file '/run/user/1000/dconf/user': Read-only file system.  dconf will not work properly.
[Parent 919466, Main Thread] WARNING: unable to create file '/run/user/1000/dconf/user': Read-only file system.  dconf will not work properly.: 'glib warning', file /build/firefox-144.0/toolkit/xre/nsSigHandlers.cpp:201

(firefox:919466): dconf-CRITICAL **: 15:27:36.515: unable to create file '/run/user/1000/dconf/user': Read-only file system.  dconf will not work properly.
[Parent 919466, Main Thread] WARNING: unable to create file '/run/user/1000/dconf/user': Read-only file system.  dconf will not work properly.: 'glib warning', file /build/firefox-144.0/toolkit/xre/nsSigHandlers.cpp:201

(firefox:919466): dconf-CRITICAL **: 15:27:36.515: unable to create file '/run/user/1000/dconf/user': Read-only file system.  dconf will not work properly.
[Parent 919466, Main Thread] WARNING: unable to create file '/run/user/1000/dconf/user': Read-only file system.  dconf will not work properly.: 'glib warning', file /build/firefox-144.0/toolkit/xre/nsSigHandlers.cpp:201

(firefox:919466): dconf-CRITICAL **: 15:27:36.516: unable to create file '/run/user/1000/dconf/user': Read-only file system.  dconf will not work properly.
[Parent 919466, Main Thread] WARNING: unable to create file '/run/user/1000/dconf/user': Read-only file system.  dconf will not work properly.: 'glib warning', file /build/firefox-144.0/toolkit/xre/nsSigHandlers.cpp:201

(firefox:919466): dconf-CRITICAL **: 15:27:36.516: unable to create file '/run/user/1000/dconf/user': Read-only file system.  dconf will not work properly.
[Parent 919466, Main Thread] WARNING: unable to create file '/run/user/1000/dconf/user': Read-only file system.  dconf will not work properly.: 'glib warning', file /build/firefox-144.0/toolkit/xre/nsSigHandlers.cpp:201

(firefox:919466): dconf-CRITICAL **: 15:27:36.517: unable to create file '/run/user/1000/dconf/user': Read-only file system.  dconf will not work properly.
[Parent 919466, Main Thread] WARNING: unable to create file '/run/user/1000/dconf/user': Read-only file system.  dconf will not work properly.: 'glib warning', file /build/firefox-144.0/toolkit/xre/nsSigHandlers.cpp:201

(firefox:919466): dconf-CRITICAL **: 15:27:36.517: unable to create file '/run/user/1000/dconf/user': Read-only file system.  dconf will not work properly.
[Parent 919466, Main Thread] WARNING: unable to create file '/run/user/1000/dconf/user': Read-only file system.  dconf will not work properly.: 'glib warning', file /build/firefox-144.0/toolkit/xre/nsSigHandlers.cpp:201

(firefox:919466): dconf-CRITICAL **: 15:27:36.518: unable to create file '/run/user/1000/dconf/user': Read-only file system.  dconf will not work properly.
[Parent 919466, Main Thread] WARNING: unable to create file '/run/user/1000/dconf/user': Read-only file system.  dconf will not work properly.: 'glib warning', file /build/firefox-144.0/toolkit/xre/nsSigHandlers.cpp:201

(firefox:919466): dconf-CRITICAL **: 15:27:36.518: unable to create file '/run/user/1000/dconf/user': Read-only file system.  dconf will not work properly.
[Parent 919466, Main Thread] WARNING: unable to create file '/run/user/1000/dconf/user': Read-only file system.  dconf will not work properly.: 'glib warning', file /build/firefox-144.0/toolkit/xre/nsSigHandlers.cpp:201

(firefox:919466): dconf-CRITICAL **: 15:27:36.519: unable to create file '/run/user/1000/dconf/user': Read-only file system.  dconf will not work properly.
[Parent 919466, Main Thread] WARNING: unable to create file '/run/user/1000/dconf/user': Read-only file system.  dconf will not work properly.: 'glib warning', file /build/firefox-144.0/toolkit/xre/nsSigHandlers.cpp:201

(firefox:919466): dconf-CRITICAL **: 15:27:36.519: unable to create file '/run/user/1000/dconf/user': Read-only file system.  dconf will not work properly.
[Parent 919466, Main Thread] WARNING: unable to create file '/run/user/1000/dconf/user': Read-only file system.  dconf will not work properly.: 'glib warning', file /build/firefox-144.0/toolkit/xre/nsSigHandlers.cpp:201

(firefox:919466): dconf-CRITICAL **: 15:27:36.520: unable to create file '/run/user/1000/dconf/user': Read-only file system.  dconf will not work properly.
[Parent 919466, Main Thread] WARNING: unable to create file '/run/user/1000/dconf/user': Read-only file system.  dconf will not work properly.: 'glib warning', file /build/firefox-144.0/toolkit/xre/nsSigHandlers.cpp:201

(firefox:919466): dconf-CRITICAL **: 15:27:36.520: unable to create file '/run/user/1000/dconf/user': Read-only file system.  dconf will not work properly.
[Parent 919466, Main Thread] WARNING: unable to create file '/run/user/1000/dconf/user': Read-only file system.  dconf will not work properly.: 'glib warning', file /build/firefox-144.0/toolkit/xre/nsSigHandlers.cpp:201

(firefox:919466): dconf-CRITICAL **: 15:27:36.521: unable to create file '/run/user/1000/dconf/user': Read-only file system.  dconf will not work properly.
[Parent 919466, Main Thread] WARNING: unable to create file '/run/user/1000/dconf/user': Read-only file system.  dconf will not work properly.: 'glib warning', file /build/firefox-144.0/toolkit/xre/nsSigHandlers.cpp:201

(firefox:919466): dconf-CRITICAL **: 15:27:36.521: unable to create file '/run/user/1000/dconf/user': Read-only file system.  dconf will not work properly.
[Parent 919466, Main Thread] WARNING: unable to create file '/run/user/1000/dconf/user': Read-only file system.  dconf will not work properly.: 'glib warning', file /build/firefox-144.0/toolkit/xre/nsSigHandlers.cpp:201

(firefox:919466): dconf-CRITICAL **: 15:27:36.521: unable to create file '/run/user/1000/dconf/user': Read-only file system.  dconf will not work properly.
[Parent 919466, Main Thread] WARNING: unable to create file '/run/user/1000/dconf/user': Read-only file system.  dconf will not work properly.: 'glib warning', file /build/firefox-144.0/toolkit/xre/nsSigHandlers.cpp:201

(firefox:919466): dconf-CRITICAL **: 15:27:36.521: unable to create file '/run/user/1000/dconf/user': Read-only file system.  dconf will not work properly.
[Parent 919466, Main Thread] WARNING: unable to create file '/run/user/1000/dconf/user': Read-only file system.  dconf will not work properly.: 'glib warning', file /build/firefox-144.0/toolkit/xre/nsSigHandlers.cpp:201

(firefox:919466): dconf-CRITICAL **: 15:27:36.522: unable to create file '/run/user/1000/dconf/user': Read-only file system.  dconf will not work properly.
[Parent 919466, Main Thread] WARNING: unable to create file '/run/user/1000/dconf/user': Read-only file system.  dconf will not work properly.: 'glib warning', file /build/firefox-144.0/toolkit/xre/nsSigHandlers.cpp:201

(firefox:919466): dconf-CRITICAL **: 15:27:36.523: unable to create file '/run/user/1000/dconf/user': Read-only file system.  dconf will not work properly.
[Parent 919466, Main Thread] WARNING: unable to create file '/run/user/1000/dconf/user': Read-only file system.  dconf will not work properly.: 'glib warning', file /build/firefox-144.0/toolkit/xre/nsSigHandlers.cpp:201

(firefox:919466): dconf-CRITICAL **: 15:27:36.523: unable to create file '/run/user/1000/dconf/user': Read-only file system.  dconf will not work properly.
[Parent 919466, Main Thread] WARNING: unable to create file '/run/user/1000/dconf/user': Read-only file system.  dconf will not work properly.: 'glib warning', file /build/firefox-144.0/toolkit/xre/nsSigHandlers.cpp:201

(firefox:919466): dconf-CRITICAL **: 15:27:36.523: unable to create file '/run/user/1000/dconf/user': Read-only file system.  dconf will not work properly.
[Parent 919466, Main Thread] WARNING: unable to create file '/run/user/1000/dconf/user': Read-only file system.  dconf will not work properly.: 'glib warning', file /build/firefox-144.0/toolkit/xre/nsSigHandlers.cpp:201

(firefox:919466): dconf-CRITICAL **: 15:27:36.524: unable to create file '/run/user/1000/dconf/user': Read-only file system.  dconf will not work properly.
[Parent 919466, Main Thread] WARNING: unable to create file '/run/user/1000/dconf/user': Read-only file system.  dconf will not work properly.: 'glib warning', file /build/firefox-144.0/toolkit/xre/nsSigHandlers.cpp:201

(firefox:919466): dconf-CRITICAL **: 15:27:36.524: unable to create file '/run/user/1000/dconf/user': Read-only file system.  dconf will not work properly.
[Parent 919466, Main Thread] WARNING: unable to create file '/run/user/1000/dconf/user': Read-only file system.  dconf will not work properly.: 'glib warning', file /build/firefox-144.0/toolkit/xre/nsSigHandlers.cpp:201

(firefox:919466): dconf-CRITICAL **: 15:27:36.524: unable to create file '/run/user/1000/dconf/user': Read-only file system.  dconf will not work properly.
[Parent 919466, Main Thread] WARNING: unable to create file '/run/user/1000/dconf/user': Read-only file system.  dconf will not work properly.: 'glib warning', file /build/firefox-144.0/toolkit/xre/nsSigHandlers.cpp:201

(firefox:919466): dconf-CRITICAL **: 15:27:36.524: unable to create file '/run/user/1000/dconf/user': Read-only file system.  dconf will not work properly.
[Parent 919466, Main Thread] WARNING: unable to create file '/run/user/1000/dconf/user': Read-only file system.  dconf will not work properly.: 'glib warning', file /build/firefox-144.0/toolkit/xre/nsSigHandlers.cpp:201

(firefox:919466): dconf-CRITICAL **: 15:27:36.525: unable to create file '/run/user/1000/dconf/user': Read-only file system.  dconf will not work properly.
[Parent 919466, Main Thread] WARNING: unable to create file '/run/user/1000/dconf/user': Read-only file system.  dconf will not work properly.: 'glib warning', file /build/firefox-144.0/toolkit/xre/nsSigHandlers.cpp:201

(firefox:919466): dconf-CRITICAL **: 15:27:36.525: unable to create file '/run/user/1000/dconf/user': Read-only file system.  dconf will not work properly.
[Parent 919466, Main Thread] WARNING: unable to create file '/run/user/1000/dconf/user': Read-only file system.  dconf will not work properly.: 'glib warning', file /build/firefox-144.0/toolkit/xre/nsSigHandlers.cpp:201

(firefox:919466): dconf-CRITICAL **: 15:27:36.525: unable to create file '/run/user/1000/dconf/user': Read-only file system.  dconf will not work properly.
[Parent 919466, Main Thread] WARNING: unable to create file '/run/user/1000/dconf/user': Read-only file system.  dconf will not work properly.: 'glib warning', file /build/firefox-144.0/toolkit/xre/nsSigHandlers.cpp:201

(firefox:919466): dconf-CRITICAL **: 15:27:36.525: unable to create file '/run/user/1000/dconf/user': Read-only file system.  dconf will not work properly.
[Parent 919466, Main Thread] WARNING: unable to create file '/run/user/1000/dconf/user': Read-only file system.  dconf will not work properly.: 'glib warning', file /build/firefox-144.0/toolkit/xre/nsSigHandlers.cpp:201

(firefox:919466): dconf-CRITICAL **: 15:27:36.526: unable to create file '/run/user/1000/dconf/user': Read-only file system.  dconf will not work properly.
[Parent 919466, Main Thread] WARNING: unable to create file '/run/user/1000/dconf/user': Read-only file system.  dconf will not work properly.: 'glib warning', file /build/firefox-144.0/toolkit/xre/nsSigHandlers.cpp:201

(firefox:919466): dconf-CRITICAL **: 15:27:36.526: unable to create file '/run/user/1000/dconf/user': Read-only file system.  dconf will not work properly.
[Parent 919466, Main Thread] WARNING: unable to create file '/run/user/1000/dconf/user': Read-only file system.  dconf will not work properly.: 'glib warning', file /build/firefox-144.0/toolkit/xre/nsSigHandlers.cpp:201

(firefox:919466): dconf-CRITICAL **: 15:27:36.529: unable to create file '/run/user/1000/dconf/user': Read-only file system.  dconf will not work properly.
[Parent 919466, Main Thread] WARNING: unable to create file '/run/user/1000/dconf/user': Read-only file system.  dconf will not work properly.: 'glib warning', file /build/firefox-144.0/toolkit/xre/nsSigHandlers.cpp:201

(firefox:919466): dconf-CRITICAL **: 15:27:36.529: unable to create file '/run/user/1000/dconf/user': Read-only file system.  dconf will not work properly.
[Parent 919466, Main Thread] WARNING: unable to create file '/run/user/1000/dconf/user': Read-only file system.  dconf will not work properly.: 'glib warning', file /build/firefox-144.0/toolkit/xre/nsSigHandlers.cpp:201

(firefox:919466): dconf-CRITICAL **: 15:27:36.530: unable to create file '/run/user/1000/dconf/user': Read-only file system.  dconf will not work properly.
[Parent 919466, Main Thread] WARNING: unable to create file '/run/user/1000/dconf/user': Read-only file system.  dconf will not work properly.: 'glib warning', file /build/firefox-144.0/toolkit/xre/nsSigHandlers.cpp:201

(firefox:919466): dconf-CRITICAL **: 15:27:36.530: unable to create file '/run/user/1000/dconf/user': Read-only file system.  dconf will not work properly.
[Parent 919466, Main Thread] WARNING: unable to create file '/run/user/1000/dconf/user': Read-only file system.  dconf will not work properly.: 'glib warning', file /build/firefox-144.0/toolkit/xre/nsSigHandlers.cpp:201

(firefox:919466): dconf-CRITICAL **: 15:27:36.530: unable to create file '/run/user/1000/dconf/user': Read-only file system.  dconf will not work properly.
[Parent 919466, Main Thread] WARNING: unable to create file '/run/user/1000/dconf/user': Read-only file system.  dconf will not work properly.: 'glib warning', file /build/firefox-144.0/toolkit/xre/nsSigHandlers.cpp:201

(firefox:919466): dconf-CRITICAL **: 15:27:36.531: unable to create file '/run/user/1000/dconf/user': Read-only file system.  dconf will not work properly.
[Parent 919466, Main Thread] WARNING: unable to create file '/run/user/1000/dconf/user': Read-only file system.  dconf will not work properly.: 'glib warning', file /build/firefox-144.0/toolkit/xre/nsSigHandlers.cpp:201

(firefox:919466): dconf-CRITICAL **: 15:27:36.531: unable to create file '/run/user/1000/dconf/user': Read-only file system.  dconf will not work properly.
[Parent 919466, Main Thread] WARNING: unable to create file '/run/user/1000/dconf/user': Read-only file system.  dconf will not work properly.: 'glib warning', file /build/firefox-144.0/toolkit/xre/nsSigHandlers.cpp:201

(firefox:919466): dconf-CRITICAL **: 15:27:36.531: unable to create file '/run/user/1000/dconf/user': Read-only file system.  dconf will not work properly.
[Parent 919466, Main Thread] WARNING: unable to create file '/run/user/1000/dconf/user': Read-only file system.  dconf will not work properly.: 'glib warning', file /build/firefox-144.0/toolkit/xre/nsSigHandlers.cpp:201

(firefox:919466): dconf-CRITICAL **: 15:27:36.531: unable to create file '/run/user/1000/dconf/user': Read-only file system.  dconf will not work properly.
[Parent 919466, Main Thread] WARNING: unable to create file '/run/user/1000/dconf/user': Read-only file system.  dconf will not work properly.: 'glib warning', file /build/firefox-144.0/toolkit/xre/nsSigHandlers.cpp:201

(firefox:919466): dconf-CRITICAL **: 15:27:36.531: unable to create file '/run/user/1000/dconf/user': Read-only file system.  dconf will not work properly.
[Parent 919466, Main Thread] WARNING: unable to create file '/run/user/1000/dconf/user': Read-only file system.  dconf will not work properly.: 'glib warning', file /build/firefox-144.0/toolkit/xre/nsSigHandlers.cpp:201

(firefox:919466): dconf-CRITICAL **: 15:27:36.531: unable to create file '/run/user/1000/dconf/user': Read-only file system.  dconf will not work properly.
[Parent 919466, Main Thread] WARNING: unable to create file '/run/user/1000/dconf/user': Read-only file system.  dconf will not work properly.: 'glib warning', file /build/firefox-144.0/toolkit/xre/nsSigHandlers.cpp:201

(firefox:919466): dconf-CRITICAL **: 15:27:36.532: unable to create file '/run/user/1000/dconf/user': Read-only file system.  dconf will not work properly.
[Parent 919466, Main Thread] WARNING: unable to create file '/run/user/1000/dconf/user': Read-only file system.  dconf will not work properly.: 'glib warning', file /build/firefox-144.0/toolkit/xre/nsSigHandlers.cpp:201

(firefox:919466): dconf-CRITICAL **: 15:27:36.532: unable to create file '/run/user/1000/dconf/user': Read-only file system.  dconf will not work properly.
[Parent 919466, Main Thread] WARNING: unable to create file '/run/user/1000/dconf/user': Read-only file system.  dconf will not work properly.: 'glib warning', file /build/firefox-144.0/toolkit/xre/nsSigHandlers.cpp:201

(firefox:919466): dconf-CRITICAL **: 15:27:36.532: unable to create file '/run/user/1000/dconf/user': Read-only file system.  dconf will not work properly.
[Parent 919466, Main Thread] WARNING: unable to create file '/run/user/1000/dconf/user': Read-only file system.  dconf will not work properly.: 'glib warning', file /build/firefox-144.0/toolkit/xre/nsSigHandlers.cpp:201

(firefox:919466): dconf-CRITICAL **: 15:27:36.532: unable to create file '/run/user/1000/dconf/user': Read-only file system.  dconf will not work properly.
[Parent 919466, Main Thread] WARNING: unable to create file '/run/user/1000/dconf/user': Read-only file system.  dconf will not work properly.: 'glib warning', file /build/firefox-144.0/toolkit/xre/nsSigHandlers.cpp:201

(firefox:919466): dconf-CRITICAL **: 15:27:36.532: unable to create file '/run/user/1000/dconf/user': Read-only file system.  dconf will not work properly.
[Parent 919466, Main Thread] WARNING: unable to create file '/run/user/1000/dconf/user': Read-only file system.  dconf will not work properly.: 'glib warning', file /build/firefox-144.0/toolkit/xre/nsSigHandlers.cpp:201

(firefox:919466): dconf-CRITICAL **: 15:27:36.533: unable to create file '/run/user/1000/dconf/user': Read-only file system.  dconf will not work properly.
[Parent 919466, Main Thread] WARNING: unable to create file '/run/user/1000/dconf/user': Read-only file system.  dconf will not work properly.: 'glib warning', file /build/firefox-144.0/toolkit/xre/nsSigHandlers.cpp:201

(firefox:919466): dconf-CRITICAL **: 15:27:36.533: unable to create file '/run/user/1000/dconf/user': Read-only file system.  dconf will not work properly.
[Parent 919466, Main Thread] WARNING: unable to create file '/run/user/1000/dconf/user': Read-only file system.  dconf will not work properly.: 'glib warning', file /build/firefox-144.0/toolkit/xre/nsSigHandlers.cpp:201

(firefox:919466): dconf-CRITICAL **: 15:27:36.533: unable to create file '/run/user/1000/dconf/user': Read-only file system.  dconf will not work properly.
[Parent 919466, Main Thread] WARNING: unable to create file '/run/user/1000/dconf/user': Read-only file system.  dconf will not work properly.: 'glib warning', file /build/firefox-144.0/toolkit/xre/nsSigHandlers.cpp:201

(firefox:919466): dconf-CRITICAL **: 15:27:36.533: unable to create file '/run/user/1000/dconf/user': Read-only file system.  dconf will not work properly.
[Parent 919466, Main Thread] WARNING: unable to create file '/run/user/1000/dconf/user': Read-only file system.  dconf will not work properly.: 'glib warning', file /build/firefox-144.0/toolkit/xre/nsSigHandlers.cpp:201

(firefox:919466): dconf-CRITICAL **: 15:27:36.533: unable to create file '/run/user/1000/dconf/user': Read-only file system.  dconf will not work properly.
[Parent 919466, Main Thread] WARNING: unable to create file '/run/user/1000/dconf/user': Read-only file system.  dconf will not work properly.: 'glib warning', file /build/firefox-144.0/toolkit/xre/nsSigHandlers.cpp:201

(firefox:919466): dconf-CRITICAL **: 15:27:36.533: unable to create file '/run/user/1000/dconf/user': Read-only file system.  dconf will not work properly.
[Parent 919466, Main Thread] WARNING: unable to create file '/run/user/1000/dconf/user': Read-only file system.  dconf will not work properly.: 'glib warning', file /build/firefox-144.0/toolkit/xre/nsSigHandlers.cpp:201

(firefox:919466): dconf-CRITICAL **: 15:27:36.534: unable to create file '/run/user/1000/dconf/user': Read-only file system.  dconf will not work properly.
[Parent 919466, Main Thread] WARNING: unable to create file '/run/user/1000/dconf/user': Read-only file system.  dconf will not work properly.: 'glib warning', file /build/firefox-144.0/toolkit/xre/nsSigHandlers.cpp:201

(firefox:919466): dconf-CRITICAL **: 15:27:36.534: unable to create file '/run/user/1000/dconf/user': Read-only file system.  dconf will not work properly.
[Parent 919466, Main Thread] WARNING: unable to create file '/run/user/1000/dconf/user': Read-only file system.  dconf will not work properly.: 'glib warning', file /build/firefox-144.0/toolkit/xre/nsSigHandlers.cpp:201

(firefox:919466): dconf-CRITICAL **: 15:27:36.534: unable to create file '/run/user/1000/dconf/user': Read-only file system.  dconf will not work properly.
[Parent 919466, Main Thread] WARNING: unable to create file '/run/user/1000/dconf/user': Read-only file system.  dconf will not work properly.: 'glib warning', file /build/firefox-144.0/toolkit/xre/nsSigHandlers.cpp:201

(firefox:919466): dconf-CRITICAL **: 15:27:36.534: unable to create file '/run/user/1000/dconf/user': Read-only file system.  dconf will not work properly.
[Parent 919466, Main Thread] WARNING: unable to create file '/run/user/1000/dconf/user': Read-only file system.  dconf will not work properly.: 'glib warning', file /build/firefox-144.0/toolkit/xre/nsSigHandlers.cpp:201

(firefox:919466): dconf-CRITICAL **: 15:27:36.534: unable to create file '/run/user/1000/dconf/user': Read-only file system.  dconf will not work properly.
[Parent 919466, Main Thread] WARNING: unable to create file '/run/user/1000/dconf/user': Read-only file system.  dconf will not work properly.: 'glib warning', file /build/firefox-144.0/toolkit/xre/nsSigHandlers.cpp:201

(firefox:919466): dconf-CRITICAL **: 15:27:36.534: unable to create file '/run/user/1000/dconf/user': Read-only file system.  dconf will not work properly.
[Parent 919466, Main Thread] WARNING: unable to create file '/run/user/1000/dconf/user': Read-only file system.  dconf will not work properly.: 'glib warning', file /build/firefox-144.0/toolkit/xre/nsSigHandlers.cpp:201

(firefox:919466): dconf-CRITICAL **: 15:27:36.535: unable to create file '/run/user/1000/dconf/user': Read-only file system.  dconf will not work properly.
[Parent 919466, Main Thread] WARNING: unable to create file '/run/user/1000/dconf/user': Read-only file system.  dconf will not work properly.: 'glib warning', file /build/firefox-144.0/toolkit/xre/nsSigHandlers.cpp:201

(firefox:919466): dconf-CRITICAL **: 15:27:36.535: unable to create file '/run/user/1000/dconf/user': Read-only file system.  dconf will not work properly.
[Parent 919466, Main Thread] WARNING: unable to create file '/run/user/1000/dconf/user': Read-only file system.  dconf will not work properly.: 'glib warning', file /build/firefox-144.0/toolkit/xre/nsSigHandlers.cpp:201

(firefox:919466): dconf-CRITICAL **: 15:27:36.535: unable to create file '/run/user/1000/dconf/user': Read-only file system.  dconf will not work properly.
[Parent 919466, Main Thread] WARNING: unable to create file '/run/user/1000/dconf/user': Read-only file system.  dconf will not work properly.: 'glib warning', file /build/firefox-144.0/toolkit/xre/nsSigHandlers.cpp:201

(firefox:919466): dconf-CRITICAL **: 15:27:36.535: unable to create file '/run/user/1000/dconf/user': Read-only file system.  dconf will not work properly.
console.info: "Registered still-not-active content scripts for bankofamerica.com" [{id:"webcompat intervention for bankofamerica.com: {\"js\":[\"bug1472075-bankofamerica.com-ua-change.js\"]}", matches:["*://*.bankofamerica.com/*", "*://*.ml.com/*"], persistAcrossSessions:false, js:["injections/js/bug1472075-bankofamerica.com-ua-change.js"], runAt:"document_start"}]
console.warn: "[web-runtime] connection lost, retry #1"
console.info: "Enabled UA override for steamcommunity.com"
[Parent 919466, Main Thread] WARNING: unable to create file '/run/user/1000/dconf/user': Read-only file system.  dconf will not work properly.: 'glib warning', file /build/firefox-144.0/toolkit/xre/nsSigHandlers.cpp:201

(firefox:919466): dconf-CRITICAL **: 15:27:36.541: unable to create file '/run/user/1000/dconf/user': Read-only file system.  dconf will not work properly.
[Parent 919466, Main Thread] WARNING: unable to create file '/run/user/1000/dconf/user': Read-only file system.  dconf will not work properly.: 'glib warning', file /build/firefox-144.0/toolkit/xre/nsSigHandlers.cpp:201

(firefox:919466): dconf-CRITICAL **: 15:27:36.541: unable to create file '/run/user/1000/dconf/user': Read-only file system.  dconf will not work properly.
[Parent 919466, Main Thread] WARNING: unable to create file '/run/user/1000/dconf/user': Read-only file system.  dconf will not work properly.: 'glib warning', file /build/firefox-144.0/toolkit/xre/nsSigHandlers.cpp:201

(firefox:919466): dconf-CRITICAL **: 15:27:36.542: unable to create file '/run/user/1000/dconf/user': Read-only file system.  dconf will not work properly.
[Parent 919466, Main Thread] WARNING: unable to create file '/run/user/1000/dconf/user': Read-only file system.  dconf will not work properly.: 'glib warning', file /build/firefox-144.0/toolkit/xre/nsSigHandlers.cpp:201

(firefox:919466): dconf-CRITICAL **: 15:27:36.543: unable to create file '/run/user/1000/dconf/user': Read-only file system.  dconf will not work properly.
console.info: "Registered still-not-active content scripts for apply.lloydsbank.co.uk" [{id:"webcompat intervention for apply.lloydsbank.co.uk: {\"css\":[\"bug1575000-apply.lloydsbank.co.uk-radio-buttons-fix.css\"]}", matches:["*://apply.lloydsbank.co.uk/*"], persistAcrossSessions:false, css:["injections/css/bug1575000-apply.lloydsbank.co.uk-radio-buttons-fix.css"], runAt:"document_start"}]
console.info: "Enabled UA override for directv.com"
console.info: "Enabled UA override for watch.sling.com"
console.info: "Enabled UA override for www.mobilesuica.com"
[Parent 919466, Main Thread] WARNING: unable to create file '/run/user/1000/dconf/user': Read-only file system.  dconf will not work properly.: 'glib warning', file /build/firefox-144.0/toolkit/xre/nsSigHandlers.cpp:201

(firefox:919466): dconf-CRITICAL **: 15:27:36.573: unable to create file '/run/user/1000/dconf/user': Read-only file system.  dconf will not work properly.
[Parent 919466, Main Thread] WARNING: unable to create file '/run/user/1000/dconf/user': Read-only file system.  dconf will not work properly.: 'glib warning', file /build/firefox-144.0/toolkit/xre/nsSigHandlers.cpp:201

(firefox:919466): dconf-CRITICAL **: 15:27:36.573: unable to create file '/run/user/1000/dconf/user': Read-only file system.  dconf will not work properly.
console.info: "Registered still-not-active content scripts for directv.com.co" [{id:"webcompat intervention for directv.com.co: {\"css\":[\"bug1610344-directv.com.co-hide-unsupported-message.css\"]}", matches:["https://*.directv.com.co/*", "https://*.directv.com.ec/*"], persistAcrossSessions:false, css:["injections/css/bug1610344-directv.com.co-hide-unsupported-message.css"], runAt:"document_start"}]
[Parent 919466, Main Thread] WARNING: unable to create file '/run/user/1000/dconf/user': Read-only file system.  dconf will not work properly.: 'glib warning', file /build/firefox-144.0/toolkit/xre/nsSigHandlers.cpp:201

(firefox:919466): dconf-CRITICAL **: 15:27:36.673: unable to create file '/run/user/1000/dconf/user': Read-only file system.  dconf will not work properly.
[Parent 919466, Main Thread] WARNING: unable to create file '/run/user/1000/dconf/user': Read-only file system.  dconf will not work properly.: 'glib warning', file /build/firefox-144.0/toolkit/xre/nsSigHandlers.cpp:201

(firefox:919466): dconf-CRITICAL **: 15:27:36.673: unable to create file '/run/user/1000/dconf/user': Read-only file system.  dconf will not work properly.
[Parent 919466, Main Thread] WARNING: unable to create file '/run/user/1000/dconf/user': Read-only file system.  dconf will not work properly.: 'glib warning', file /build/firefox-144.0/toolkit/xre/nsSigHandlers.cpp:201

(firefox:919466): dconf-CRITICAL **: 15:27:36.674: unable to create file '/run/user/1000/dconf/user': Read-only file system.  dconf will not work properly.
[Parent 919466, Main Thread] WARNING: unable to create file '/run/user/1000/dconf/user': Read-only file system.  dconf will not work properly.: 'glib warning', file /build/firefox-144.0/toolkit/xre/nsSigHandlers.cpp:201

(firefox:919466): dconf-CRITICAL **: 15:27:36.674: unable to create file '/run/user/1000/dconf/user': Read-only file system.  dconf will not work properly.
[Parent 919466, Main Thread] WARNING: unable to create file '/run/user/1000/dconf/user': Read-only file system.  dconf will not work properly.: 'glib warning', file /build/firefox-144.0/toolkit/xre/nsSigHandlers.cpp:201

(firefox:919466): dconf-CRITICAL **: 15:27:36.679: unable to create file '/run/user/1000/dconf/user': Read-only file system.  dconf will not work properly.
[Parent 919466, Main Thread] WARNING: unable to create file '/run/user/1000/dconf/user': Read-only file system.  dconf will not work properly.: 'glib warning', file /build/firefox-144.0/toolkit/xre/nsSigHandlers.cpp:201

(firefox:919466): dconf-CRITICAL **: 15:27:36.679: unable to create file '/run/user/1000/dconf/user': Read-only file system.  dconf will not work properly.
console.info: "Registered still-not-active content scripts for usps.com" [{id:"webcompat intervention for usps.com: {\"css\":[\"bug1644830-missingmail.usps.com-checkboxes-not-visible.css\"]}", matches:["https://*.usps.com/*"], persistAcrossSessions:false, css:["injections/css/bug1644830-missingmail.usps.com-checkboxes-not-visible.css"], runAt:"document_start"}]
console.info: "Enabled UA override for santanderbank.com"
console.info: "Registered still-not-active content scripts for news.yahoo.co.jp" [{id:"webcompat intervention for news.yahoo.co.jp: {\"all_frames\":true,\"js\":[\"lib/ua_helpers.js\",\"bug1724868-news.yahoo.co.jp-ua-override.js\"]}", matches:["*://news.yahoo.co.jp/articles/*", "*://s.yimg.jp/*"], persistAcrossSessions:false, allFrames:true, js:["lib/ua_helpers.js", "injections/js/bug1724868-news.yahoo.co.jp-ua-override.js"], runAt:"document_start"}]
console.info: "Registered still-not-active content scripts for patient.alphalabs.ca" [{id:"webcompat intervention for patient.alphalabs.ca: {\"css\":[\"bug1741234-patient.alphalabs.ca-height-fix.css\"]}", matches:["*://patient.alphalabs.ca/*"], persistAcrossSessions:false, css:["injections/css/bug1741234-patient.alphalabs.ca-height-fix.css"], runAt:"document_start"}]
console.info: "Enabled UA override for Sites with issues with Firefox versions over 99"
console.info: "Registered still-not-active content scripts for tiktok.com (broken comments)" [{id:"webcompat intervention for tiktok.com (broken comments): {\"js\":[\"bug1769762-tiktok.com-plugins-shim.js\"]}", matches:["https://www.tiktok.com/*"], persistAcrossSessions:false, js:["injections/js/bug1769762-tiktok.com-plugins-shim.js"], runAt:"document_start"}]
console.info: "Registered still-not-active content scripts for coldwellbankerhomes.com" [{id:"webcompat intervention for coldwellbankerhomes.com: {\"css\":[\"bug1770962-coldwellbankerhomes.com-image-height.css\"]}", matches:["*://*.coldwellbankerhomes.com/*"], persistAcrossSessions:false, css:["injections/css/bug1770962-coldwellbankerhomes.com-image-height.css"], runAt:"document_start"}]
console.info: "Registered still-not-active content scripts for play.google.com" [{id:"webcompat intervention for play.google.com: {\"css\":[\"bug1779908-play.google.com-scrollbar-fix.css\"]}", matches:["*://play.google.com/store/*"], persistAcrossSessions:false, css:["injections/css/bug1779908-play.google.com-scrollbar-fix.css"], runAt:"document_start"}]
console.info: "Enabled UA override for www.unitedwifi.com"
console.info: "Registered still-not-active content scripts for www.samsung.com (scrolling fix)" [{id:"webcompat intervention for www.samsung.com (scrolling fix): {\"js\":[\"bug1799968-www.samsung.com-appVersion-linux-fix.js\"]}", matches:["*://www.samsung.com/*"], persistAcrossSessions:false, js:["injections/js/bug1799968-www.samsung.com-appVersion-linux-fix.js"], runAt:"document_start"}]
console.info: "Registered still-not-active content scripts for healow.com" [{id:"webcompat intervention for healow.com: {\"js\":[\"bug1799980-healow.com-infinite-loop-fix.js\"]}", matches:["*://healow.com/*"], persistAcrossSessions:false, js:["injections/js/bug1799980-healow.com-infinite-loop-fix.js"], runAt:"document_start"}]
console.info: "Enabled UA override for clipchamp.com"
[Parent 919466, Main Thread] WARNING: unable to create file '/run/user/1000/dconf/user': Read-only file system.  dconf will not work properly.: 'glib warning', file /build/firefox-144.0/toolkit/xre/nsSigHandlers.cpp:201

(firefox:919466): dconf-CRITICAL **: 15:27:36.776: unable to create file '/run/user/1000/dconf/user': Read-only file system.  dconf will not work properly.
[Parent 919466, Main Thread] WARNING: unable to create file '/run/user/1000/dconf/user': Read-only file system.  dconf will not work properly.: 'glib warning', file /build/firefox-144.0/toolkit/xre/nsSigHandlers.cpp:201

(firefox:919466): dconf-CRITICAL **: 15:27:36.777: unable to create file '/run/user/1000/dconf/user': Read-only file system.  dconf will not work properly.
[Parent 919466, Main Thread] WARNING: unable to create file '/run/user/1000/dconf/user': Read-only file system.  dconf will not work properly.: 'glib warning', file /build/firefox-144.0/toolkit/xre/nsSigHandlers.cpp:201

(firefox:919466): dconf-CRITICAL **: 15:27:36.778: unable to create file '/run/user/1000/dconf/user': Read-only file system.  dconf will not work properly.
[Parent 919466, Main Thread] WARNING: unable to create file '/run/user/1000/dconf/user': Read-only file system.  dconf will not work properly.: 'glib warning', file /build/firefox-144.0/toolkit/xre/nsSigHandlers.cpp:201

(firefox:919466): dconf-CRITICAL **: 15:27:36.778: unable to create file '/run/user/1000/dconf/user': Read-only file system.  dconf will not work properly.
console.info: "Registered still-not-active content scripts for Office 365 Outlook locations" [{id:"webcompat intervention for Office 365 Outlook locations: {\"all_frames\":true,\"js\":[\"bug1815733-outlook365-clipboard-read-noop.js\"]}", matches:["*://outlook.live.com/*", "*://outlook.office.com/*", "*://outlook.office365.com/*", "*://outlook.office365.us/*", "*://*.outlook.cn/*", "*://*.outlook.com/*"], persistAcrossSessions:false, allFrames:true, js:["injections/js/bug1815733-outlook365-clipboard-read-noop.js"], runAt:"document_start"}]
console.info: "Registered still-not-active content scripts for axisbank.com" [{id:"webcompat intervention for axisbank.com: {\"js\":[\"bug1819476-axisbank.com-webkitSpeechRecognition-shim.js\"]}", matches:["*://*.axisbank.com/*"], persistAcrossSessions:false, js:["injections/js/bug1819476-axisbank.com-webkitSpeechRecognition-shim.js"], runAt:"document_start"}]
console.info: "Enabled UA override for elearning.dmv.ca.gov"
console.info: "Registered still-not-active content scripts for All international Nintendo domains" [{id:"webcompat intervention for All international Nintendo domains: {\"js\":[\"bug1831007-nintendo-window-OnetrustActiveGroups.js\"]}", matches:["*://*.mojenintendo.cz/*", "*://*.nintendo-europe.com/*", "*://*.nintendo.at/*", "*://*.nintendo.be/*", "*://*.nintendo.ch/*", "*://*.nintendo.co.il/*", "*://*.nintendo.co.jp/*", "*://*.nintendo.co.kr/*", "*://*.nintendo.co.nz/*", "*://*.nintendo.co.uk/*", "*://*.nintendo.co.za/*", "*://*.nintendo.com.au/*", "*://*.nintendo.com.hk/*", "*://*.nintendo.com/*", "*://*.nintendo.de/*", "*://*.nintendo.dk/*", "*://*.nintendo.es/*", "*://*.nintendo.fi/*", "*://*.nintendo.fr/*", "*://*.nintendo.gr/*", "*://*.nintendo.hu/*", "*://*.nintendo.it/*", "*://*.nintendo.nl/*", "*://*.nintendo.no/*", "*://*.nintendo.pt/*", "*://*.nintendo.ru/*", "*://*.nintendo.se/*", "*://*.nintendo.sk/*", "*://*.nintendo.tw/*", "*://*.nintendoswitch.com.cn/*"], persistAcrossSessions:false, js:["injections/js/bug1831007-nintendo-window-OnetrustActiveGroups.js"], runAt:"document_start"}]
console.info: "Registered still-not-active content scripts for autostar-novoross.ru" [{id:"webcompat intervention for autostar-novoross.ru: {\"css\":[\"bug1836103-autostar-novoross.ru-make-map-taller.css\"]}", matches:["*://autostar-novoross.ru/*"], persistAcrossSessions:false, css:["injections/css/bug1836103-autostar-novoross.ru-make-map-taller.css"], runAt:"document_start"}]
console.info: "Registered still-not-active content scripts for cnn.com" [{id:"webcompat intervention for cnn.com: {\"css\":[\"bug1836105-cnn.com-fix-blank-pages-when-printing.css\"]}", matches:["*://*.cnn.com/*"], persistAcrossSessions:false, css:["injections/css/bug1836105-cnn.com-fix-blank-pages-when-printing.css"], runAt:"document_start"}]
console.info: "Enabled UA override for watch.tonton.com.my"
console.info: "Enabled UA override for gts-pro.sdimedia.com"
console.info: "Enabled UA override for atracker.pro"
console.info: "Registered still-not-active content scripts for docs.google.com" [{id:"webcompat intervention for docs.google.com: {\"css\":[\"bug1836872-docs.google.com-font-submenus-inaccessible.css\"]}", matches:["*://docs.google.com/document/*"], persistAcrossSessions:false, css:["injections/css/bug1836872-docs.google.com-font-submenus-inaccessible.css"], runAt:"document_start"}]
console.info: "Registered still-not-active content scripts for YouTube back/forward fix" [{id:"webcompat intervention for YouTube back/forward fix: {\"js\":[\"bug1842437-www.youtube.com-performance-now-precision.js\"]}", matches:["*://www.youtube.com/*", "*://m.youtube.com/*"], persistAcrossSessions:false, js:["injections/js/bug1842437-www.youtube.com-performance-now-precision.js"], runAt:"document_start"}]
console.info: "Registered still-not-active content scripts for Google Slides" [{id:"webcompat intervention for Google Slides: {\"css\":[\"bug1845299-docs.google.com-hide-extra-scrollbar-on-speaker-notes.css\"]}", matches:["*://docs.google.com/presentation/*"], persistAcrossSessions:false, css:["injections/css/bug1845299-docs.google.com-hide-extra-scrollbar-on-speaker-notes.css"], runAt:"document_start"}]
console.info: "Registered still-not-active content scripts for microsoft.com" [{id:"webcompat intervention for microsoft.com: {\"js\":[\"bug1846742-microsoft.com-search-key-fix.js\"]}", matches:["*://www.microsoft.com/*"], persistAcrossSessions:false, js:["injections/js/bug1846742-microsoft.com-search-key-fix.js"], runAt:"document_start"}]
console.info: "Registered still-not-active content scripts for cleanrider.com" [{id:"webcompat intervention for cleanrider.com: {\"css\":[\"bug1848713-cleanrider.com-slider.css\"]}", matches:["*://*.cleanrider.com/*"], persistAcrossSessions:false, css:["injections/css/bug1848713-cleanrider.com-slider.css"], runAt:"document_start"}]
console.info: "Registered still-not-active content scripts for theaa.com" [{id:"webcompat intervention for theaa.com: {\"css\":[\"bug1848849-theaa.com-printing-mode-fix.css\"]}", matches:["*://*.theaa.com/route-planner/*"], persistAcrossSessions:false, css:["injections/css/bug1848849-theaa.com-printing-mode-fix.css"], runAt:"document_start"}]
console.info: "Enabled UA override for hrmis2.eghrmis.gov.my"
console.info: "Registered still-not-active content scripts for Sites relying on there being no window.InstallTrigger" [{id:"webcompat intervention for Sites relying on there being no window.InstallTrigger: {\"all_frames\":true,\"js\":[\"bug1859617-installtrigger-removal-shim.js\"]}", matches:["*://*.stallionexpress.ca/*"], persistAcrossSessions:false, allFrames:true, js:["injections/js/bug1859617-installtrigger-removal-shim.js"], runAt:"document_start"}]
console.info: "Enabled UA override for bmo.com"
console.info: "Enabled UA override for allstate.com"
console.info: "Registered still-not-active content scripts for g1.globo.com" [{id:"webcompat intervention for g1.globo.com: {\"js\":[\"bug1878024-g1.globo.com-fix-account-icon.js\"]}", matches:["*://g1.globo.com/*"], persistAcrossSessions:false, js:["injections/js/bug1878024-g1.globo.com-fix-account-icon.js"], runAt:"document_start"}]
console.info: "Registered still-not-active content scripts for Future PLC websites" [{id:"webcompat intervention for Future PLC websites: {\"css\":[\"bug1886293-futurePLC-sites-trending_scrollbars.css\"]}", matches:["*://*.androidcentral.com/*", "*://*.creativebloq.com/*", "*://*.cyclingnews.com/*", "*://*.gamesradar.com/*", "*://*.imore.com/*", "*://*.itpro.com/*", "*://*.laptopmag.com/*", "*://*.livescience.com/*", "*://*.loudersound.com/*", "*://*.musicradar.com/*", "*://*.pcgamer.com/*", "*://*.space.com/*", "*://*.techradar.com/*", "*://*.tomshardware.com/*", "*://*.windowscentral.com/*"], persistAcrossSessions:false, css:["injections/css/bug1886293-futurePLC-sites-trending_scrollbars.css"], runAt:"document_start"}]
console.info: "Registered still-not-active content scripts for quezoncity.gov.ph" [{id:"webcompat intervention for quezoncity.gov.ph: {\"css\":[\"bug1886566-quezoncity.gov.ph-iframe-height.css\"]}", matches:["*://qceservices.quezoncity.gov.ph/qcvaxeasy*"], persistAcrossSessions:false, css:["injections/css/bug1886566-quezoncity.gov.ph-iframe-height.css"], runAt:"document_start"}]
console.info: "Registered still-not-active content scripts for Office 365 email handling prompt" [{id:"webcompat intervention for Office 365 email handling prompt: {\"all_frames\":true,\"js\":[\"bug1889326-office365-email-handling-prompt-autohide.js\"]}", matches:["*://*.live.com/*", "*://*.office.com/*", "*://*.office365.com/*", "*://*.office365.us/*", "*://*.outlook.cn/*", "*://*.outlook.com/*", "*://*.sharepoint.com/*"], persistAcrossSessions:false, allFrames:true, js:["injections/js/bug1889326-office365-email-handling-prompt-autohide.js"], runAt:"document_start"}]
console.info: "Enabled UA override for bankmandiri.co.id"
console.info: "Registered still-not-active content scripts for investopedia.com" [{id:"webcompat intervention for investopedia.com: {\"css\":[\"bug1892898-investopedia.com-fix-card-height.css\"]}", matches:["*://*.investopedia.com/*"], persistAcrossSessions:false, css:["injections/css/bug1892898-investopedia.com-fix-card-height.css"], runAt:"document_start"}]
console.info: "Enabled UA override for dingtalk.com"
console.info: "Registered still-not-active content scripts for www.zhihu.com" [{id:"webcompat intervention for www.zhihu.com: {\"css\":[\"bug1895051-www.zhihu.com-broken-button-fix.css\"]}", matches:["*://www.zhihu.com/question/*"], persistAcrossSessions:false, css:["injections/css/bug1895051-www.zhihu.com-broken-button-fix.css"], runAt:"document_start"}]
console.info: "Registered still-not-active content scripts for e.seb.lt" [{id:"webcompat intervention for e.seb.lt: {\"js\":[\"bug1895997-e.seb.lt-prevent-unsupported-warning.js\"]}", matches:["*://e.seb.lt/ib/login*"], persistAcrossSessions:false, js:["injections/js/bug1895997-e.seb.lt-prevent-unsupported-warning.js"], runAt:"document_start"}]
console.info: "Registered still-not-active content scripts for vivaldi.com" [{id:"webcompat intervention for vivaldi.com: {\"css\":[\"bug1896349-vivaldi.com-selected-text-fix.css\"]}", matches:["*://vivaldi.com/*"], persistAcrossSessions:false, css:["injections/css/bug1896349-vivaldi.com-selected-text-fix.css"], runAt:"document_start"}]
console.info: "Enabled UA override for my.rhinoshield.fr"
console.info: "Registered still-not-active content scripts for gracobaby.ca" [{id:"webcompat intervention for gracobaby.ca: {\"css\":[\"bug1896571-gracobaby.ca-unlock-scrolling.css\"]}", matches:["*://www.gracobaby.ca/*"], persistAcrossSessions:false, css:["injections/css/bug1896571-gracobaby.ca-unlock-scrolling.css"], runAt:"document_start"}]
console.info: "Enabled UA override for app.homewyse.com"
console.info: "Enabled UA override for indigo.shireburn.com"
console.info: "Enabled UA override for remotasks.com"
console.info: "Enabled UA override for forms.ontariodrugbenefit.ca"
console.info: "Registered still-not-active content scripts for africanews.com" [{id:"webcompat intervention for africanews.com: {\"css\":[\"bug1898915-locator.dhl.com-hide-unsupported.css\"]}", matches:["*://locator.dhl.com/*"], persistAcrossSessions:false, css:["injections/css/bug1898915-locator.dhl.com-hide-unsupported.css"], runAt:"document_start"}]
console.info: "Enabled UA override for sekowf.wns.com"
console.info: "Enabled UA override for trade-in.vodafone.com"
console.info: "Enabled UA override for cleanfeed.net"
console.info: "Registered still-not-active content scripts for app.sessionlinkpro.com" [{id:"webcompat intervention for app.sessionlinkpro.com: {\"js\":[\"lib/ua_helpers.js\",\"bug1898929-app.sessionlinkpro.com-spoof-user-agent.js\"]}", matches:["*://app.sessionlinkpro.com/*"], persistAcrossSessions:false, js:["lib/ua_helpers.js", "injections/js/bug1898929-app.sessionlinkpro.com-spoof-user-agent.js"], runAt:"document_start"}]
console.info: "Enabled UA override for facturador.afip.gob.ar"
console.info: "Enabled UA override for account.gov.il"
console.info: "Registered still-not-active content scripts for tza.red" [{id:"webcompat intervention for tza.red: {\"js\":[\"bug1898934-tza.red-prevent-unsupported-message.js\"]}", matches:["*://tza.red/*"], persistAcrossSessions:false, js:["injections/js/bug1898934-tza.red-prevent-unsupported-message.js"], runAt:"document_start"}]
console.info: "Enabled UA override for mysunlife.sunlife.com.hk"
console.info: "Enabled UA override for goodyearfiaetrc.com"
console.info: "Enabled UA override for conference.amwell.com"
console.info: "Enabled UA override for smartgpseco.com"
console.info: "Enabled UA override for events.webinar.ru"
console.info: "Enabled UA override for carelink.minimed.eu"
console.info: "Registered still-not-active content scripts for transcrib.io" [{id:"webcompat intervention for transcrib.io: {\"js\":[\"bug1898946-transcrib.io-chrome-shim.js\"]}", matches:["*://transcrib.io/*"], persistAcrossSessions:false, js:["injections/js/bug1898946-transcrib.io-chrome-shim.js"], runAt:"document_start"}]
console.info: "Enabled UA override for my.murj.com"
console.info: "Registered still-not-active content scripts for digits.t-mobile.com" [{id:"webcompat intervention for digits.t-mobile.com: {\"js\":[\"bug1898952-digits.t-mobile.com.js\"]}", matches:["*://digits.t-mobile.com/*"], persistAcrossSessions:false, js:["injections/js/bug1898952-digits.t-mobile.com.js"], runAt:"document_start"}]
console.info: "Enabled UA override for england.nhs.attendanywhere.com"
console.info: "Enabled UA override for prudential.com.hk"
console.info: "Enabled UA override for mymsc.com"
console.info: "Enabled UA override for eportal.uestc.edu.cn"
console.info: "Registered still-not-active content scripts for oculus.com and meta.com" [{id:"webcompat intervention for oculus.com and meta.com: {\"js\":[\"bug1898996-oculus.com-chrome-shims.js\"]}", matches:["*://*.oculus.com/cast*", "*://horizon.meta.com/casting*"], persistAcrossSessions:false, js:["injections/js/bug1898996-oculus.com-chrome-shims.js"], runAt:"document_start"}]
console.info: "Enabled UA override for oculus.com and meta.com"
console.info: "Enabled UA override for datanyze.com"
console.info: "Enabled UA override for bcbs.pinpointglobal.com"
console.info: "Registered still-not-active content scripts for icorrectproof.com" [{id:"webcompat intervention for icorrectproof.com: {\"js\":[\"bug1859617-installtrigger-removal-shim.js\"]}", matches:["*://www.icorrectproof.com/*"], persistAcrossSessions:false, js:["injections/js/bug1859617-installtrigger-removal-shim.js"], runAt:"document_start"}]
console.info: "Enabled UA override for wbte.drcedirect.com"
[Parent 919466, Main Thread] WARNING: unable to create file '/run/user/1000/dconf/user': Read-only file system.  dconf will not work properly.: 'glib warning', file /build/firefox-144.0/toolkit/xre/nsSigHandlers.cpp:201

(firefox:919466): dconf-CRITICAL **: 15:27:36.917: unable to create file '/run/user/1000/dconf/user': Read-only file system.  dconf will not work properly.
[Parent 919466, Main Thread] WARNING: unable to create file '/run/user/1000/dconf/user': Read-only file system.  dconf will not work properly.: 'glib warning', file /build/firefox-144.0/toolkit/xre/nsSigHandlers.cpp:201

(firefox:919466): dconf-CRITICAL **: 15:27:36.917: unable to create file '/run/user/1000/dconf/user': Read-only file system.  dconf will not work properly.
console.info: "Registered still-not-active content scripts for onlinestep.pgc.edu" [{id:"webcompat intervention for onlinestep.pgc.edu: {\"css\":[\"bug1899063-onlinestep.pgc.edu-hide-unsupported-message.css\"]}", matches:["*://onlinestep.pgc.edu/*"], persistAcrossSessions:false, css:["injections/css/bug1899063-onlinestep.pgc.edu-hide-unsupported-message.css"], runAt:"document_start"}]
[Parent 919466, Main Thread] WARNING: unable to create file '/run/user/1000/dconf/user': Read-only file system.  dconf will not work properly.: 'glib warning', file /build/firefox-144.0/toolkit/xre/nsSigHandlers.cpp:201

(firefox:919466): dconf-CRITICAL **: 15:27:36.926: unable to create file '/run/user/1000/dconf/user': Read-only file system.  dconf will not work properly.
[Parent 919466, Main Thread] WARNING: unable to create file '/run/user/1000/dconf/user': Read-only file system.  dconf will not work properly.: 'glib warning', file /build/firefox-144.0/toolkit/xre/nsSigHandlers.cpp:201

(firefox:919466): dconf-CRITICAL **: 15:27:36.926: unable to create file '/run/user/1000/dconf/user': Read-only file system.  dconf will not work properly.
console.info: "Registered still-not-active content scripts for CenterParcs UK and Ireland" [{id:"webcompat intervention for CenterParcs UK and Ireland: {\"css\":[\"bug1899065-centerparcs-hide-unsupported-warning.css\"]}", matches:["*://*.centerparcs.co.uk/*", "*://*.centerparcs.ie/*"], persistAcrossSessions:false, css:["injections/css/bug1899065-centerparcs-hide-unsupported-warning.css"], runAt:"document_start"}]
console.info: "Enabled UA override for bookcreator.com"
console.info: "Enabled UA override for game.granbluefantasy.jp"
console.info: "Enabled UA override for passpoint.boingo.com"
console.info: "Registered still-not-active content scripts for animeflv.net" [{id:"webcompat intervention for animeflv.net: {\"css\":[\"bug1899829-animeflv.net-fix-premiere-labels.css\"]}", matches:["*://www3.animeflv.net/*"], persistAcrossSessions:false, css:["injections/css/bug1899829-animeflv.net-fix-premiere-labels.css"], runAt:"document_start"}]
console.info: "Enabled UA override for selecionases.saude.pe.gov.br"
[Parent 919466, Main Thread] WARNING: unable to create file '/run/user/1000/dconf/user': Read-only file system.  dconf will not work properly.: 'glib warning', file /build/firefox-144.0/toolkit/xre/nsSigHandlers.cpp:201

(firefox:919466): dconf-CRITICAL **: 15:27:36.933: unable to create file '/run/user/1000/dconf/user': Read-only file system.  dconf will not work properly.
[Parent 919466, Main Thread] WARNING: unable to create file '/run/user/1000/dconf/user': Read-only file system.  dconf will not work properly.: 'glib warning', file /build/firefox-144.0/toolkit/xre/nsSigHandlers.cpp:201

(firefox:919466): dconf-CRITICAL **: 15:27:36.933: unable to create file '/run/user/1000/dconf/user': Read-only file system.  dconf will not work properly.
console.info: "Enabled UA override for ct-tc.apps.cic.gc.ca"
[Parent 919466, Main Thread] WARNING: unable to create file '/run/user/1000/dconf/user': Read-only file system.  dconf will not work properly.: 'glib warning', file /build/firefox-144.0/toolkit/xre/nsSigHandlers.cpp:201

(firefox:919466): dconf-CRITICAL **: 15:27:36.933: unable to create file '/run/user/1000/dconf/user': Read-only file system.  dconf will not work properly.
[Parent 919466, Main Thread] WARNING: unable to create file '/run/user/1000/dconf/user': Read-only file system.  dconf will not work properly.: 'glib warning', file /build/firefox-144.0/toolkit/xre/nsSigHandlers.cpp:201

(firefox:919466): dconf-CRITICAL **: 15:27:36.933: unable to create file '/run/user/1000/dconf/user': Read-only file system.  dconf will not work properly.
console.warn: "[web-runtime] connection lost, retry #2"
console.info: "Registered still-not-active content scripts for plus.nhk.jp" [{id:"webcompat intervention for plus.nhk.jp: {\"css\":[\"bug1899937-plus.nhk.jp-hide-unsupported.css\"],\"js\":[\"bug1899937-plus.nhk.jp-request-picture-in-picture.js\"]}", matches:["*://plus.nhk.jp/*"], persistAcrossSessions:false, css:["injections/css/bug1899937-plus.nhk.jp-hide-unsupported.css"], js:["injections/js/bug1899937-plus.nhk.jp-request-picture-in-picture.js"], runAt:"document_start"}]
console.info: "Enabled UA override for plus.nhk.jp"
console.info: "Enabled UA override for tv.partner.co.il"
console.info: "Registered still-not-active content scripts for vanbreda-health.be" [{id:"webcompat intervention for vanbreda-health.be: {\"js\":[\"bug1901780-disable-legacy-mutation-events.js\"]}", matches:["*://www.vanbreda-health.be/*"], persistAcrossSessions:false, js:["injections/js/bug1901780-disable-legacy-mutation-events.js"], runAt:"document_start"}]
console.info: "Enabled UA override for seller.kuajingmaihuo.com"
console.info: "Enabled UA override for acesso.processo.rio"
console.info: "Registered still-not-active content scripts for adl.edu.tw" [{id:"webcompat intervention for adl.edu.tw: {\"js\":[\"lib/ua_helpers.js\",\"bug1902379-adl.edu.tw-hide-unsupported-popup.js\"]}", matches:["*://adl.edu.tw/*"], persistAcrossSessions:false, js:["lib/ua_helpers.js", "injections/js/bug1902379-adl.edu.tw-hide-unsupported-popup.js"], runAt:"document_start"}]
console.info: "Enabled UA override for flash.puffin.com"
console.info: "Registered still-not-active content scripts for wpartner.wemakeprice.com" [{id:"webcompat intervention for wpartner.wemakeprice.com: {\"css\":[\"bug1902383-wpartner.wemakeprice.com-hide-recommendation.css\"]}", matches:["*://wpartner.wemakeprice.com/*"], persistAcrossSessions:false, css:["injections/css/bug1902383-wpartner.wemakeprice.com-hide-recommendation.css"], runAt:"document_start"}]
console.info: "Registered still-not-active content scripts for bithumb.com" [{id:"webcompat intervention for bithumb.com: {\"css\":[\"bug1902385-www.bithumb.com-hide-unsupported.css\"]}", matches:["*://www.bithumb.com/*"], persistAcrossSessions:false, css:["injections/css/bug1902385-www.bithumb.com-hide-unsupported.css"], runAt:"document_start"}]
console.info: "Registered still-not-active content scripts for clinic.platomedical.com" [{id:"webcompat intervention for clinic.platomedical.com: {\"css\":[\"bug1902388-clinic.platomedical.com-hide-recommendation.css\"]}", matches:["*://clinic.platomedical.com/login*"], persistAcrossSessions:false, css:["injections/css/bug1902388-clinic.platomedical.com-hide-recommendation.css"], runAt:"document_start"}]
console.info: "Enabled UA override for store.91app.com"
console.info: "Enabled UA override for app.rnova.org"
console.info: "Registered still-not-active content scripts for bancoentrerios.com.ar" [{id:"webcompat intervention for bancoentrerios.com.ar: {\"css\":[\"bug1902395-www.bancoentrerios.com.ar-hide-browser-warning.css\"]}", matches:["*://www.bancoentrerios.com.ar/*"], persistAcrossSessions:false, css:["injections/css/bug1902395-www.bancoentrerios.com.ar-hide-browser-warning.css"], runAt:"document_start"}]
console.info: "Enabled UA override for clinicaonline.co.il"
console.info: "Enabled UA override for e-src.net"
[Parent 919466, Main Thread] WARNING: unable to create file '/run/user/1000/dconf/user': Read-only file system.  dconf will not work properly.: 'glib warning', file /build/firefox-144.0/toolkit/xre/nsSigHandlers.cpp:201

(firefox:919466): dconf-CRITICAL **: 15:27:36.985: unable to create file '/run/user/1000/dconf/user': Read-only file system.  dconf will not work properly.
[Parent 919466, Main Thread] WARNING: unable to create file '/run/user/1000/dconf/user': Read-only file system.  dconf will not work properly.: 'glib warning', file /build/firefox-144.0/toolkit/xre/nsSigHandlers.cpp:201

(firefox:919466): dconf-CRITICAL **: 15:27:36.985: unable to create file '/run/user/1000/dconf/user': Read-only file system.  dconf will not work properly.
console.info: "Registered still-not-active content scripts for cloud-login.sigmacare.com" [{id:"webcompat intervention for cloud-login.sigmacare.com: {\"css\":[\"bug1902398-cloud-login.sigmacare.com-hide-unsupported-message.css\"]}", matches:["*://cloud-login.sigmacare.com/*"], persistAcrossSessions:false, css:["injections/css/bug1902398-cloud-login.sigmacare.com-hide-unsupported-message.css"], runAt:"document_start"}]
console.info: "Registered still-not-active content scripts for recochoku.jp" [{id:"webcompat intervention for recochoku.jp: {\"js\":[\"bug1902399-recochoku.jp-hide-unsupported-browser-warning.js\"]}", matches:["*://recochoku.jp/*"], persistAcrossSessions:false, js:["injections/js/bug1902399-recochoku.jp-hide-unsupported-browser-warning.js"], runAt:"document_start"}]
console.info: "Enabled UA override for sales-crowd.jp"
console.info: "Registered still-not-active content scripts for myaccount.flypeach.com" [{id:"webcompat intervention for myaccount.flypeach.com: {\"css\":[\"bug1902402-myaccount.flypeach.com-hide-unsupported-message.css\"]}", matches:["*://myaccount.flypeach.com/login*"], persistAcrossSessions:false, css:["injections/css/bug1902402-myaccount.flypeach.com-hide-unsupported-message.css"], runAt:"document_start"}]
console.info: "Enabled UA override for musicstore.auone.jp"
console.info: "Enabled UA override for pss.perodua.com.my"
console.info: "Registered still-not-active content scripts for soffice.11st.co.kr" [{id:"webcompat intervention for soffice.11st.co.kr: {\"css\":[\"bug1902405-soffice.11st.co.kr-hide-browser-warning.css\"]}", matches:["*://soffice.11st.co.kr/*"], persistAcrossSessions:false, css:["injections/css/bug1902405-soffice.11st.co.kr-hide-browser-warning.css"], runAt:"document_start"}]
console.info: "Registered still-not-active content scripts for sp.hi.co.kr" [{id:"webcompat intervention for sp.hi.co.kr: {\"js\":[\"bug1902406-sp.hi.co.kr-window-chrome-shim.js\"]}", matches:["*://sp.hi.co.kr/*"], persistAcrossSessions:false, js:["injections/js/bug1902406-sp.hi.co.kr-window-chrome-shim.js"], runAt:"document_start"}]
console.info: "Registered still-not-active content scripts for www.sigadoc.mt.gov.br" [{id:"webcompat intervention for www.sigadoc.mt.gov.br: {\"js\":[\"lib/ua_helpers.js\",\"bug1902407-www.sigadoc.mt.gov.br-user-agent-spoof.js\"]}", matches:["*://www.sigadoc.mt.gov.br/*"], persistAcrossSessions:false, js:["lib/ua_helpers.js", "injections/js/bug1902407-www.sigadoc.mt.gov.br-user-agent-spoof.js"], runAt:"document_start"}]
console.info: "Enabled UA override for mgr.knowbe.jp"
console.info: "Enabled UA override for agent.foundi.info"
console.info: "Enabled UA override for esampark.wondercement.com"
console.info: "Enabled UA override for ibanka.seb.lv"
console.info: "Enabled UA override for e.seb.ee"
console.info: "Registered still-not-active content scripts for kaigetsu.staysee.jp" [{id:"webcompat intervention for kaigetsu.staysee.jp: {\"css\":[\"bug1902415-kaigetsu.staysee.jp-hide-unsupported.css\"]}", matches:["*://kaigetsu.staysee.jp/*"], persistAcrossSessions:false, css:["injections/css/bug1902415-kaigetsu.staysee.jp-hide-unsupported.css"], runAt:"document_start"}]
console.info: "Registered still-not-active content scripts for acionafacil.com.br" [{id:"webcompat intervention for acionafacil.com.br: {\"js\":[\"bug1902416-www.acionafacil.com.br-prevent-unsupported-alert.js\"]}", matches:["*://www.acionafacil.com.br/*"], persistAcrossSessions:false, js:["injections/js/bug1902416-www.acionafacil.com.br-prevent-unsupported-alert.js"], runAt:"document_start"}]
console.info: "Registered still-not-active content scripts for jamsune.com" [{id:"webcompat intervention for jamsune.com: {\"all_frames\":true,\"js\":[\"bug1902419-www.jamsune.com-prevent-unsupported-alert.js\"]}", matches:["*://www.jamsune.com/*"], persistAcrossSessions:false, allFrames:true, js:["injections/js/bug1902419-www.jamsune.com-prevent-unsupported-alert.js"], runAt:"document_start"}]
console.info: "Enabled UA override for coupangplay.com"
console.info: "Enabled UA override for workhub.transcribeme.com"
console.info: "Enabled UA override for La Personnelle and Desjardins General insurance"
console.info: "Enabled UA override for ads.tiktok.com"
console.info: "Enabled UA override for mp3cut.net"
console.info: "Enabled UA override for app.gather.town"
console.info: "Enabled UA override for kuzefukuandsons.com"
console.info: "Registered still-not-active content scripts for ace7.acecombat.jp" [{id:"webcompat intervention for ace7.acecombat.jp: {\"js\":[\"bug1903480-ace7.acecombat.jp-slow-down-scrolling.js\"]}", matches:["*://ace7.acecombat.jp/*"], persistAcrossSessions:false, js:["injections/js/bug1903480-ace7.acecombat.jp-slow-down-scrolling.js"], runAt:"document_start"}]
console.info: "Registered still-not-active content scripts for one.geekie.com.br" [{id:"webcompat intervention for one.geekie.com.br: {\"js\":[\"bug1905069-one.geekie.com.br-chrome-shims.js\"]}", matches:["*://one.geekie.com.br/*"], persistAcrossSessions:false, js:["injections/js/bug1905069-one.geekie.com.br-chrome-shims.js"], runAt:"document_start"}]
console.info: "Enabled UA override for playlist-manager.com"
console.info: "Enabled UA override for watch.foxtel.com.au"
console.info: "Enabled UA override for upload-images.jianshu.io"
console.info: "Enabled UA override for xmgl.ccccltd.cn"
console.info: "Registered still-not-active content scripts for tsu-results.rf.gd" [{id:"webcompat intervention for tsu-results.rf.gd: {\"css\":[\"bug1911243-tsu-results.rf.gd-fix-table-headers.css\"]}", matches:["*://tsu-results.rf.gd/tsu_results/*"], persistAcrossSessions:false, css:["injections/css/bug1911243-tsu-results.rf.gd-fix-table-headers.css"], runAt:"document_start"}]
console.info: "Registered still-not-active content scripts for qq.com" [{id:"webcompat intervention for qq.com: {\"all_frames\":true,\"css\":[\"bug1911253-qq.com-unhide-checkboxes.css\"]}", matches:["*://*.qq.com/*"], persistAcrossSessions:false, allFrames:true, css:["injections/css/bug1911253-qq.com-unhide-checkboxes.css"], runAt:"document_start"}]
console.info: "Enabled UA override for class.com"
console.info: "Enabled UA override for CitrusLab"
console.info: "Enabled UA override for confetti.buzz"
console.info: "Enabled UA override for playblackdesert.com"
console.info: "Enabled UA override for myassurity.com"
console.info: "Enabled UA override for app.sunroom.so"
console.info: "Registered still-not-active content scripts for g1.globo.com Ca\xE7a Palavras" [{id:"webcompat intervention for g1.globo.com Ca\xE7a Palavras: {\"css\":[\"bug1918604-g1.globo.com-fix-clipped-buttons.css\"]}", matches:["*://g1.globo.com/jogos/caca-palavras/*"], persistAcrossSessions:false, css:["injections/css/bug1918604-g1.globo.com-fix-clipped-buttons.css"], runAt:"document_start"}]
console.info: "Registered still-not-active content scripts for www.nbcsports.com" [{id:"webcompat intervention for www.nbcsports.com: {\"js\":[\"bug1919263-nbcsports.com-getCurrentUser-script-error-fix.js\"]}", matches:["*://www.nbcsports.com/*"], persistAcrossSessions:false, js:["injections/js/bug1919263-nbcsports.com-getCurrentUser-script-error-fix.js"], runAt:"document_start"}]
console.info: "Registered still-not-active content scripts for ilgeniodellapizza.com" [{id:"webcompat intervention for ilgeniodellapizza.com: {\"js\":[\"bug1922498-www.ilgeniodellapizza.com-fix-broken-scrolling.js\"]}", matches:["*://www.ilgeniodellapizza.com/*"], persistAcrossSessions:false, js:["injections/js/bug1922498-www.ilgeniodellapizza.com-fix-broken-scrolling.js"], runAt:"document_start"}]
console.info: "Enabled UA override for ipmph.com"
console.info: "Enabled UA override for ai.invideo.io"
console.info: "Registered still-not-active content scripts for xtralife.com" [{id:"webcompat intervention for xtralife.com: {\"css\":[\"bug1925276-xtralife.com-fix-search-results.css\"]}", matches:["*://www.xtralife.com/*"], persistAcrossSessions:false, css:["injections/css/bug1925276-xtralife.com-fix-search-results.css"], runAt:"document_start"}]
console.info: "Registered still-not-active content scripts for gazetasp.com.br" [{id:"webcompat intervention for gazetasp.com.br: {\"css\":[\"bug1925937-gazetasp.com.br-hide-extra-scrollbars.css\"]}", matches:["*://www.gazetasp.com.br/*"], persistAcrossSessions:false, css:["injections/css/bug1925937-gazetasp.com.br-hide-extra-scrollbars.css"], runAt:"document_start"}]
console.info: "Enabled UA override for iwebv2.thebankersbank.com"
console.info: "Enabled UA override for app.phase.com"
console.info: "Registered still-not-active content scripts for modules.sms-timing.com" [{id:"webcompat intervention for modules.sms-timing.com: {\"js\":[\"bug1927984-modules.sms-timing.com-chrome-shim.js\"]}", matches:["*://modules.sms-timing.com/*"], persistAcrossSessions:false, js:["injections/js/bug1927984-modules.sms-timing.com-chrome-shim.js"], runAt:"document_start"}]
console.info: "Enabled UA override for modules.sms-timing.com"
console.info: "Registered still-not-active content scripts for votermaps.org" [{id:"webcompat intervention for votermaps.org: {\"css\":[\"bug1928605-votermaps.org-center-map-icons.css\"]}", matches:["*://votermaps.org/*"], persistAcrossSessions:false, css:["injections/css/bug1928605-votermaps.org-center-map-icons.css"], runAt:"document_start"}]
console.info: "Registered still-not-active content scripts for oasis.decart.ai" [{id:"webcompat intervention for oasis.decart.ai: {\"js\":[\"bug1928941-oasis.decart.ai-window-chrome-shim.js\"]}", matches:["*://oasis.decart.ai/*"], persistAcrossSessions:false, js:["injections/js/bug1928941-oasis.decart.ai-window-chrome-shim.js"], runAt:"document_start"}]
console.info: "Enabled UA override for oasis.decart.ai"
console.info: "Registered still-not-active content scripts for online.singaporepools.com" [{id:"webcompat intervention for online.singaporepools.com: {\"js\":[\"bug1930440-online.singaporepools.com-prevent-unsupported-alert.js\"]}", matches:["*://online.singaporepools.com/*"], persistAcrossSessions:false, js:["injections/js/bug1930440-online.singaporepools.com-prevent-unsupported-alert.js"], runAt:"document_start"}]
console.info: "Enabled UA override for next.goalplan.com"
console.info: "Enabled UA override for indices.circana.com"
console.info: "Enabled UA override for www.tiktok.com/tiktokstudio"
console.info: "Enabled UA override for app.fullcodemedical.com"
console.info: "Enabled UA override for testbook.com"
console.info: "Registered still-not-active content scripts for rosasthai.com" [{id:"webcompat intervention for rosasthai.com: {\"js\":[\"bug1939248-rosasthai.com-load-event-helper.js\"]}", matches:["*://rosasthai.com/*"], persistAcrossSessions:false, js:["injections/js/bug1939248-rosasthai.com-load-event-helper.js"], runAt:"document_start"}]
[Parent 919466, Main Thread] WARNING: unable to create file '/run/user/1000/dconf/user': Read-only file system.  dconf will not work properly.: 'glib warning', file /build/firefox-144.0/toolkit/xre/nsSigHandlers.cpp:201

(firefox:919466): dconf-CRITICAL **: 15:27:37.087: unable to create file '/run/user/1000/dconf/user': Read-only file system.  dconf will not work properly.
[Parent 919466, Main Thread] WARNING: unable to create file '/run/user/1000/dconf/user': Read-only file system.  dconf will not work properly.: 'glib warning', file /build/firefox-144.0/toolkit/xre/nsSigHandlers.cpp:201

(firefox:919466): dconf-CRITICAL **: 15:27:37.087: unable to create file '/run/user/1000/dconf/user': Read-only file system.  dconf will not work properly.
[Parent 919466, Main Thread] WARNING: unable to create file '/run/user/1000/dconf/user': Read-only file system.  dconf will not work properly.: 'glib warning', file /build/firefox-144.0/toolkit/xre/nsSigHandlers.cpp:201

(firefox:919466): dconf-CRITICAL **: 15:27:37.089: unable to create file '/run/user/1000/dconf/user': Read-only file system.  dconf will not work properly.
[Parent 919466, Main Thread] WARNING: unable to create file '/run/user/1000/dconf/user': Read-only file system.  dconf will not work properly.: 'glib warning', file /build/firefox-144.0/toolkit/xre/nsSigHandlers.cpp:201

(firefox:919466): dconf-CRITICAL **: 15:27:37.089: unable to create file '/run/user/1000/dconf/user': Read-only file system.  dconf will not work properly.
[Parent 919466, Main Thread] WARNING: unable to create file '/run/user/1000/dconf/user': Read-only file system.  dconf will not work properly.: 'glib warning', file /build/firefox-144.0/toolkit/xre/nsSigHandlers.cpp:201

(firefox:919466): dconf-CRITICAL **: 15:27:37.090: unable to create file '/run/user/1000/dconf/user': Read-only file system.  dconf will not work properly.
[Parent 919466, Main Thread] WARNING: unable to create file '/run/user/1000/dconf/user': Read-only file system.  dconf will not work properly.: 'glib warning', file /build/firefox-144.0/toolkit/xre/nsSigHandlers.cpp:201

(firefox:919466): dconf-CRITICAL **: 15:27:37.090: unable to create file '/run/user/1000/dconf/user': Read-only file system.  dconf will not work properly.
[Parent 919466, Main Thread] WARNING: unable to create file '/run/user/1000/dconf/user': Read-only file system.  dconf will not work properly.: 'glib warning', file /build/firefox-144.0/toolkit/xre/nsSigHandlers.cpp:201

(firefox:919466): dconf-CRITICAL **: 15:27:37.091: unable to create file '/run/user/1000/dconf/user': Read-only file system.  dconf will not work properly.
[Parent 919466, Main Thread] WARNING: unable to create file '/run/user/1000/dconf/user': Read-only file system.  dconf will not work properly.: 'glib warning', file /build/firefox-144.0/toolkit/xre/nsSigHandlers.cpp:201

(firefox:919466): dconf-CRITICAL **: 15:27:37.091: unable to create file '/run/user/1000/dconf/user': Read-only file system.  dconf will not work properly.
[Parent 919466, Main Thread] WARNING: unable to create file '/run/user/1000/dconf/user': Read-only file system.  dconf will not work properly.: 'glib warning', file /build/firefox-144.0/toolkit/xre/nsSigHandlers.cpp:201

(firefox:919466): dconf-CRITICAL **: 15:27:37.092: unable to create file '/run/user/1000/dconf/user': Read-only file system.  dconf will not work properly.
[Parent 919466, Main Thread] WARNING: unable to create file '/run/user/1000/dconf/user': Read-only file system.  dconf will not work properly.: 'glib warning', file /build/firefox-144.0/toolkit/xre/nsSigHandlers.cpp:201

(firefox:919466): dconf-CRITICAL **: 15:27:37.092: unable to create file '/run/user/1000/dconf/user': Read-only file system.  dconf will not work properly.
console.info: "Registered still-not-active content scripts for www.vodafone.it" [{id:"webcompat intervention for www.vodafone.it: {\"all_frames\":true,\"js\":[\"bug1939466-vodafone.it-polyfill-ancestorOrigins-and-InstallTrigger.js\"]}", matches:["*://*.vodafone.it/*"], persistAcrossSessions:false, allFrames:true, js:["injections/js/bug1939466-vodafone.it-polyfill-ancestorOrigins-and-InstallTrigger.js"], runAt:"document_start"}]
console.info: "Registered still-not-active content scripts for climate.rutgers.edu" [{id:"webcompat intervention for climate.rutgers.edu: {\"css\":[\"bug1941530-climate.rutgers.edu-fix-broken-images.css\"]}", matches:["*://climate.rutgers.edu/snowcover/*"], persistAcrossSessions:false, css:["injections/css/bug1941530-climate.rutgers.edu-fix-broken-images.css"], runAt:"document_start"}]
[Parent 919466, Main Thread] WARNING: unable to create file '/run/user/1000/dconf/user': Read-only file system.  dconf will not work properly.: 'glib warning', file /build/firefox-144.0/toolkit/xre/nsSigHandlers.cpp:201

(firefox:919466): dconf-CRITICAL **: 15:27:37.104: unable to create file '/run/user/1000/dconf/user': Read-only file system.  dconf will not work properly.
[Parent 919466, Main Thread] WARNING: unable to create file '/run/user/1000/dconf/user': Read-only file system.  dconf will not work properly.: 'glib warning', file /build/firefox-144.0/toolkit/xre/nsSigHandlers.cpp:201

(firefox:919466): dconf-CRITICAL **: 15:27:37.104: unable to create file '/run/user/1000/dconf/user': Read-only file system.  dconf will not work properly.
[Parent 919466, Main Thread] WARNING: unable to create file '/run/user/1000/dconf/user': Read-only file system.  dconf will not work properly.: 'glib warning', file /build/firefox-144.0/toolkit/xre/nsSigHandlers.cpp:201

(firefox:919466): dconf-CRITICAL **: 15:27:37.153: unable to create file '/run/user/1000/dconf/user': Read-only file system.  dconf will not work properly.
[Parent 919466, Main Thread] WARNING: unable to create file '/run/user/1000/dconf/user': Read-only file system.  dconf will not work properly.: 'glib warning', file /build/firefox-144.0/toolkit/xre/nsSigHandlers.cpp:201

(firefox:919466): dconf-CRITICAL **: 15:27:37.153: unable to create file '/run/user/1000/dconf/user': Read-only file system.  dconf will not work properly.
[Parent 919466, Main Thread] WARNING: unable to create file '/run/user/1000/dconf/user': Read-only file system.  dconf will not work properly.: 'glib warning', file /build/firefox-144.0/toolkit/xre/nsSigHandlers.cpp:201

(firefox:919466): dconf-CRITICAL **: 15:27:37.154: unable to create file '/run/user/1000/dconf/user': Read-only file system.  dconf will not work properly.
[Parent 919466, Main Thread] WARNING: unable to create file '/run/user/1000/dconf/user': Read-only file system.  dconf will not work properly.: 'glib warning', file /build/firefox-144.0/toolkit/xre/nsSigHandlers.cpp:201

(firefox:919466): dconf-CRITICAL **: 15:27:37.154: unable to create file '/run/user/1000/dconf/user': Read-only file system.  dconf will not work properly.
[Parent 919466, Main Thread] WARNING: unable to create file '/run/user/1000/dconf/user': Read-only file system.  dconf will not work properly.: 'glib warning', file /build/firefox-144.0/toolkit/xre/nsSigHandlers.cpp:201

(firefox:919466): dconf-CRITICAL **: 15:27:37.154: unable to create file '/run/user/1000/dconf/user': Read-only file system.  dconf will not work properly.
[Parent 919466, Main Thread] WARNING: unable to create file '/run/user/1000/dconf/user': Read-only file system.  dconf will not work properly.: 'glib warning', file /build/firefox-144.0/toolkit/xre/nsSigHandlers.cpp:201

(firefox:919466): dconf-CRITICAL **: 15:27:37.155: unable to create file '/run/user/1000/dconf/user': Read-only file system.  dconf will not work properly.
[Parent 919466, Main Thread] WARNING: unable to create file '/run/user/1000/dconf/user': Read-only file system.  dconf will not work properly.: 'glib warning', file /build/firefox-144.0/toolkit/xre/nsSigHandlers.cpp:201

(firefox:919466): dconf-CRITICAL **: 15:27:37.155: unable to create file '/run/user/1000/dconf/user': Read-only file system.  dconf will not work properly.
[Parent 919466, Main Thread] WARNING: unable to create file '/run/user/1000/dconf/user': Read-only file system.  dconf will not work properly.: 'glib warning', file /build/firefox-144.0/toolkit/xre/nsSigHandlers.cpp:201

(firefox:919466): dconf-CRITICAL **: 15:27:37.155: unable to create file '/run/user/1000/dconf/user': Read-only file system.  dconf will not work properly.
[Parent 919466, Main Thread] WARNING: unable to create file '/run/user/1000/dconf/user': Read-only file system.  dconf will not work properly.: 'glib warning', file /build/firefox-144.0/toolkit/xre/nsSigHandlers.cpp:201

(firefox:919466): dconf-CRITICAL **: 15:27:37.173: unable to create file '/run/user/1000/dconf/user': Read-only file system.  dconf will not work properly.
[Parent 919466, Main Thread] WARNING: unable to create file '/run/user/1000/dconf/user': Read-only file system.  dconf will not work properly.: 'glib warning', file /build/firefox-144.0/toolkit/xre/nsSigHandlers.cpp:201

(firefox:919466): dconf-CRITICAL **: 15:27:37.173: unable to create file '/run/user/1000/dconf/user': Read-only file system.  dconf will not work properly.
console.info: "Registered still-not-active content scripts for beterbed.nl" [{id:"webcompat intervention for beterbed.nl: {\"css\":[\"bug1942292-beterbed.nl-scrollbar-fix.css\"]}", matches:["*://www.beterbed.nl/*"], persistAcrossSessions:false, css:["injections/css/bug1942292-beterbed.nl-scrollbar-fix.css"], runAt:"document_start"}]
console.info: "Enabled UA override for arenti.net"
[Parent 919466, Main Thread] WARNING: unable to create file '/run/user/1000/dconf/user': Read-only file system.  dconf will not work properly.: 'glib warning', file /build/firefox-144.0/toolkit/xre/nsSigHandlers.cpp:201

(firefox:919466): dconf-CRITICAL **: 15:27:37.201: unable to create file '/run/user/1000/dconf/user': Read-only file system.  dconf will not work properly.
[Parent 919466, Main Thread] WARNING: unable to create file '/run/user/1000/dconf/user': Read-only file system.  dconf will not work properly.: 'glib warning', file /build/firefox-144.0/toolkit/xre/nsSigHandlers.cpp:201

(firefox:919466): dconf-CRITICAL **: 15:27:37.201: unable to create file '/run/user/1000/dconf/user': Read-only file system.  dconf will not work properly.
[Parent 919466, Main Thread] WARNING: unable to create file '/run/user/1000/dconf/user': Read-only file system.  dconf will not work properly.: 'glib warning', file /build/firefox-144.0/toolkit/xre/nsSigHandlers.cpp:201

(firefox:919466): dconf-CRITICAL **: 15:27:37.204: unable to create file '/run/user/1000/dconf/user': Read-only file system.  dconf will not work properly.
[Parent 919466, Main Thread] WARNING: unable to create file '/run/user/1000/dconf/user': Read-only file system.  dconf will not work properly.: 'glib warning', file /build/firefox-144.0/toolkit/xre/nsSigHandlers.cpp:201

(firefox:919466): dconf-CRITICAL **: 15:27:37.204: unable to create file '/run/user/1000/dconf/user': Read-only file system.  dconf will not work properly.
[Parent 919466, Main Thread] WARNING: unable to create file '/run/user/1000/dconf/user': Read-only file system.  dconf will not work properly.: 'glib warning', file /build/firefox-144.0/toolkit/xre/nsSigHandlers.cpp:201

(firefox:919466): dconf-CRITICAL **: 15:27:37.206: unable to create file '/run/user/1000/dconf/user': Read-only file system.  dconf will not work properly.
[Parent 919466, Main Thread] WARNING: unable to create file '/run/user/1000/dconf/user': Read-only file system.  dconf will not work properly.: 'glib warning', file /build/firefox-144.0/toolkit/xre/nsSigHandlers.cpp:201

(firefox:919466): dconf-CRITICAL **: 15:27:37.206: unable to create file '/run/user/1000/dconf/user': Read-only file system.  dconf will not work properly.
[Parent 919466, Main Thread] WARNING: unable to create file '/run/user/1000/dconf/user': Read-only file system.  dconf will not work properly.: 'glib warning', file /build/firefox-144.0/toolkit/xre/nsSigHandlers.cpp:201

(firefox:919466): dconf-CRITICAL **: 15:27:37.208: unable to create file '/run/user/1000/dconf/user': Read-only file system.  dconf will not work properly.
[Parent 919466, Main Thread] WARNING: unable to create file '/run/user/1000/dconf/user': Read-only file system.  dconf will not work properly.: 'glib warning', file /build/firefox-144.0/toolkit/xre/nsSigHandlers.cpp:201

(firefox:919466): dconf-CRITICAL **: 15:27:37.208: unable to create file '/run/user/1000/dconf/user': Read-only file system.  dconf will not work properly.
console.info: "Registered still-not-active content scripts for app.powerbi.com" [{id:"webcompat intervention for app.powerbi.com: {\"all_frames\":true,\"js\":[\"bug1911423-app.powerbi.com-emulate-mousewheel-events.js\"]}", matches:["*://app.powerbi.com/view*", "*://app.powerbi.com/view*"], persistAcrossSessions:false, allFrames:true, js:["injections/js/bug1911423-app.powerbi.com-emulate-mousewheel-events.js"], runAt:"document_start"}]
[Parent 919466, Main Thread] WARNING: unable to create file '/run/user/1000/dconf/user': Read-only file system.  dconf will not work properly.: 'glib warning', file /build/firefox-144.0/toolkit/xre/nsSigHandlers.cpp:201

(firefox:919466): dconf-CRITICAL **: 15:27:37.230: unable to create file '/run/user/1000/dconf/user': Read-only file system.  dconf will not work properly.
[Parent 919466, Main Thread] WARNING: unable to create file '/run/user/1000/dconf/user': Read-only file system.  dconf will not work properly.: 'glib warning', file /build/firefox-144.0/toolkit/xre/nsSigHandlers.cpp:201

(firefox:919466): dconf-CRITICAL **: 15:27:37.231: unable to create file '/run/user/1000/dconf/user': Read-only file system.  dconf will not work properly.
[Parent 919466, Main Thread] WARNING: unable to create file '/run/user/1000/dconf/user': Read-only file system.  dconf will not work properly.: 'glib warning', file /build/firefox-144.0/toolkit/xre/nsSigHandlers.cpp:201

(firefox:919466): dconf-CRITICAL **: 15:27:37.233: unable to create file '/run/user/1000/dconf/user': Read-only file system.  dconf will not work properly.
[Parent 919466, Main Thread] WARNING: unable to create file '/run/user/1000/dconf/user': Read-only file system.  dconf will not work properly.: 'glib warning', file /build/firefox-144.0/toolkit/xre/nsSigHandlers.cpp:201

(firefox:919466): dconf-CRITICAL **: 15:27:37.234: unable to create file '/run/user/1000/dconf/user': Read-only file system.  dconf will not work properly.
[Parent 919466, Main Thread] WARNING: unable to create file '/run/user/1000/dconf/user': Read-only file system.  dconf will not work properly.: 'glib warning', file /build/firefox-144.0/toolkit/xre/nsSigHandlers.cpp:201

(firefox:919466): dconf-CRITICAL **: 15:27:37.235: unable to create file '/run/user/1000/dconf/user': Read-only file system.  dconf will not work properly.
[Parent 919466, Main Thread] WARNING: unable to create file '/run/user/1000/dconf/user': Read-only file system.  dconf will not work properly.: 'glib warning', file /build/firefox-144.0/toolkit/xre/nsSigHandlers.cpp:201

(firefox:919466): dconf-CRITICAL **: 15:27:37.235: unable to create file '/run/user/1000/dconf/user': Read-only file system.  dconf will not work properly.
[Parent 919466, Main Thread] WARNING: unable to create file '/run/user/1000/dconf/user': Read-only file system.  dconf will not work properly.: 'glib warning', file /build/firefox-144.0/toolkit/xre/nsSigHandlers.cpp:201

(firefox:919466): dconf-CRITICAL **: 15:27:37.237: unable to create file '/run/user/1000/dconf/user': Read-only file system.  dconf will not work properly.
[Parent 919466, Main Thread] WARNING: unable to create file '/run/user/1000/dconf/user': Read-only file system.  dconf will not work properly.: 'glib warning', file /build/firefox-144.0/toolkit/xre/nsSigHandlers.cpp:201

(firefox:919466): dconf-CRITICAL **: 15:27:37.237: unable to create file '/run/user/1000/dconf/user': Read-only file system.  dconf will not work properly.
[Parent 919466, Main Thread] WARNING: unable to create file '/run/user/1000/dconf/user': Read-only file system.  dconf will not work properly.: 'glib warning', file /build/firefox-144.0/toolkit/xre/nsSigHandlers.cpp:201

(firefox:919466): dconf-CRITICAL **: 15:27:37.238: unable to create file '/run/user/1000/dconf/user': Read-only file system.  dconf will not work properly.
[Parent 919466, Main Thread] WARNING: unable to create file '/run/user/1000/dconf/user': Read-only file system.  dconf will not work properly.: 'glib warning', file /build/firefox-144.0/toolkit/xre/nsSigHandlers.cpp:201

(firefox:919466): dconf-CRITICAL **: 15:27:37.238: unable to create file '/run/user/1000/dconf/user': Read-only file system.  dconf will not work properly.
[Parent 919466, Main Thread] WARNING: unable to create file '/run/user/1000/dconf/user': Read-only file system.  dconf will not work properly.: 'glib warning', file /build/firefox-144.0/toolkit/xre/nsSigHandlers.cpp:201

(firefox:919466): dconf-CRITICAL **: 15:27:37.239: unable to create file '/run/user/1000/dconf/user': Read-only file system.  dconf will not work properly.
[Parent 919466, Main Thread] WARNING: unable to create file '/run/user/1000/dconf/user': Read-only file system.  dconf will not work properly.: 'glib warning', file /build/firefox-144.0/toolkit/xre/nsSigHandlers.cpp:201

(firefox:919466): dconf-CRITICAL **: 15:27:37.240: unable to create file '/run/user/1000/dconf/user': Read-only file system.  dconf will not work properly.
console.info: "Registered still-not-active content scripts for order.mealkeyway.com" [{id:"webcompat intervention for order.mealkeyway.com: {\"js\":[\"bug1945019-order.mealkeyway.com-prevent-unsupported-message.js\"]}", matches:["https://order.mealkeyway.com/*"], persistAcrossSessions:false, js:["injections/js/bug1945019-order.mealkeyway.com-prevent-unsupported-message.js"], runAt:"document_start"}]
console.info: "Registered still-not-active content scripts for tiktok.com (extra scrollbars)" [{id:"webcompat intervention for tiktok.com (extra scrollbars): {\"css\":[\"bug1945438-www.tiktok.com-hide-extra-scrollbars.css\"]}", matches:["*://www.tiktok.com/*"], persistAcrossSessions:false, css:["injections/css/bug1945438-www.tiktok.com-hide-extra-scrollbars.css"], runAt:"document_start"}]
console.info: "Registered still-not-active content scripts for pexels.com" [{id:"webcompat intervention for pexels.com: {\"css\":[\"bug1947105-pexels.com-nudge-thanks-popup-onscreen.css\"]}", matches:["*://*.pexels.com/photo/*"], persistAcrossSessions:false, css:["injections/css/bug1947105-pexels.com-nudge-thanks-popup-onscreen.css"], runAt:"document_start"}]
console.info: "Enabled UA override for y.qq.com"
console.info: "Enabled UA override for boostapp.io"
console.info: "Registered still-not-active content scripts for www.shazam.com" [{id:"webcompat intervention for www.shazam.com: {\"css\":[\"bug1947979-shazam.com-hide-extra-scrollbars.css\"]}", matches:["*://www.shazam.com/song/*"], persistAcrossSessions:false, css:["injections/css/bug1947979-shazam.com-hide-extra-scrollbars.css"], runAt:"document_start"}]
console.info: "Registered still-not-active content scripts for lovers.cacaushow.com.br" [{id:"webcompat intervention for lovers.cacaushow.com.br: {\"css\":[\"bug1948047-lovers.cacaushow.com.br-nudge-login-popup-onscreen.css\"]}", matches:["*://lovers.cacaushow.com.br/*"], persistAcrossSessions:false, css:["injections/css/bug1948047-lovers.cacaushow.com.br-nudge-login-popup-onscreen.css"], runAt:"document_start"}]
console.info: "Enabled UA override for babel.com"
console.info: "Registered still-not-active content scripts for lapalabradeldia.com" [{id:"webcompat intervention for lapalabradeldia.com: {\"css\":[\"bug1949466-lapalabradeldia.com-fix-vanishing-letters.css\"]}", matches:["*://lapalabradeldia.com/*"], persistAcrossSessions:false, css:["injections/css/bug1949466-lapalabradeldia.com-fix-vanishing-letters.css"], runAt:"document_start"}]
console.info: "Registered still-not-active content scripts for omegleapp.me" [{id:"webcompat intervention for omegleapp.me: {\"css\":[\"bug1950053-omegleapp.me-fix-scrollbars.css\"]}", matches:["*://omegleapp.me/chat*"], persistAcrossSessions:false, css:["injections/css/bug1950053-omegleapp.me-fix-scrollbars.css"], runAt:"document_start"}]
console.info: "Enabled UA override for aylak.com"
console.info: "Enabled UA override for f1tv.formula1.com"
console.info: "Registered still-not-active content scripts for f1tv.formula1.com" [{id:"webcompat intervention for f1tv.formula1.com: {\"js\":[\"bug1950282-formula1.com-platform-linux-fix.js\"]}", matches:["*://*.formula1.com/*"], persistAcrossSessions:false, js:["injections/js/bug1950282-formula1.com-platform-linux-fix.js"], runAt:"document_start"}]
console.info: "Enabled UA override for sus.softadmin.se"
console.info: "Registered still-not-active content scripts for calcoastcu.org" [{id:"webcompat intervention for calcoastcu.org: {\"css\":[\"bug1951055-calcoastcu.org-hide-browser-warning.css\"]}", matches:["*://*.calcoastcu.org/*"], persistAcrossSessions:false, css:["injections/css/bug1951055-calcoastcu.org-hide-browser-warning.css"], runAt:"document_start"}]
console.info: "Enabled UA override for byod.airindia.com"
console.info: "Registered still-not-active content scripts for Nintendo movie guidebook" [{id:"webcompat intervention for Nintendo movie guidebook: {\"css\":[\"bug1953077-nintendo.com-fix-blank-movie-guidebook.css\"]}", matches:["*://*.nintendo.com/*"], persistAcrossSessions:false, css:["injections/css/bug1953077-nintendo.com-fix-blank-movie-guidebook.css"], runAt:"document_start"}]
console.info: "Enabled UA override for slc-ut-us.avolvecloud.com"
console.info: "Registered still-not-active content scripts for advancedmd.com" [{id:"webcompat intervention for advancedmd.com: {\"js\":[\"bug1898952-digits.t-mobile.com.js\"]}", matches:["*://*.advancedmd.com/*"], persistAcrossSessions:false, js:["injections/js/bug1898952-digits.t-mobile.com.js"], runAt:"document_start"}]
console.info: "Enabled UA override for advancedmd.com"
console.info: "Registered still-not-active content scripts for td.com" [{id:"webcompat intervention for td.com: {\"css\":[\"bug1954144-td.com-scrollbar-fix.css\"]}", matches:["*://*.td.com/*"], persistAcrossSessions:false, css:["injections/css/bug1954144-td.com-scrollbar-fix.css"], runAt:"document_start"}]
console.info: "Registered still-not-active content scripts for coopvoce.it" [{id:"webcompat intervention for coopvoce.it: {\"css\":[\"bug1955932-coopvoce.it-fix-broken-radiobuttons.css\"]}", matches:["*://www.coopvoce.it/portale/ricarica.html*"], persistAcrossSessions:false, css:["injections/css/bug1955932-coopvoce.it-fix-broken-radiobuttons.css"], runAt:"document_start"}]
console.info: "Enabled UA override for cesupils.lv"
console.info: "Enabled UA override for wms.sso.biglobe.ne.jp"
console.info: "Registered still-not-active content scripts for cartlow.com" [{id:"webcompat intervention for cartlow.com: {\"js\":[\"bug1962353-cartlow.com-fix-product-filters.js\"]}", matches:["*://www.cartlow.com/uae/*"], persistAcrossSessions:false, js:["injections/js/bug1962353-cartlow.com-fix-product-filters.js"], runAt:"document_start"}]
console.info: "Enabled UA override for go.idnow.de"
console.info: "Registered still-not-active content scripts for app.kosmi.io" [{id:"webcompat intervention for app.kosmi.io: {\"js\":[\"bug1963270-app.kosmi.io-unprefix-mozCaptureStream.js\"]}", matches:["*://app.kosmi.io/*"], persistAcrossSessions:false, js:["injections/js/bug1963270-app.kosmi.io-unprefix-mozCaptureStream.js"], runAt:"document_start"}]
console.info: "Registered still-not-active content scripts for salling.dk" [{id:"webcompat intervention for salling.dk: {\"css\":[\"bug1966330-salling.dk-fix-mobile-filter-scrolling.css\"]}", matches:["*://salling.dk/*"], persistAcrossSessions:false, css:["injections/css/bug1966330-salling.dk-fix-mobile-filter-scrolling.css"], runAt:"document_start"}]
console.info: "Registered still-not-active content scripts for boots.com" [{id:"webcompat intervention for boots.com: {\"all_frames\":true,\"css\":[\"bug1966389-boots.com-align-element-widths.css\"]}", matches:["*://appointments.boots.com/*"], persistAcrossSessions:false, allFrames:true, css:["injections/css/bug1966389-boots.com-align-element-widths.css"], runAt:"document_start"}]
console.info: "Registered still-not-active content scripts for hiskin.care" [{id:"webcompat intervention for hiskin.care: {\"css\":[\"bug1966585-hiskin.care-reveal-missing-content.css\"]}", matches:["*://hiskin.care/*"], persistAcrossSessions:false, css:["injections/css/bug1966585-hiskin.care-reveal-missing-content.css"], runAt:"document_start"}]
console.info: "Registered still-not-active content scripts for gemini.google.com" [{id:"webcompat intervention for gemini.google.com: {\"js\":[\"bug1967510-gemini.google.com-fix-copy-pasting-between-inputs.js\"]}", matches:["*://gemini.google.com/*"], persistAcrossSessions:false, js:["injections/js/bug1967510-gemini.google.com-fix-copy-pasting-between-inputs.js"], runAt:"document_start"}]
console.info: "Enabled UA override for onlyfaucet.com"
console.info: "Registered still-not-active content scripts for www.metacritic.com" [{id:"webcompat intervention for www.metacritic.com: {\"css\":[\"bug1968198-metacritic.com-fix-release-year-filter.css\"]}", matches:["*://www.metacritic.com/browse/*"], persistAcrossSessions:false, css:["injections/css/bug1968198-metacritic.com-fix-release-year-filter.css"], runAt:"document_start"}]
[Parent 919466, Main Thread] WARNING: unable to create file '/run/user/1000/dconf/user': Read-only file system.  dconf will not work properly.: 'glib warning', file /build/firefox-144.0/toolkit/xre/nsSigHandlers.cpp:201

(firefox:919466): dconf-CRITICAL **: 15:27:37.360: unable to create file '/run/user/1000/dconf/user': Read-only file system.  dconf will not work properly.
[Parent 919466, Main Thread] WARNING: unable to create file '/run/user/1000/dconf/user': Read-only file system.  dconf will not work properly.: 'glib warning', file /build/firefox-144.0/toolkit/xre/nsSigHandlers.cpp:201

(firefox:919466): dconf-CRITICAL **: 15:27:37.360: unable to create file '/run/user/1000/dconf/user': Read-only file system.  dconf will not work properly.
console.info: "Registered still-not-active content scripts for appointments.mpi.mb.ca" [{id:"webcompat intervention for appointments.mpi.mb.ca: {\"js\":[\"bug196916-mpi.mb.ca-polyfill-getWeekInfo.js\"]}", matches:["*://appointments.mpi.mb.ca/*"], persistAcrossSessions:false, js:["injections/js/bug196916-mpi.mb.ca-polyfill-getWeekInfo.js"], runAt:"document_start"}]
console.info: "Registered still-not-active content scripts for www.wills-vegan-store.com" [{id:"webcompat intervention for www.wills-vegan-store.com: {\"css\":[\"bug1969245-www.wills-vegan-store.com-unhide-product-images.css\"]}", matches:["*://www.wills-vegan-store.com/*"], persistAcrossSessions:false, css:["injections/css/bug1969245-www.wills-vegan-store.com-unhide-product-images.css"], runAt:"document_start"}]
console.info: "Enabled UA override for cmyportal.tkc.co.jp"
console.info: "Registered still-not-active content scripts for www.dell.com" [{id:"webcompat intervention for www.dell.com: {\"css\":[\"bug1975951-www.dell.com-reveal-product-images.css\"]}", matches:["*://www.dell.com/*"], persistAcrossSessions:false, css:["injections/css/bug1975951-www.dell.com-reveal-product-images.css"], runAt:"document_start"}]
console.info: "Enabled UA override for unak.medlemssidor.org"
console.info: "Registered still-not-active content scripts for dieseldispatch.com" [{id:"webcompat intervention for dieseldispatch.com: {\"js\":[\"bug1976402-dieseldispatch.com-emulate-mousewheel-events.js\"]}", matches:["*://dieseldispatch.com/*"], persistAcrossSessions:false, js:["injections/js/bug1976402-dieseldispatch.com-emulate-mousewheel-events.js"], runAt:"document_start"}]
console.info: "Registered still-not-active content scripts for scrolller.com" [{id:"webcompat intervention for scrolller.com: {\"js\":[\"bug1979612-scroller.com-shim-mozappearance.js\"]}", matches:["*://scrolller.com/*"], persistAcrossSessions:false, js:["injections/js/bug1979612-scroller.com-shim-mozappearance.js"], runAt:"document_start"}]
console.info: "Registered still-not-active content scripts for www.fidrec.com.sg" [{id:"webcompat intervention for www.fidrec.com.sg: {\"css\":[\"bug1980382-www.fidrec.com.sg-fix-radio-buttons.css\"]}", matches:["*://www.fidrec.com.sg/*"], persistAcrossSessions:false, css:["injections/css/bug1980382-www.fidrec.com.sg-fix-radio-buttons.css"], runAt:"document_start"}]
console.info: "Registered still-not-active content scripts for hall.ssjj.cn" [{id:"webcompat intervention for hall.ssjj.cn: {\"css\":[\"bug1982295-hall.ssjj.cn-fix-layout.css\"]}", matches:["*://hall.ssjj.cn/*"], persistAcrossSessions:false, css:["injections/css/bug1982295-hall.ssjj.cn-fix-layout.css"], runAt:"document_start"}]
console.info: "Enabled UA override for filmyworlds.boutique"
console.info: "Enabled UA override for daotranslate.com"
console.info: "Enabled UA override for fxnetworkspressroom.com"
console.info: "Enabled UA override for onvue.com"
console.info: "Enabled UA override for avizia.com"
console.info: "Enabled UA override for watch.indee.tv"
console.info: "Enabled UA override for viewer-ebook.books.com.tw"
console.info: "Enabled UA override for jelly.jd.com"
console.info: "Enabled UA override for kt.com"
console.info: "Registered still-not-active content scripts for nppes.cms.hhs.gov" [{id:"webcompat intervention for nppes.cms.hhs.gov: {\"css\":[\"bug1819678-nppes.cms.hhs.gov-unsupported-banner.css\"]}", matches:["*://nppes.cms.hhs.gov/*"], persistAcrossSessions:false, css:["injections/css/bug1819678-nppes.cms.hhs.gov-unsupported-banner.css"], runAt:"document_start"}]
console.info: "Enabled UA override for oirsa.org"
console.info: "Enabled UA override for onp.cloud.waterloo.ca"
console.warn: "Skipping" 96 "un-needed interventions" ["10play.com.au", "Casino sites", "FastClick breakage", "FastClick breakage (legacy)", "Sites relying on window.InstallTrigger", "Sites using draft.js", "add.org", "admissions.nid.edu", "africanews.com", "aliexpress.com bundle deals pages", "andisearch.com", "angeljackets.com", "animalplanet.com", "app.xiaomi.com", "authface.liquid-auth.com", "autotrader.ca", "biodiscover.com", "buzzfeed.com", "calculator.net", "ceskatelevize.cz", "cfspart-idp.impots.gouv.fr", "chaturbate.com", "cmbchina.com", "coldwellbankerhomes.com", "comic.k-manga.jp", "copyleaks.com", "de.pons.com", "developer.apple.com", "dgslms.aduacademy.in", "digimart.net", "dotnetfiddle.net", "ebay.com", "eksiseyler.com", "enjoy.point.auone.jp", "enuri.com", "envios.mercadolibre.com.ar", "eyebuydirect.ca", "fanplus.co.jp", "fdj.fr", "findmy.tokyo", "firstenergycorp.com", "frankfred.com", "galaxy.store", "gree.jp", "hoanghamobile.com", "hrm.online.comarch.pl", "idserver.servizicie.interno.gov.it", "kancelaria.kros.sk", "kuruma-news.jp", "lazada.co.id", "lffl.org", "lg.jio.com", "linkedin.com", "login.yahoo.com", "m.modanisa.com", "m.tailieu.vn", "m.youtube.com picture-in-picture fix", "media.qdnd.vn", "memurlar.net", "my.southerncross.co.nz", "netpets.com", "nsandi.com", "nvidia.com", "nytimes.com Modern Love Questions", "passport.bilibili.com", "paypal.com", "port8.fi", "portal.circle.ms", "publix.com", "rakuten.co.jp", "rbi.org", "renaud-bray.com", "saxoinvestor.fr", "slrclub.com", "store.sony.jp", "urvaerket.dk", "virtualvisit.telushealth.com", "vuemotion.santacasaba.org.br", "wattpad.com", "webcartop.jp", "workflow.base.vn", "wp1-ext.usps.gov", "www.capital.gr", "www.cbsnews.com", "www.dealnews.com", "www.editoracontexto.com.br", "www.free4talk.com", "www.jp.square-enix.com", "www.korg.com", "www.lush.com", "www.samsung.com (columns fix)", "www.samsung.com (images fix)", "www.six-group.com", "www.yourtexasbenefits.com", "www.zara.com", "zmags.com"]
[Parent 919466, Main Thread] WARNING: unable to create file '/run/user/1000/dconf/user': Read-only file system.  dconf will not work properly.: 'glib warning', file /build/firefox-144.0/toolkit/xre/nsSigHandlers.cpp:201

(firefox:919466): dconf-CRITICAL **: 15:27:37.414: unable to create file '/run/user/1000/dconf/user': Read-only file system.  dconf will not work properly.
[Parent 919466, Main Thread] WARNING: unable to create file '/run/user/1000/dconf/user': Read-only file system.  dconf will not work properly.: 'glib warning', file /build/firefox-144.0/toolkit/xre/nsSigHandlers.cpp:201

(firefox:919466): dconf-CRITICAL **: 15:27:37.414: unable to create file '/run/user/1000/dconf/user': Read-only file system.  dconf will not work properly.
[Parent 919466, Main Thread] WARNING: unable to create file '/run/user/1000/dconf/user': Read-only file system.  dconf will not work properly.: 'glib warning', file /build/firefox-144.0/toolkit/xre/nsSigHandlers.cpp:201

(firefox:919466): dconf-CRITICAL **: 15:27:37.436: unable to create file '/run/user/1000/dconf/user': Read-only file system.  dconf will not work properly.
[Parent 919466, Main Thread] WARNING: unable to create file '/run/user/1000/dconf/user': Read-only file system.  dconf will not work properly.: 'glib warning', file /build/firefox-144.0/toolkit/xre/nsSigHandlers.cpp:201

(firefox:919466): dconf-CRITICAL **: 15:27:37.437: unable to create file '/run/user/1000/dconf/user': Read-only file system.  dconf will not work properly.
[Parent 919466, Main Thread] WARNING: unable to create file '/run/user/1000/dconf/user': Read-only file system.  dconf will not work properly.: 'glib warning', file /build/firefox-144.0/toolkit/xre/nsSigHandlers.cpp:201

(firefox:919466): dconf-CRITICAL **: 15:27:37.437: unable to create file '/run/user/1000/dconf/user': Read-only file system.  dconf will not work properly.
[Parent 919466, Main Thread] WARNING: unable to create file '/run/user/1000/dconf/user': Read-only file system.  dconf will not work properly.: 'glib warning', file /build/firefox-144.0/toolkit/xre/nsSigHandlers.cpp:201

(firefox:919466): dconf-CRITICAL **: 15:27:37.437: unable to create file '/run/user/1000/dconf/user': Read-only file system.  dconf will not work properly.
console.warn: "[web-runtime] connection lost, retry #3"
[Parent 919466, Main Thread] WARNING: unable to create file '/run/user/1000/dconf/user': Read-only file system.  dconf will not work properly.: 'glib warning', file /build/firefox-144.0/toolkit/xre/nsSigHandlers.cpp:201

(firefox:919466): dconf-CRITICAL **: 15:27:37.499: unable to create file '/run/user/1000/dconf/user': Read-only file system.  dconf will not work properly.
[Parent 919466, Main Thread] WARNING: unable to create file '/run/user/1000/dconf/user': Read-only file system.  dconf will not work properly.: 'glib warning', file /build/firefox-144.0/toolkit/xre/nsSigHandlers.cpp:201

(firefox:919466): dconf-CRITICAL **: 15:27:37.499: unable to create file '/run/user/1000/dconf/user': Read-only file system.  dconf will not work properly.
[Parent 919466, Main Thread] WARNING: unable to create file '/run/user/1000/dconf/user': Read-only file system.  dconf will not work properly.: 'glib warning', file /build/firefox-144.0/toolkit/xre/nsSigHandlers.cpp:201

(firefox:919466): dconf-CRITICAL **: 15:27:37.616: unable to create file '/run/user/1000/dconf/user': Read-only file system.  dconf will not work properly.
[Parent 919466, Main Thread] WARNING: unable to create file '/run/user/1000/dconf/user': Read-only file system.  dconf will not work properly.: 'glib warning', file /build/firefox-144.0/toolkit/xre/nsSigHandlers.cpp:201

(firefox:919466): dconf-CRITICAL **: 15:27:37.616: unable to create file '/run/user/1000/dconf/user': Read-only file system.  dconf will not work properly.
[Parent 919466, Main Thread] WARNING: unable to create file '/run/user/1000/dconf/user': Read-only file system.  dconf will not work properly.: 'glib warning', file /build/firefox-144.0/toolkit/xre/nsSigHandlers.cpp:201

(firefox:919466): dconf-CRITICAL **: 15:27:37.859: unable to create file '/run/user/1000/dconf/user': Read-only file system.  dconf will not work properly.
[Parent 919466, Main Thread] WARNING: unable to create file '/run/user/1000/dconf/user': Read-only file system.  dconf will not work properly.: 'glib warning', file /build/firefox-144.0/toolkit/xre/nsSigHandlers.cpp:201

(firefox:919466): dconf-CRITICAL **: 15:27:37.859: unable to create file '/run/user/1000/dconf/user': Read-only file system.  dconf will not work properly.
[Parent 919466, Main Thread] WARNING: unable to create file '/run/user/1000/dconf/user': Read-only file system.  dconf will not work properly.: 'glib warning', file /build/firefox-144.0/toolkit/xre/nsSigHandlers.cpp:201

(firefox:919466): dconf-CRITICAL **: 15:27:37.862: unable to create file '/run/user/1000/dconf/user': Read-only file system.  dconf will not work properly.
[Parent 919466, Main Thread] WARNING: unable to create file '/run/user/1000/dconf/user': Read-only file system.  dconf will not work properly.: 'glib warning', file /build/firefox-144.0/toolkit/xre/nsSigHandlers.cpp:201

(firefox:919466): dconf-CRITICAL **: 15:27:37.862: unable to create file '/run/user/1000/dconf/user': Read-only file system.  dconf will not work properly.
[Parent 919466, Main Thread] WARNING: unable to create file '/run/user/1000/dconf/user': Read-only file system.  dconf will not work properly.: 'glib warning', file /build/firefox-144.0/toolkit/xre/nsSigHandlers.cpp:201

(firefox:919466): dconf-CRITICAL **: 15:27:37.876: unable to create file '/run/user/1000/dconf/user': Read-only file system.  dconf will not work properly.
[Parent 919466, Main Thread] WARNING: unable to create file '/run/user/1000/dconf/user': Read-only file system.  dconf will not work properly.: 'glib warning', file /build/firefox-144.0/toolkit/xre/nsSigHandlers.cpp:201

(firefox:919466): dconf-CRITICAL **: 15:27:37.876: unable to create file '/run/user/1000/dconf/user': Read-only file system.  dconf will not work properly.
[Parent 919466, Main Thread] WARNING: unable to create file '/run/user/1000/dconf/user': Read-only file system.  dconf will not work properly.: 'glib warning', file /build/firefox-144.0/toolkit/xre/nsSigHandlers.cpp:201

(firefox:919466): dconf-CRITICAL **: 15:27:37.878: unable to create file '/run/user/1000/dconf/user': Read-only file system.  dconf will not work properly.
[Parent 919466, Main Thread] WARNING: unable to create file '/run/user/1000/dconf/user': Read-only file system.  dconf will not work properly.: 'glib warning', file /build/firefox-144.0/toolkit/xre/nsSigHandlers.cpp:201

(firefox:919466): dconf-CRITICAL **: 15:27:37.878: unable to create file '/run/user/1000/dconf/user': Read-only file system.  dconf will not work properly.
[Parent 919466, Main Thread] WARNING: unable to create file '/run/user/1000/dconf/user': Read-only file system.  dconf will not work properly.: 'glib warning', file /build/firefox-144.0/toolkit/xre/nsSigHandlers.cpp:201

(firefox:919466): dconf-CRITICAL **: 15:27:37.890: unable to create file '/run/user/1000/dconf/user': Read-only file system.  dconf will not work properly.
[Parent 919466, Main Thread] WARNING: unable to create file '/run/user/1000/dconf/user': Read-only file system.  dconf will not work properly.: 'glib warning', file /build/firefox-144.0/toolkit/xre/nsSigHandlers.cpp:201

(firefox:919466): dconf-CRITICAL **: 15:27:37.890: unable to create file '/run/user/1000/dconf/user': Read-only file system.  dconf will not work properly.
[Parent 919466, Main Thread] WARNING: unable to create file '/run/user/1000/dconf/user': Read-only file system.  dconf will not work properly.: 'glib warning', file /build/firefox-144.0/toolkit/xre/nsSigHandlers.cpp:201

(firefox:919466): dconf-CRITICAL **: 15:27:37.902: unable to create file '/run/user/1000/dconf/user': Read-only file system.  dconf will not work properly.
[Parent 919466, Main Thread] WARNING: unable to create file '/run/user/1000/dconf/user': Read-only file system.  dconf will not work properly.: 'glib warning', file /build/firefox-144.0/toolkit/xre/nsSigHandlers.cpp:201

(firefox:919466): dconf-CRITICAL **: 15:27:37.902: unable to create file '/run/user/1000/dconf/user': Read-only file system.  dconf will not work properly.
[Parent 919466, Main Thread] WARNING: unable to create file '/run/user/1000/dconf/user': Read-only file system.  dconf will not work properly.: 'glib warning', file /build/firefox-144.0/toolkit/xre/nsSigHandlers.cpp:201

(firefox:919466): dconf-CRITICAL **: 15:27:37.903: unable to create file '/run/user/1000/dconf/user': Read-only file system.  dconf will not work properly.
[Parent 919466, Main Thread] WARNING: unable to create file '/run/user/1000/dconf/user': Read-only file system.  dconf will not work properly.: 'glib warning', file /build/firefox-144.0/toolkit/xre/nsSigHandlers.cpp:201

(firefox:919466): dconf-CRITICAL **: 15:27:37.903: unable to create file '/run/user/1000/dconf/user': Read-only file system.  dconf will not work properly.
[Parent 919466, Main Thread] WARNING: unable to create file '/run/user/1000/dconf/user': Read-only file system.  dconf will not work properly.: 'glib warning', file /build/firefox-144.0/toolkit/xre/nsSigHandlers.cpp:201

(firefox:919466): dconf-CRITICAL **: 15:27:37.915: unable to create file '/run/user/1000/dconf/user': Read-only file system.  dconf will not work properly.
[Parent 919466, Main Thread] WARNING: unable to create file '/run/user/1000/dconf/user': Read-only file system.  dconf will not work properly.: 'glib warning', file /build/firefox-144.0/toolkit/xre/nsSigHandlers.cpp:201

(firefox:919466): dconf-CRITICAL **: 15:27:37.915: unable to create file '/run/user/1000/dconf/user': Read-only file system.  dconf will not work properly.
[Parent 919466, Main Thread] WARNING: unable to create file '/run/user/1000/dconf/user': Read-only file system.  dconf will not work properly.: 'glib warning', file /build/firefox-144.0/toolkit/xre/nsSigHandlers.cpp:201

(firefox:919466): dconf-CRITICAL **: 15:27:37.928: unable to create file '/run/user/1000/dconf/user': Read-only file system.  dconf will not work properly.
[Parent 919466, Main Thread] WARNING: unable to create file '/run/user/1000/dconf/user': Read-only file system.  dconf will not work properly.: 'glib warning', file /build/firefox-144.0/toolkit/xre/nsSigHandlers.cpp:201

(firefox:919466): dconf-CRITICAL **: 15:27:37.928: unable to create file '/run/user/1000/dconf/user': Read-only file system.  dconf will not work properly.
[Parent 919466, Main Thread] WARNING: unable to create file '/run/user/1000/dconf/user': Read-only file system.  dconf will not work properly.: 'glib warning', file /build/firefox-144.0/toolkit/xre/nsSigHandlers.cpp:201

(firefox:919466): dconf-CRITICAL **: 15:27:37.929: unable to create file '/run/user/1000/dconf/user': Read-only file system.  dconf will not work properly.
[Parent 919466, Main Thread] WARNING: unable to create file '/run/user/1000/dconf/user': Read-only file system.  dconf will not work properly.: 'glib warning', file /build/firefox-144.0/toolkit/xre/nsSigHandlers.cpp:201

(firefox:919466): dconf-CRITICAL **: 15:27:37.930: unable to create file '/run/user/1000/dconf/user': Read-only file system.  dconf will not work properly.
[Parent 919466, Main Thread] WARNING: unable to create file '/run/user/1000/dconf/user': Read-only file system.  dconf will not work properly.: 'glib warning', file /build/firefox-144.0/toolkit/xre/nsSigHandlers.cpp:201

(firefox:919466): dconf-CRITICAL **: 15:27:37.942: unable to create file '/run/user/1000/dconf/user': Read-only file system.  dconf will not work properly.
[Parent 919466, Main Thread] WARNING: unable to create file '/run/user/1000/dconf/user': Read-only file system.  dconf will not work properly.: 'glib warning', file /build/firefox-144.0/toolkit/xre/nsSigHandlers.cpp:201

(firefox:919466): dconf-CRITICAL **: 15:27:37.943: unable to create file '/run/user/1000/dconf/user': Read-only file system.  dconf will not work properly.
[Parent 919466, Main Thread] WARNING: unable to create file '/run/user/1000/dconf/user': Read-only file system.  dconf will not work properly.: 'glib warning', file /build/firefox-144.0/toolkit/xre/nsSigHandlers.cpp:201

(firefox:919466): dconf-CRITICAL **: 15:27:37.948: unable to create file '/run/user/1000/dconf/user': Read-only file system.  dconf will not work properly.
[Parent 919466, Main Thread] WARNING: unable to create file '/run/user/1000/dconf/user': Read-only file system.  dconf will not work properly.: 'glib warning', file /build/firefox-144.0/toolkit/xre/nsSigHandlers.cpp:201

(firefox:919466): dconf-CRITICAL **: 15:27:37.948: unable to create file '/run/user/1000/dconf/user': Read-only file system.  dconf will not work properly.
[Parent 919466, Main Thread] WARNING: unable to create file '/run/user/1000/dconf/user': Read-only file system.  dconf will not work properly.: 'glib warning', file /build/firefox-144.0/toolkit/xre/nsSigHandlers.cpp:201

(firefox:919466): dconf-CRITICAL **: 15:27:37.970: unable to create file '/run/user/1000/dconf/user': Read-only file system.  dconf will not work properly.
[Parent 919466, Main Thread] WARNING: unable to create file '/run/user/1000/dconf/user': Read-only file system.  dconf will not work properly.: 'glib warning', file /build/firefox-144.0/toolkit/xre/nsSigHandlers.cpp:201

(firefox:919466): dconf-CRITICAL **: 15:27:37.971: unable to create file '/run/user/1000/dconf/user': Read-only file system.  dconf will not work properly.
[Parent 919466, Main Thread] WARNING: unable to create file '/run/user/1000/dconf/user': Read-only file system.  dconf will not work properly.: 'glib warning', file /build/firefox-144.0/toolkit/xre/nsSigHandlers.cpp:201

(firefox:919466): dconf-CRITICAL **: 15:27:37.974: unable to create file '/run/user/1000/dconf/user': Read-only file system.  dconf will not work properly.
[Parent 919466, Main Thread] WARNING: unable to create file '/run/user/1000/dconf/user': Read-only file system.  dconf will not work properly.: 'glib warning', file /build/firefox-144.0/toolkit/xre/nsSigHandlers.cpp:201

(firefox:919466): dconf-CRITICAL **: 15:27:37.974: unable to create file '/run/user/1000/dconf/user': Read-only file system.  dconf will not work properly.
[Parent 919466, Main Thread] WARNING: unable to create file '/run/user/1000/dconf/user': Read-only file system.  dconf will not work properly.: 'glib warning', file /build/firefox-144.0/toolkit/xre/nsSigHandlers.cpp:201

(firefox:919466): dconf-CRITICAL **: 15:27:37.987: unable to create file '/run/user/1000/dconf/user': Read-only file system.  dconf will not work properly.
[Parent 919466, Main Thread] WARNING: unable to create file '/run/user/1000/dconf/user': Read-only file system.  dconf will not work properly.: 'glib warning', file /build/firefox-144.0/toolkit/xre/nsSigHandlers.cpp:201

(firefox:919466): dconf-CRITICAL **: 15:27:37.987: unable to create file '/run/user/1000/dconf/user': Read-only file system.  dconf will not work properly.
[Parent 919466, Main Thread] WARNING: unable to create file '/run/user/1000/dconf/user': Read-only file system.  dconf will not work properly.: 'glib warning', file /build/firefox-144.0/toolkit/xre/nsSigHandlers.cpp:201

(firefox:919466): dconf-CRITICAL **: 15:27:37.991: unable to create file '/run/user/1000/dconf/user': Read-only file system.  dconf will not work properly.
[Parent 919466, Main Thread] WARNING: unable to create file '/run/user/1000/dconf/user': Read-only file system.  dconf will not work properly.: 'glib warning', file /build/firefox-144.0/toolkit/xre/nsSigHandlers.cpp:201

(firefox:919466): dconf-CRITICAL **: 15:27:37.991: unable to create file '/run/user/1000/dconf/user': Read-only file system.  dconf will not work properly.
[Parent 919466, Main Thread] WARNING: unable to create file '/run/user/1000/dconf/user': Read-only file system.  dconf will not work properly.: 'glib warning', file /build/firefox-144.0/toolkit/xre/nsSigHandlers.cpp:201

(firefox:919466): dconf-CRITICAL **: 15:27:37.996: unable to create file '/run/user/1000/dconf/user': Read-only file system.  dconf will not work properly.
[Parent 919466, Main Thread] WARNING: unable to create file '/run/user/1000/dconf/user': Read-only file system.  dconf will not work properly.: 'glib warning', file /build/firefox-144.0/toolkit/xre/nsSigHandlers.cpp:201

(firefox:919466): dconf-CRITICAL **: 15:27:37.997: unable to create file '/run/user/1000/dconf/user': Read-only file system.  dconf will not work properly.
[Parent 919466, Main Thread] WARNING: unable to create file '/run/user/1000/dconf/user': Read-only file system.  dconf will not work properly.: 'glib warning', file /build/firefox-144.0/toolkit/xre/nsSigHandlers.cpp:201

(firefox:919466): dconf-CRITICAL **: 15:27:38.012: unable to create file '/run/user/1000/dconf/user': Read-only file system.  dconf will not work properly.
[Parent 919466, Main Thread] WARNING: unable to create file '/run/user/1000/dconf/user': Read-only file system.  dconf will not work properly.: 'glib warning', file /build/firefox-144.0/toolkit/xre/nsSigHandlers.cpp:201

(firefox:919466): dconf-CRITICAL **: 15:27:38.012: unable to create file '/run/user/1000/dconf/user': Read-only file system.  dconf will not work properly.
[Parent 919466, Main Thread] WARNING: unable to create file '/run/user/1000/dconf/user': Read-only file system.  dconf will not work properly.: 'glib warning', file /build/firefox-144.0/toolkit/xre/nsSigHandlers.cpp:201

(firefox:919466): dconf-CRITICAL **: 15:27:38.062: unable to create file '/run/user/1000/dconf/user': Read-only file system.  dconf will not work properly.
[Parent 919466, Main Thread] WARNING: unable to create file '/run/user/1000/dconf/user': Read-only file system.  dconf will not work properly.: 'glib warning', file /build/firefox-144.0/toolkit/xre/nsSigHandlers.cpp:201

(firefox:919466): dconf-CRITICAL **: 15:27:38.062: unable to create file '/run/user/1000/dconf/user': Read-only file system.  dconf will not work properly.
[Parent 919466, Main Thread] WARNING: unable to create file '/run/user/1000/dconf/user': Read-only file system.  dconf will not work properly.: 'glib warning', file /build/firefox-144.0/toolkit/xre/nsSigHandlers.cpp:201

(firefox:919466): dconf-CRITICAL **: 15:27:38.063: unable to create file '/run/user/1000/dconf/user': Read-only file system.  dconf will not work properly.
[Parent 919466, Main Thread] WARNING: unable to create file '/run/user/1000/dconf/user': Read-only file system.  dconf will not work properly.: 'glib warning', file /build/firefox-144.0/toolkit/xre/nsSigHandlers.cpp:201

(firefox:919466): dconf-CRITICAL **: 15:27:38.063: unable to create file '/run/user/1000/dconf/user': Read-only file system.  dconf will not work properly.
[Parent 919466, Main Thread] WARNING: unable to create file '/run/user/1000/dconf/user': Read-only file system.  dconf will not work properly.: 'glib warning', file /build/firefox-144.0/toolkit/xre/nsSigHandlers.cpp:201

(firefox:919466): dconf-CRITICAL **: 15:27:38.066: unable to create file '/run/user/1000/dconf/user': Read-only file system.  dconf will not work properly.
[Parent 919466, Main Thread] WARNING: unable to create file '/run/user/1000/dconf/user': Read-only file system.  dconf will not work properly.: 'glib warning', file /build/firefox-144.0/toolkit/xre/nsSigHandlers.cpp:201

(firefox:919466): dconf-CRITICAL **: 15:27:38.066: unable to create file '/run/user/1000/dconf/user': Read-only file system.  dconf will not work properly.
[Parent 919466, Main Thread] WARNING: unable to create file '/run/user/1000/dconf/user': Read-only file system.  dconf will not work properly.: 'glib warning', file /build/firefox-144.0/toolkit/xre/nsSigHandlers.cpp:201

(firefox:919466): dconf-CRITICAL **: 15:27:38.066: unable to create file '/run/user/1000/dconf/user': Read-only file system.  dconf will not work properly.
[Parent 919466, Main Thread] WARNING: unable to create file '/run/user/1000/dconf/user': Read-only file system.  dconf will not work properly.: 'glib warning', file /build/firefox-144.0/toolkit/xre/nsSigHandlers.cpp:201

(firefox:919466): dconf-CRITICAL **: 15:27:38.066: unable to create file '/run/user/1000/dconf/user': Read-only file system.  dconf will not work properly.
[Parent 919466, Main Thread] WARNING: unable to create file '/run/user/1000/dconf/user': Read-only file system.  dconf will not work properly.: 'glib warning', file /build/firefox-144.0/toolkit/xre/nsSigHandlers.cpp:201

(firefox:919466): dconf-CRITICAL **: 15:27:38.067: unable to create file '/run/user/1000/dconf/user': Read-only file system.  dconf will not work properly.
[Parent 919466, Main Thread] WARNING: unable to create file '/run/user/1000/dconf/user': Read-only file system.  dconf will not work properly.: 'glib warning', file /build/firefox-144.0/toolkit/xre/nsSigHandlers.cpp:201

(firefox:919466): dconf-CRITICAL **: 15:27:38.067: unable to create file '/run/user/1000/dconf/user': Read-only file system.  dconf will not work properly.
[Parent 919466, Main Thread] WARNING: unable to create file '/run/user/1000/dconf/user': Read-only file system.  dconf will not work properly.: 'glib warning', file /build/firefox-144.0/toolkit/xre/nsSigHandlers.cpp:201

(firefox:919466): dconf-CRITICAL **: 15:27:38.067: unable to create file '/run/user/1000/dconf/user': Read-only file system.  dconf will not work properly.
[Parent 919466, Main Thread] WARNING: unable to create file '/run/user/1000/dconf/user': Read-only file system.  dconf will not work properly.: 'glib warning', file /build/firefox-144.0/toolkit/xre/nsSigHandlers.cpp:201

(firefox:919466): dconf-CRITICAL **: 15:27:38.067: unable to create file '/run/user/1000/dconf/user': Read-only file system.  dconf will not work properly.
[Parent 919466, Main Thread] WARNING: unable to create file '/run/user/1000/dconf/user': Read-only file system.  dconf will not work properly.: 'glib warning', file /build/firefox-144.0/toolkit/xre/nsSigHandlers.cpp:201

(firefox:919466): dconf-CRITICAL **: 15:27:38.073: unable to create file '/run/user/1000/dconf/user': Read-only file system.  dconf will not work properly.
[Parent 919466, Main Thread] WARNING: unable to create file '/run/user/1000/dconf/user': Read-only file system.  dconf will not work properly.: 'glib warning', file /build/firefox-144.0/toolkit/xre/nsSigHandlers.cpp:201

(firefox:919466): dconf-CRITICAL **: 15:27:38.073: unable to create file '/run/user/1000/dconf/user': Read-only file system.  dconf will not work properly.
[Parent 919466, Main Thread] WARNING: unable to create file '/run/user/1000/dconf/user': Read-only file system.  dconf will not work properly.: 'glib warning', file /build/firefox-144.0/toolkit/xre/nsSigHandlers.cpp:201

(firefox:919466): dconf-CRITICAL **: 15:27:38.093: unable to create file '/run/user/1000/dconf/user': Read-only file system.  dconf will not work properly.
[Parent 919466, Main Thread] WARNING: unable to create file '/run/user/1000/dconf/user': Read-only file system.  dconf will not work properly.: 'glib warning', file /build/firefox-144.0/toolkit/xre/nsSigHandlers.cpp:201

(firefox:919466): dconf-CRITICAL **: 15:27:38.094: unable to create file '/run/user/1000/dconf/user': Read-only file system.  dconf will not work properly.
[Parent 919466, Main Thread] WARNING: unable to create file '/run/user/1000/dconf/user': Read-only file system.  dconf will not work properly.: 'glib warning', file /build/firefox-144.0/toolkit/xre/nsSigHandlers.cpp:201

(firefox:919466): dconf-CRITICAL **: 15:27:38.094: unable to create file '/run/user/1000/dconf/user': Read-only file system.  dconf will not work properly.
[Parent 919466, Main Thread] WARNING: unable to create file '/run/user/1000/dconf/user': Read-only file system.  dconf will not work properly.: 'glib warning', file /build/firefox-144.0/toolkit/xre/nsSigHandlers.cpp:201

(firefox:919466): dconf-CRITICAL **: 15:27:38.094: unable to create file '/run/user/1000/dconf/user': Read-only file system.  dconf will not work properly.
[Parent 919466, Main Thread] WARNING: unable to create file '/run/user/1000/dconf/user': Read-only file system.  dconf will not work properly.: 'glib warning', file /build/firefox-144.0/toolkit/xre/nsSigHandlers.cpp:201

(firefox:919466): dconf-CRITICAL **: 15:27:38.096: unable to create file '/run/user/1000/dconf/user': Read-only file system.  dconf will not work properly.
[Parent 919466, Main Thread] WARNING: unable to create file '/run/user/1000/dconf/user': Read-only file system.  dconf will not work properly.: 'glib warning', file /build/firefox-144.0/toolkit/xre/nsSigHandlers.cpp:201

(firefox:919466): dconf-CRITICAL **: 15:27:38.096: unable to create file '/run/user/1000/dconf/user': Read-only file system.  dconf will not work properly.
[Parent 919466, Main Thread] WARNING: unable to create file '/run/user/1000/dconf/user': Read-only file system.  dconf will not work properly.: 'glib warning', file /build/firefox-144.0/toolkit/xre/nsSigHandlers.cpp:201

(firefox:919466): dconf-CRITICAL **: 15:27:38.096: unable to create file '/run/user/1000/dconf/user': Read-only file system.  dconf will not work properly.
[Parent 919466, Main Thread] WARNING: unable to create file '/run/user/1000/dconf/user': Read-only file system.  dconf will not work properly.: 'glib warning', file /build/firefox-144.0/toolkit/xre/nsSigHandlers.cpp:201

(firefox:919466): dconf-CRITICAL **: 15:27:38.096: unable to create file '/run/user/1000/dconf/user': Read-only file system.  dconf will not work properly.
[Parent 919466, Main Thread] WARNING: unable to create file '/run/user/1000/dconf/user': Read-only file system.  dconf will not work properly.: 'glib warning', file /build/firefox-144.0/toolkit/xre/nsSigHandlers.cpp:201

(firefox:919466): dconf-CRITICAL **: 15:27:38.097: unable to create file '/run/user/1000/dconf/user': Read-only file system.  dconf will not work properly.
[Parent 919466, Main Thread] WARNING: unable to create file '/run/user/1000/dconf/user': Read-only file system.  dconf will not work properly.: 'glib warning', file /build/firefox-144.0/toolkit/xre/nsSigHandlers.cpp:201

(firefox:919466): dconf-CRITICAL **: 15:27:38.097: unable to create file '/run/user/1000/dconf/user': Read-only file system.  dconf will not work properly.
[Parent 919466, Main Thread] WARNING: unable to create file '/run/user/1000/dconf/user': Read-only file system.  dconf will not work properly.: 'glib warning', file /build/firefox-144.0/toolkit/xre/nsSigHandlers.cpp:201

(firefox:919466): dconf-CRITICAL **: 15:27:38.123: unable to create file '/run/user/1000/dconf/user': Read-only file system.  dconf will not work properly.
[Parent 919466, Main Thread] WARNING: unable to create file '/run/user/1000/dconf/user': Read-only file system.  dconf will not work properly.: 'glib warning', file /build/firefox-144.0/toolkit/xre/nsSigHandlers.cpp:201

(firefox:919466): dconf-CRITICAL **: 15:27:38.123: unable to create file '/run/user/1000/dconf/user': Read-only file system.  dconf will not work properly.
[Parent 919466, Main Thread] WARNING: unable to create file '/run/user/1000/dconf/user': Read-only file system.  dconf will not work properly.: 'glib warning', file /build/firefox-144.0/toolkit/xre/nsSigHandlers.cpp:201

(firefox:919466): dconf-CRITICAL **: 15:27:38.127: unable to create file '/run/user/1000/dconf/user': Read-only file system.  dconf will not work properly.
[Parent 919466, Main Thread] WARNING: unable to create file '/run/user/1000/dconf/user': Read-only file system.  dconf will not work properly.: 'glib warning', file /build/firefox-144.0/toolkit/xre/nsSigHandlers.cpp:201

(firefox:919466): dconf-CRITICAL **: 15:27:38.127: unable to create file '/run/user/1000/dconf/user': Read-only file system.  dconf will not work properly.
[Parent 919466, Main Thread] WARNING: unable to create file '/run/user/1000/dconf/user': Read-only file system.  dconf will not work properly.: 'glib warning', file /build/firefox-144.0/toolkit/xre/nsSigHandlers.cpp:201

(firefox:919466): dconf-CRITICAL **: 15:27:38.191: unable to create file '/run/user/1000/dconf/user': Read-only file system.  dconf will not work properly.
[Parent 919466, Main Thread] WARNING: unable to create file '/run/user/1000/dconf/user': Read-only file system.  dconf will not work properly.: 'glib warning', file /build/firefox-144.0/toolkit/xre/nsSigHandlers.cpp:201

(firefox:919466): dconf-CRITICAL **: 15:27:38.191: unable to create file '/run/user/1000/dconf/user': Read-only file system.  dconf will not work properly.
[Parent 919466, Main Thread] WARNING: unable to create file '/run/user/1000/dconf/user': Read-only file system.  dconf will not work properly.: 'glib warning', file /build/firefox-144.0/toolkit/xre/nsSigHandlers.cpp:201

(firefox:919466): dconf-CRITICAL **: 15:27:38.346: unable to create file '/run/user/1000/dconf/user': Read-only file system.  dconf will not work properly.
[Parent 919466, Main Thread] WARNING: unable to create file '/run/user/1000/dconf/user': Read-only file system.  dconf will not work properly.: 'glib warning', file /build/firefox-144.0/toolkit/xre/nsSigHandlers.cpp:201

(firefox:919466): dconf-CRITICAL **: 15:27:38.346: unable to create file '/run/user/1000/dconf/user': Read-only file system.  dconf will not work properly.
[Parent 919466, Main Thread] WARNING: unable to create file '/run/user/1000/dconf/user': Read-only file system.  dconf will not work properly.: 'glib warning', file /build/firefox-144.0/toolkit/xre/nsSigHandlers.cpp:201

(firefox:919466): dconf-CRITICAL **: 15:27:38.347: unable to create file '/run/user/1000/dconf/user': Read-only file system.  dconf will not work properly.
[Parent 919466, Main Thread] WARNING: unable to create file '/run/user/1000/dconf/user': Read-only file system.  dconf will not work properly.: 'glib warning', file /build/firefox-144.0/toolkit/xre/nsSigHandlers.cpp:201

(firefox:919466): dconf-CRITICAL **: 15:27:38.347: unable to create file '/run/user/1000/dconf/user': Read-only file system.  dconf will not work properly.
[Parent 919466, Main Thread] WARNING: unable to create file '/run/user/1000/dconf/user': Read-only file system.  dconf will not work properly.: 'glib warning', file /build/firefox-144.0/toolkit/xre/nsSigHandlers.cpp:201

(firefox:919466): dconf-CRITICAL **: 15:27:38.348: unable to create file '/run/user/1000/dconf/user': Read-only file system.  dconf will not work properly.
[Parent 919466, Main Thread] WARNING: unable to create file '/run/user/1000/dconf/user': Read-only file system.  dconf will not work properly.: 'glib warning', file /build/firefox-144.0/toolkit/xre/nsSigHandlers.cpp:201

(firefox:919466): dconf-CRITICAL **: 15:27:38.348: unable to create file '/run/user/1000/dconf/user': Read-only file system.  dconf will not work properly.
[Parent 919466, Main Thread] WARNING: unable to create file '/run/user/1000/dconf/user': Read-only file system.  dconf will not work properly.: 'glib warning', file /build/firefox-144.0/toolkit/xre/nsSigHandlers.cpp:201

(firefox:919466): dconf-CRITICAL **: 15:27:38.380: unable to create file '/run/user/1000/dconf/user': Read-only file system.  dconf will not work properly.
[Parent 919466, Main Thread] WARNING: unable to create file '/run/user/1000/dconf/user': Read-only file system.  dconf will not work properly.: 'glib warning', file /build/firefox-144.0/toolkit/xre/nsSigHandlers.cpp:201

(firefox:919466): dconf-CRITICAL **: 15:27:38.380: unable to create file '/run/user/1000/dconf/user': Read-only file system.  dconf will not work properly.
[Parent 919466, Main Thread] WARNING: unable to create file '/run/user/1000/dconf/user': Read-only file system.  dconf will not work properly.: 'glib warning', file /build/firefox-144.0/toolkit/xre/nsSigHandlers.cpp:201

(firefox:919466): dconf-CRITICAL **: 15:27:38.381: unable to create file '/run/user/1000/dconf/user': Read-only file system.  dconf will not work properly.
[Parent 919466, Main Thread] WARNING: unable to create file '/run/user/1000/dconf/user': Read-only file system.  dconf will not work properly.: 'glib warning', file /build/firefox-144.0/toolkit/xre/nsSigHandlers.cpp:201

(firefox:919466): dconf-CRITICAL **: 15:27:38.381: unable to create file '/run/user/1000/dconf/user': Read-only file system.  dconf will not work properly.
[Parent 919466, Main Thread] WARNING: unable to create file '/run/user/1000/dconf/user': Read-only file system.  dconf will not work properly.: 'glib warning', file /build/firefox-144.0/toolkit/xre/nsSigHandlers.cpp:201

(firefox:919466): dconf-CRITICAL **: 15:27:38.410: unable to create file '/run/user/1000/dconf/user': Read-only file system.  dconf will not work properly.
[Parent 919466, Main Thread] WARNING: unable to create file '/run/user/1000/dconf/user': Read-only file system.  dconf will not work properly.: 'glib warning', file /build/firefox-144.0/toolkit/xre/nsSigHandlers.cpp:201

(firefox:919466): dconf-CRITICAL **: 15:27:38.410: unable to create file '/run/user/1000/dconf/user': Read-only file system.  dconf will not work properly.
[Parent 919466, Main Thread] WARNING: unable to create file '/run/user/1000/dconf/user': Read-only file system.  dconf will not work properly.: 'glib warning', file /build/firefox-144.0/toolkit/xre/nsSigHandlers.cpp:201

(firefox:919466): dconf-CRITICAL **: 15:27:38.412: unable to create file '/run/user/1000/dconf/user': Read-only file system.  dconf will not work properly.
[Parent 919466, Main Thread] WARNING: unable to create file '/run/user/1000/dconf/user': Read-only file system.  dconf will not work properly.: 'glib warning', file /build/firefox-144.0/toolkit/xre/nsSigHandlers.cpp:201

(firefox:919466): dconf-CRITICAL **: 15:27:38.412: unable to create file '/run/user/1000/dconf/user': Read-only file system.  dconf will not work properly.
[Parent 919466, Main Thread] WARNING: unable to create file '/run/user/1000/dconf/user': Read-only file system.  dconf will not work properly.: 'glib warning', file /build/firefox-144.0/toolkit/xre/nsSigHandlers.cpp:201

(firefox:919466): dconf-CRITICAL **: 15:27:38.431: unable to create file '/run/user/1000/dconf/user': Read-only file system.  dconf will not work properly.
[Parent 919466, Main Thread] WARNING: unable to create file '/run/user/1000/dconf/user': Read-only file system.  dconf will not work properly.: 'glib warning', file /build/firefox-144.0/toolkit/xre/nsSigHandlers.cpp:201

(firefox:919466): dconf-CRITICAL **: 15:27:38.431: unable to create file '/run/user/1000/dconf/user': Read-only file system.  dconf will not work properly.
[Parent 919466, Main Thread] WARNING: unable to create file '/run/user/1000/dconf/user': Read-only file system.  dconf will not work properly.: 'glib warning', file /build/firefox-144.0/toolkit/xre/nsSigHandlers.cpp:201

(firefox:919466): dconf-CRITICAL **: 15:27:38.449: unable to create file '/run/user/1000/dconf/user': Read-only file system.  dconf will not work properly.
[Parent 919466, Main Thread] WARNING: unable to create file '/run/user/1000/dconf/user': Read-only file system.  dconf will not work properly.: 'glib warning', file /build/firefox-144.0/toolkit/xre/nsSigHandlers.cpp:201

(firefox:919466): dconf-CRITICAL **: 15:27:38.449: unable to create file '/run/user/1000/dconf/user': Read-only file system.  dconf will not work properly.
[Parent 919466, Main Thread] WARNING: unable to create file '/run/user/1000/dconf/user': Read-only file system.  dconf will not work properly.: 'glib warning', file /build/firefox-144.0/toolkit/xre/nsSigHandlers.cpp:201

(firefox:919466): dconf-CRITICAL **: 15:27:38.457: unable to create file '/run/user/1000/dconf/user': Read-only file system.  dconf will not work properly.
[Parent 919466, Main Thread] WARNING: unable to create file '/run/user/1000/dconf/user': Read-only file system.  dconf will not work properly.: 'glib warning', file /build/firefox-144.0/toolkit/xre/nsSigHandlers.cpp:201

(firefox:919466): dconf-CRITICAL **: 15:27:38.457: unable to create file '/run/user/1000/dconf/user': Read-only file system.  dconf will not work properly.
[Parent 919466, Main Thread] WARNING: unable to create file '/run/user/1000/dconf/user': Read-only file system.  dconf will not work properly.: 'glib warning', file /build/firefox-144.0/toolkit/xre/nsSigHandlers.cpp:201

(firefox:919466): dconf-CRITICAL **: 15:27:38.467: unable to create file '/run/user/1000/dconf/user': Read-only file system.  dconf will not work properly.
[Parent 919466, Main Thread] WARNING: unable to create file '/run/user/1000/dconf/user': Read-only file system.  dconf will not work properly.: 'glib warning', file /build/firefox-144.0/toolkit/xre/nsSigHandlers.cpp:201

(firefox:919466): dconf-CRITICAL **: 15:27:38.467: unable to create file '/run/user/1000/dconf/user': Read-only file system.  dconf will not work properly.
[Parent 919466, Main Thread] WARNING: unable to create file '/run/user/1000/dconf/user': Read-only file system.  dconf will not work properly.: 'glib warning', file /build/firefox-144.0/toolkit/xre/nsSigHandlers.cpp:201

(firefox:919466): dconf-CRITICAL **: 15:27:38.551: unable to create file '/run/user/1000/dconf/user': Read-only file system.  dconf will not work properly.
[Parent 919466, Main Thread] WARNING: unable to create file '/run/user/1000/dconf/user': Read-only file system.  dconf will not work properly.: 'glib warning', file /build/firefox-144.0/toolkit/xre/nsSigHandlers.cpp:201

(firefox:919466): dconf-CRITICAL **: 15:27:38.551: unable to create file '/run/user/1000/dconf/user': Read-only file system.  dconf will not work properly.
[Parent 919466, Main Thread] WARNING: unable to create file '/run/user/1000/dconf/user': Read-only file system.  dconf will not work properly.: 'glib warning', file /build/firefox-144.0/toolkit/xre/nsSigHandlers.cpp:201

(firefox:919466): dconf-CRITICAL **: 15:27:38.566: unable to create file '/run/user/1000/dconf/user': Read-only file system.  dconf will not work properly.
[Parent 919466, Main Thread] WARNING: unable to create file '/run/user/1000/dconf/user': Read-only file system.  dconf will not work properly.: 'glib warning', file /build/firefox-144.0/toolkit/xre/nsSigHandlers.cpp:201

(firefox:919466): dconf-CRITICAL **: 15:27:38.566: unable to create file '/run/user/1000/dconf/user': Read-only file system.  dconf will not work properly.
[Parent 919466, Main Thread] WARNING: unable to create file '/run/user/1000/dconf/user': Read-only file system.  dconf will not work properly.: 'glib warning', file /build/firefox-144.0/toolkit/xre/nsSigHandlers.cpp:201

(firefox:919466): dconf-CRITICAL **: 15:27:38.567: unable to create file '/run/user/1000/dconf/user': Read-only file system.  dconf will not work properly.
[Parent 919466, Main Thread] WARNING: unable to create file '/run/user/1000/dconf/user': Read-only file system.  dconf will not work properly.: 'glib warning', file /build/firefox-144.0/toolkit/xre/nsSigHandlers.cpp:201

(firefox:919466): dconf-CRITICAL **: 15:27:38.567: unable to create file '/run/user/1000/dconf/user': Read-only file system.  dconf will not work properly.
[Parent 919466, Main Thread] WARNING: unable to create file '/run/user/1000/dconf/user': Read-only file system.  dconf will not work properly.: 'glib warning', file /build/firefox-144.0/toolkit/xre/nsSigHandlers.cpp:201

(firefox:919466): dconf-CRITICAL **: 15:27:38.605: unable to create file '/run/user/1000/dconf/user': Read-only file system.  dconf will not work properly.
[Parent 919466, Main Thread] WARNING: unable to create file '/run/user/1000/dconf/user': Read-only file system.  dconf will not work properly.: 'glib warning', file /build/firefox-144.0/toolkit/xre/nsSigHandlers.cpp:201

(firefox:919466): dconf-CRITICAL **: 15:27:38.605: unable to create file '/run/user/1000/dconf/user': Read-only file system.  dconf will not work properly.
[Parent 919466, Main Thread] WARNING: unable to create file '/run/user/1000/dconf/user': Read-only file system.  dconf will not work properly.: 'glib warning', file /build/firefox-144.0/toolkit/xre/nsSigHandlers.cpp:201

(firefox:919466): dconf-CRITICAL **: 15:27:38.616: unable to create file '/run/user/1000/dconf/user': Read-only file system.  dconf will not work properly.
[Parent 919466, Main Thread] WARNING: unable to create file '/run/user/1000/dconf/user': Read-only file system.  dconf will not work properly.: 'glib warning', file /build/firefox-144.0/toolkit/xre/nsSigHandlers.cpp:201

(firefox:919466): dconf-CRITICAL **: 15:27:38.616: unable to create file '/run/user/1000/dconf/user': Read-only file system.  dconf will not work properly.
[Parent 919466, Main Thread] WARNING: unable to create file '/run/user/1000/dconf/user': Read-only file system.  dconf will not work properly.: 'glib warning', file /build/firefox-144.0/toolkit/xre/nsSigHandlers.cpp:201

(firefox:919466): dconf-CRITICAL **: 15:27:38.617: unable to create file '/run/user/1000/dconf/user': Read-only file system.  dconf will not work properly.
[Parent 919466, Main Thread] WARNING: unable to create file '/run/user/1000/dconf/user': Read-only file system.  dconf will not work properly.: 'glib warning', file /build/firefox-144.0/toolkit/xre/nsSigHandlers.cpp:201

(firefox:919466): dconf-CRITICAL **: 15:27:38.617: unable to create file '/run/user/1000/dconf/user': Read-only file system.  dconf will not work properly.
[Parent 919466, Main Thread] WARNING: unable to create file '/run/user/1000/dconf/user': Read-only file system.  dconf will not work properly.: 'glib warning', file /build/firefox-144.0/toolkit/xre/nsSigHandlers.cpp:201

(firefox:919466): dconf-CRITICAL **: 15:27:38.641: unable to create file '/run/user/1000/dconf/user': Read-only file system.  dconf will not work properly.
[Parent 919466, Main Thread] WARNING: unable to create file '/run/user/1000/dconf/user': Read-only file system.  dconf will not work properly.: 'glib warning', file /build/firefox-144.0/toolkit/xre/nsSigHandlers.cpp:201

(firefox:919466): dconf-CRITICAL **: 15:27:38.641: unable to create file '/run/user/1000/dconf/user': Read-only file system.  dconf will not work properly.
[Parent 919466, Main Thread] WARNING: unable to create file '/run/user/1000/dconf/user': Read-only file system.  dconf will not work properly.: 'glib warning', file /build/firefox-144.0/toolkit/xre/nsSigHandlers.cpp:201

(firefox:919466): dconf-CRITICAL **: 15:27:38.659: unable to create file '/run/user/1000/dconf/user': Read-only file system.  dconf will not work properly.
[Parent 919466, Main Thread] WARNING: unable to create file '/run/user/1000/dconf/user': Read-only file system.  dconf will not work properly.: 'glib warning', file /build/firefox-144.0/toolkit/xre/nsSigHandlers.cpp:201

(firefox:919466): dconf-CRITICAL **: 15:27:38.659: unable to create file '/run/user/1000/dconf/user': Read-only file system.  dconf will not work properly.
[Parent 919466, Main Thread] WARNING: unable to create file '/run/user/1000/dconf/user': Read-only file system.  dconf will not work properly.: 'glib warning', file /build/firefox-144.0/toolkit/xre/nsSigHandlers.cpp:201

(firefox:919466): dconf-CRITICAL **: 15:27:38.665: unable to create file '/run/user/1000/dconf/user': Read-only file system.  dconf will not work properly.
[Parent 919466, Main Thread] WARNING: unable to create file '/run/user/1000/dconf/user': Read-only file system.  dconf will not work properly.: 'glib warning', file /build/firefox-144.0/toolkit/xre/nsSigHandlers.cpp:201

(firefox:919466): dconf-CRITICAL **: 15:27:38.665: unable to create file '/run/user/1000/dconf/user': Read-only file system.  dconf will not work properly.
[Parent 919466, Main Thread] WARNING: unable to create file '/run/user/1000/dconf/user': Read-only file system.  dconf will not work properly.: 'glib warning', file /build/firefox-144.0/toolkit/xre/nsSigHandlers.cpp:201

(firefox:919466): dconf-CRITICAL **: 15:27:38.678: unable to create file '/run/user/1000/dconf/user': Read-only file system.  dconf will not work properly.
[Parent 919466, Main Thread] WARNING: unable to create file '/run/user/1000/dconf/user': Read-only file system.  dconf will not work properly.: 'glib warning', file /build/firefox-144.0/toolkit/xre/nsSigHandlers.cpp:201

(firefox:919466): dconf-CRITICAL **: 15:27:38.678: unable to create file '/run/user/1000/dconf/user': Read-only file system.  dconf will not work properly.
[Parent 919466, Main Thread] WARNING: unable to create file '/run/user/1000/dconf/user': Read-only file system.  dconf will not work properly.: 'glib warning', file /build/firefox-144.0/toolkit/xre/nsSigHandlers.cpp:201

(firefox:919466): dconf-CRITICAL **: 15:27:38.683: unable to create file '/run/user/1000/dconf/user': Read-only file system.  dconf will not work properly.
[Parent 919466, Main Thread] WARNING: unable to create file '/run/user/1000/dconf/user': Read-only file system.  dconf will not work properly.: 'glib warning', file /build/firefox-144.0/toolkit/xre/nsSigHandlers.cpp:201

(firefox:919466): dconf-CRITICAL **: 15:27:38.683: unable to create file '/run/user/1000/dconf/user': Read-only file system.  dconf will not work properly.
[Parent 919466, Main Thread] WARNING: unable to create file '/run/user/1000/dconf/user': Read-only file system.  dconf will not work properly.: 'glib warning', file /build/firefox-144.0/toolkit/xre/nsSigHandlers.cpp:201

(firefox:919466): dconf-CRITICAL **: 15:27:38.692: unable to create file '/run/user/1000/dconf/user': Read-only file system.  dconf will not work properly.
[Parent 919466, Main Thread] WARNING: unable to create file '/run/user/1000/dconf/user': Read-only file system.  dconf will not work properly.: 'glib warning', file /build/firefox-144.0/toolkit/xre/nsSigHandlers.cpp:201

(firefox:919466): dconf-CRITICAL **: 15:27:38.692: unable to create file '/run/user/1000/dconf/user': Read-only file system.  dconf will not work properly.
[Parent 919466, Main Thread] WARNING: unable to create file '/run/user/1000/dconf/user': Read-only file system.  dconf will not work properly.: 'glib warning', file /build/firefox-144.0/toolkit/xre/nsSigHandlers.cpp:201

(firefox:919466): dconf-CRITICAL **: 15:27:38.702: unable to create file '/run/user/1000/dconf/user': Read-only file system.  dconf will not work properly.
[Parent 919466, Main Thread] WARNING: unable to create file '/run/user/1000/dconf/user': Read-only file system.  dconf will not work properly.: 'glib warning', file /build/firefox-144.0/toolkit/xre/nsSigHandlers.cpp:201

(firefox:919466): dconf-CRITICAL **: 15:27:38.702: unable to create file '/run/user/1000/dconf/user': Read-only file system.  dconf will not work properly.
[Parent 919466, Main Thread] WARNING: unable to create file '/run/user/1000/dconf/user': Read-only file system.  dconf will not work properly.: 'glib warning', file /build/firefox-144.0/toolkit/xre/nsSigHandlers.cpp:201

(firefox:919466): dconf-CRITICAL **: 15:27:38.714: unable to create file '/run/user/1000/dconf/user': Read-only file system.  dconf will not work properly.
[Parent 919466, Main Thread] WARNING: unable to create file '/run/user/1000/dconf/user': Read-only file system.  dconf will not work properly.: 'glib warning', file /build/firefox-144.0/toolkit/xre/nsSigHandlers.cpp:201

(firefox:919466): dconf-CRITICAL **: 15:27:38.714: unable to create file '/run/user/1000/dconf/user': Read-only file system.  dconf will not work properly.
[Parent 919466, Main Thread] WARNING: unable to create file '/run/user/1000/dconf/user': Read-only file system.  dconf will not work properly.: 'glib warning', file /build/firefox-144.0/toolkit/xre/nsSigHandlers.cpp:201

(firefox:919466): dconf-CRITICAL **: 15:27:38.728: unable to create file '/run/user/1000/dconf/user': Read-only file system.  dconf will not work properly.
[Parent 919466, Main Thread] WARNING: unable to create file '/run/user/1000/dconf/user': Read-only file system.  dconf will not work properly.: 'glib warning', file /build/firefox-144.0/toolkit/xre/nsSigHandlers.cpp:201

(firefox:919466): dconf-CRITICAL **: 15:27:38.728: unable to create file '/run/user/1000/dconf/user': Read-only file system.  dconf will not work properly.
[Parent 919466, Main Thread] WARNING: unable to create file '/run/user/1000/dconf/user': Read-only file system.  dconf will not work properly.: 'glib warning', file /build/firefox-144.0/toolkit/xre/nsSigHandlers.cpp:201

(firefox:919466): dconf-CRITICAL **: 15:27:38.733: unable to create file '/run/user/1000/dconf/user': Read-only file system.  dconf will not work properly.
[Parent 919466, Main Thread] WARNING: unable to create file '/run/user/1000/dconf/user': Read-only file system.  dconf will not work properly.: 'glib warning', file /build/firefox-144.0/toolkit/xre/nsSigHandlers.cpp:201

(firefox:919466): dconf-CRITICAL **: 15:27:38.733: unable to create file '/run/user/1000/dconf/user': Read-only file system.  dconf will not work properly.
[Parent 919466, Main Thread] WARNING: unable to create file '/run/user/1000/dconf/user': Read-only file system.  dconf will not work properly.: 'glib warning', file /build/firefox-144.0/toolkit/xre/nsSigHandlers.cpp:201

(firefox:919466): dconf-CRITICAL **: 15:27:38.747: unable to create file '/run/user/1000/dconf/user': Read-only file system.  dconf will not work properly.
[Parent 919466, Main Thread] WARNING: unable to create file '/run/user/1000/dconf/user': Read-only file system.  dconf will not work properly.: 'glib warning', file /build/firefox-144.0/toolkit/xre/nsSigHandlers.cpp:201

(firefox:919466): dconf-CRITICAL **: 15:27:38.747: unable to create file '/run/user/1000/dconf/user': Read-only file system.  dconf will not work properly.
[Parent 919466, Main Thread] WARNING: unable to create file '/run/user/1000/dconf/user': Read-only file system.  dconf will not work properly.: 'glib warning', file /build/firefox-144.0/toolkit/xre/nsSigHandlers.cpp:201

(firefox:919466): dconf-CRITICAL **: 15:27:38.753: unable to create file '/run/user/1000/dconf/user': Read-only file system.  dconf will not work properly.
[Parent 919466, Main Thread] WARNING: unable to create file '/run/user/1000/dconf/user': Read-only file system.  dconf will not work properly.: 'glib warning', file /build/firefox-144.0/toolkit/xre/nsSigHandlers.cpp:201

(firefox:919466): dconf-CRITICAL **: 15:27:38.753: unable to create file '/run/user/1000/dconf/user': Read-only file system.  dconf will not work properly.
[Parent 919466, Main Thread] WARNING: unable to create file '/run/user/1000/dconf/user': Read-only file system.  dconf will not work properly.: 'glib warning', file /build/firefox-144.0/toolkit/xre/nsSigHandlers.cpp:201

(firefox:919466): dconf-CRITICAL **: 15:27:38.769: unable to create file '/run/user/1000/dconf/user': Read-only file system.  dconf will not work properly.
[Parent 919466, Main Thread] WARNING: unable to create file '/run/user/1000/dconf/user': Read-only file system.  dconf will not work properly.: 'glib warning', file /build/firefox-144.0/toolkit/xre/nsSigHandlers.cpp:201

(firefox:919466): dconf-CRITICAL **: 15:27:38.770: unable to create file '/run/user/1000/dconf/user': Read-only file system.  dconf will not work properly.
[Parent 919466, Main Thread] WARNING: unable to create file '/run/user/1000/dconf/user': Read-only file system.  dconf will not work properly.: 'glib warning', file /build/firefox-144.0/toolkit/xre/nsSigHandlers.cpp:201

(firefox:919466): dconf-CRITICAL **: 15:27:38.772: unable to create file '/run/user/1000/dconf/user': Read-only file system.  dconf will not work properly.
[Parent 919466, Main Thread] WARNING: unable to create file '/run/user/1000/dconf/user': Read-only file system.  dconf will not work properly.: 'glib warning', file /build/firefox-144.0/toolkit/xre/nsSigHandlers.cpp:201

(firefox:919466): dconf-CRITICAL **: 15:27:38.772: unable to create file '/run/user/1000/dconf/user': Read-only file system.  dconf will not work properly.
[Parent 919466, Main Thread] WARNING: unable to create file '/run/user/1000/dconf/user': Read-only file system.  dconf will not work properly.: 'glib warning', file /build/firefox-144.0/toolkit/xre/nsSigHandlers.cpp:201

(firefox:919466): dconf-CRITICAL **: 15:27:38.813: unable to create file '/run/user/1000/dconf/user': Read-only file system.  dconf will not work properly.
[Parent 919466, Main Thread] WARNING: unable to create file '/run/user/1000/dconf/user': Read-only file system.  dconf will not work properly.: 'glib warning', file /build/firefox-144.0/toolkit/xre/nsSigHandlers.cpp:201

(firefox:919466): dconf-CRITICAL **: 15:27:38.814: unable to create file '/run/user/1000/dconf/user': Read-only file system.  dconf will not work properly.
[Parent 919466, Main Thread] WARNING: unable to create file '/run/user/1000/dconf/user': Read-only file system.  dconf will not work properly.: 'glib warning', file /build/firefox-144.0/toolkit/xre/nsSigHandlers.cpp:201

(firefox:919466): dconf-CRITICAL **: 15:27:38.840: unable to create file '/run/user/1000/dconf/user': Read-only file system.  dconf will not work properly.
[Parent 919466, Main Thread] WARNING: unable to create file '/run/user/1000/dconf/user': Read-only file system.  dconf will not work properly.: 'glib warning', file /build/firefox-144.0/toolkit/xre/nsSigHandlers.cpp:201

(firefox:919466): dconf-CRITICAL **: 15:27:38.840: unable to create file '/run/user/1000/dconf/user': Read-only file system.  dconf will not work properly.
[Parent 919466, Main Thread] WARNING: unable to create file '/run/user/1000/dconf/user': Read-only file system.  dconf will not work properly.: 'glib warning', file /build/firefox-144.0/toolkit/xre/nsSigHandlers.cpp:201

(firefox:919466): dconf-CRITICAL **: 15:27:38.861: unable to create file '/run/user/1000/dconf/user': Read-only file system.  dconf will not work properly.
[Parent 919466, Main Thread] WARNING: unable to create file '/run/user/1000/dconf/user': Read-only file system.  dconf will not work properly.: 'glib warning', file /build/firefox-144.0/toolkit/xre/nsSigHandlers.cpp:201

(firefox:919466): dconf-CRITICAL **: 15:27:38.862: unable to create file '/run/user/1000/dconf/user': Read-only file system.  dconf will not work properly.
[Parent 919466, Main Thread] WARNING: unable to create file '/run/user/1000/dconf/user': Read-only file system.  dconf will not work properly.: 'glib warning', file /build/firefox-144.0/toolkit/xre/nsSigHandlers.cpp:201

(firefox:919466): dconf-CRITICAL **: 15:27:38.871: unable to create file '/run/user/1000/dconf/user': Read-only file system.  dconf will not work properly.
[Parent 919466, Main Thread] WARNING: unable to create file '/run/user/1000/dconf/user': Read-only file system.  dconf will not work properly.: 'glib warning', file /build/firefox-144.0/toolkit/xre/nsSigHandlers.cpp:201

(firefox:919466): dconf-CRITICAL **: 15:27:38.871: unable to create file '/run/user/1000/dconf/user': Read-only file system.  dconf will not work properly.
[Parent 919466, Main Thread] WARNING: unable to create file '/run/user/1000/dconf/user': Read-only file system.  dconf will not work properly.: 'glib warning', file /build/firefox-144.0/toolkit/xre/nsSigHandlers.cpp:201

(firefox:919466): dconf-CRITICAL **: 15:27:38.871: unable to create file '/run/user/1000/dconf/user': Read-only file system.  dconf will not work properly.
[Parent 919466, Main Thread] WARNING: unable to create file '/run/user/1000/dconf/user': Read-only file system.  dconf will not work properly.: 'glib warning', file /build/firefox-144.0/toolkit/xre/nsSigHandlers.cpp:201

(firefox:919466): dconf-CRITICAL **: 15:27:38.871: unable to create file '/run/user/1000/dconf/user': Read-only file system.  dconf will not work properly.
console.warn: "[web-runtime] connection lost, retry #4"
[Parent 919466, Main Thread] WARNING: unable to create file '/run/user/1000/dconf/user': Read-only file system.  dconf will not work properly.: 'glib warning', file /build/firefox-144.0/toolkit/xre/nsSigHandlers.cpp:201

(firefox:919466): dconf-CRITICAL **: 15:27:38.902: unable to create file '/run/user/1000/dconf/user': Read-only file system.  dconf will not work properly.
[Parent 919466, Main Thread] WARNING: unable to create file '/run/user/1000/dconf/user': Read-only file system.  dconf will not work properly.: 'glib warning', file /build/firefox-144.0/toolkit/xre/nsSigHandlers.cpp:201

(firefox:919466): dconf-CRITICAL **: 15:27:38.903: unable to create file '/run/user/1000/dconf/user': Read-only file system.  dconf will not work properly.
[Parent 919466, Main Thread] WARNING: unable to create file '/run/user/1000/dconf/user': Read-only file system.  dconf will not work properly.: 'glib warning', file /build/firefox-144.0/toolkit/xre/nsSigHandlers.cpp:201

(firefox:919466): dconf-CRITICAL **: 15:27:38.941: unable to create file '/run/user/1000/dconf/user': Read-only file system.  dconf will not work properly.
[Parent 919466, Main Thread] WARNING: unable to create file '/run/user/1000/dconf/user': Read-only file system.  dconf will not work properly.: 'glib warning', file /build/firefox-144.0/toolkit/xre/nsSigHandlers.cpp:201

(firefox:919466): dconf-CRITICAL **: 15:27:38.941: unable to create file '/run/user/1000/dconf/user': Read-only file system.  dconf will not work properly.
[Parent 919466, Main Thread] WARNING: unable to create file '/run/user/1000/dconf/user': Read-only file system.  dconf will not work properly.: 'glib warning', file /build/firefox-144.0/toolkit/xre/nsSigHandlers.cpp:201

(firefox:919466): dconf-CRITICAL **: 15:27:38.970: unable to create file '/run/user/1000/dconf/user': Read-only file system.  dconf will not work properly.
[Parent 919466, Main Thread] WARNING: unable to create file '/run/user/1000/dconf/user': Read-only file system.  dconf will not work properly.: 'glib warning', file /build/firefox-144.0/toolkit/xre/nsSigHandlers.cpp:201

(firefox:919466): dconf-CRITICAL **: 15:27:38.970: unable to create file '/run/user/1000/dconf/user': Read-only file system.  dconf will not work properly.
[Parent 919466, Main Thread] WARNING: unable to create file '/run/user/1000/dconf/user': Read-only file system.  dconf will not work properly.: 'glib warning', file /build/firefox-144.0/toolkit/xre/nsSigHandlers.cpp:201

(firefox:919466): dconf-CRITICAL **: 15:27:38.992: unable to create file '/run/user/1000/dconf/user': Read-only file system.  dconf will not work properly.
[Parent 919466, Main Thread] WARNING: unable to create file '/run/user/1000/dconf/user': Read-only file system.  dconf will not work properly.: 'glib warning', file /build/firefox-144.0/toolkit/xre/nsSigHandlers.cpp:201

(firefox:919466): dconf-CRITICAL **: 15:27:38.992: unable to create file '/run/user/1000/dconf/user': Read-only file system.  dconf will not work properly.
[Parent 919466, Main Thread] WARNING: unable to create file '/run/user/1000/dconf/user': Read-only file system.  dconf will not work properly.: 'glib warning', file /build/firefox-144.0/toolkit/xre/nsSigHandlers.cpp:201

(firefox:919466): dconf-CRITICAL **: 15:27:39.016: unable to create file '/run/user/1000/dconf/user': Read-only file system.  dconf will not work properly.
[Parent 919466, Main Thread] WARNING: unable to create file '/run/user/1000/dconf/user': Read-only file system.  dconf will not work properly.: 'glib warning', file /build/firefox-144.0/toolkit/xre/nsSigHandlers.cpp:201

(firefox:919466): dconf-CRITICAL **: 15:27:39.017: unable to create file '/run/user/1000/dconf/user': Read-only file system.  dconf will not work properly.
[Parent 919466, Main Thread] WARNING: unable to create file '/run/user/1000/dconf/user': Read-only file system.  dconf will not work properly.: 'glib warning', file /build/firefox-144.0/toolkit/xre/nsSigHandlers.cpp:201

(firefox:919466): dconf-CRITICAL **: 15:27:39.042: unable to create file '/run/user/1000/dconf/user': Read-only file system.  dconf will not work properly.
[Parent 919466, Main Thread] WARNING: unable to create file '/run/user/1000/dconf/user': Read-only file system.  dconf will not work properly.: 'glib warning', file /build/firefox-144.0/toolkit/xre/nsSigHandlers.cpp:201

(firefox:919466): dconf-CRITICAL **: 15:27:39.042: unable to create file '/run/user/1000/dconf/user': Read-only file system.  dconf will not work properly.
[Parent 919466, Main Thread] WARNING: unable to create file '/run/user/1000/dconf/user': Read-only file system.  dconf will not work properly.: 'glib warning', file /build/firefox-144.0/toolkit/xre/nsSigHandlers.cpp:201

(firefox:919466): dconf-CRITICAL **: 15:27:39.081: unable to create file '/run/user/1000/dconf/user': Read-only file system.  dconf will not work properly.
[Parent 919466, Main Thread] WARNING: unable to create file '/run/user/1000/dconf/user': Read-only file system.  dconf will not work properly.: 'glib warning', file /build/firefox-144.0/toolkit/xre/nsSigHandlers.cpp:201

(firefox:919466): dconf-CRITICAL **: 15:27:39.081: unable to create file '/run/user/1000/dconf/user': Read-only file system.  dconf will not work properly.
[Parent 919466, Main Thread] WARNING: unable to create file '/run/user/1000/dconf/user': Read-only file system.  dconf will not work properly.: 'glib warning', file /build/firefox-144.0/toolkit/xre/nsSigHandlers.cpp:201

(firefox:919466): dconf-CRITICAL **: 15:27:39.106: unable to create file '/run/user/1000/dconf/user': Read-only file system.  dconf will not work properly.
[Parent 919466, Main Thread] WARNING: unable to create file '/run/user/1000/dconf/user': Read-only file system.  dconf will not work properly.: 'glib warning', file /build/firefox-144.0/toolkit/xre/nsSigHandlers.cpp:201

(firefox:919466): dconf-CRITICAL **: 15:27:39.106: unable to create file '/run/user/1000/dconf/user': Read-only file system.  dconf will not work properly.
[Parent 919466, Main Thread] WARNING: unable to create file '/run/user/1000/dconf/user': Read-only file system.  dconf will not work properly.: 'glib warning', file /build/firefox-144.0/toolkit/xre/nsSigHandlers.cpp:201

(firefox:919466): dconf-CRITICAL **: 15:27:39.136: unable to create file '/run/user/1000/dconf/user': Read-only file system.  dconf will not work properly.
[Parent 919466, Main Thread] WARNING: unable to create file '/run/user/1000/dconf/user': Read-only file system.  dconf will not work properly.: 'glib warning', file /build/firefox-144.0/toolkit/xre/nsSigHandlers.cpp:201

(firefox:919466): dconf-CRITICAL **: 15:27:39.136: unable to create file '/run/user/1000/dconf/user': Read-only file system.  dconf will not work properly.
[Parent 919466, Main Thread] WARNING: unable to create file '/run/user/1000/dconf/user': Read-only file system.  dconf will not work properly.: 'glib warning', file /build/firefox-144.0/toolkit/xre/nsSigHandlers.cpp:201

(firefox:919466): dconf-CRITICAL **: 15:27:39.156: unable to create file '/run/user/1000/dconf/user': Read-only file system.  dconf will not work properly.
[Parent 919466, Main Thread] WARNING: unable to create file '/run/user/1000/dconf/user': Read-only file system.  dconf will not work properly.: 'glib warning', file /build/firefox-144.0/toolkit/xre/nsSigHandlers.cpp:201

(firefox:919466): dconf-CRITICAL **: 15:27:39.156: unable to create file '/run/user/1000/dconf/user': Read-only file system.  dconf will not work properly.
[Parent 919466, Main Thread] WARNING: unable to create file '/run/user/1000/dconf/user': Read-only file system.  dconf will not work properly.: 'glib warning', file /build/firefox-144.0/toolkit/xre/nsSigHandlers.cpp:201

(firefox:919466): dconf-CRITICAL **: 15:27:39.183: unable to create file '/run/user/1000/dconf/user': Read-only file system.  dconf will not work properly.
[Parent 919466, Main Thread] WARNING: unable to create file '/run/user/1000/dconf/user': Read-only file system.  dconf will not work properly.: 'glib warning', file /build/firefox-144.0/toolkit/xre/nsSigHandlers.cpp:201

(firefox:919466): dconf-CRITICAL **: 15:27:39.183: unable to create file '/run/user/1000/dconf/user': Read-only file system.  dconf will not work properly.
[Parent 919466, Main Thread] WARNING: unable to create file '/run/user/1000/dconf/user': Read-only file system.  dconf will not work properly.: 'glib warning', file /build/firefox-144.0/toolkit/xre/nsSigHandlers.cpp:201

(firefox:919466): dconf-CRITICAL **: 15:27:39.203: unable to create file '/run/user/1000/dconf/user': Read-only file system.  dconf will not work properly.
[Parent 919466, Main Thread] WARNING: unable to create file '/run/user/1000/dconf/user': Read-only file system.  dconf will not work properly.: 'glib warning', file /build/firefox-144.0/toolkit/xre/nsSigHandlers.cpp:201

(firefox:919466): dconf-CRITICAL **: 15:27:39.203: unable to create file '/run/user/1000/dconf/user': Read-only file system.  dconf will not work properly.
[Parent 919466, Main Thread] WARNING: unable to create file '/run/user/1000/dconf/user': Read-only file system.  dconf will not work properly.: 'glib warning', file /build/firefox-144.0/toolkit/xre/nsSigHandlers.cpp:201

(firefox:919466): dconf-CRITICAL **: 15:27:39.224: unable to create file '/run/user/1000/dconf/user': Read-only file system.  dconf will not work properly.
[Parent 919466, Main Thread] WARNING: unable to create file '/run/user/1000/dconf/user': Read-only file system.  dconf will not work properly.: 'glib warning', file /build/firefox-144.0/toolkit/xre/nsSigHandlers.cpp:201

(firefox:919466): dconf-CRITICAL **: 15:27:39.224: unable to create file '/run/user/1000/dconf/user': Read-only file system.  dconf will not work properly.
[Parent 919466, Main Thread] WARNING: unable to create file '/run/user/1000/dconf/user': Read-only file system.  dconf will not work properly.: 'glib warning', file /build/firefox-144.0/toolkit/xre/nsSigHandlers.cpp:201

(firefox:919466): dconf-CRITICAL **: 15:27:39.248: unable to create file '/run/user/1000/dconf/user': Read-only file system.  dconf will not work properly.
[Parent 919466, Main Thread] WARNING: unable to create file '/run/user/1000/dconf/user': Read-only file system.  dconf will not work properly.: 'glib warning', file /build/firefox-144.0/toolkit/xre/nsSigHandlers.cpp:201

(firefox:919466): dconf-CRITICAL **: 15:27:39.248: unable to create file '/run/user/1000/dconf/user': Read-only file system.  dconf will not work properly.
[Parent 919466, Main Thread] WARNING: unable to create file '/run/user/1000/dconf/user': Read-only file system.  dconf will not work properly.: 'glib warning', file /build/firefox-144.0/toolkit/xre/nsSigHandlers.cpp:201

(firefox:919466): dconf-CRITICAL **: 15:27:39.271: unable to create file '/run/user/1000/dconf/user': Read-only file system.  dconf will not work properly.
[Parent 919466, Main Thread] WARNING: unable to create file '/run/user/1000/dconf/user': Read-only file system.  dconf will not work properly.: 'glib warning', file /build/firefox-144.0/toolkit/xre/nsSigHandlers.cpp:201

(firefox:919466): dconf-CRITICAL **: 15:27:39.271: unable to create file '/run/user/1000/dconf/user': Read-only file system.  dconf will not work properly.
[Parent 919466, Main Thread] WARNING: unable to create file '/run/user/1000/dconf/user': Read-only file system.  dconf will not work properly.: 'glib warning', file /build/firefox-144.0/toolkit/xre/nsSigHandlers.cpp:201

(firefox:919466): dconf-CRITICAL **: 15:27:39.293: unable to create file '/run/user/1000/dconf/user': Read-only file system.  dconf will not work properly.
[Parent 919466, Main Thread] WARNING: unable to create file '/run/user/1000/dconf/user': Read-only file system.  dconf will not work properly.: 'glib warning', file /build/firefox-144.0/toolkit/xre/nsSigHandlers.cpp:201

(firefox:919466): dconf-CRITICAL **: 15:27:39.293: unable to create file '/run/user/1000/dconf/user': Read-only file system.  dconf will not work properly.
[Parent 919466, Main Thread] WARNING: unable to create file '/run/user/1000/dconf/user': Read-only file system.  dconf will not work properly.: 'glib warning', file /build/firefox-144.0/toolkit/xre/nsSigHandlers.cpp:201

(firefox:919466): dconf-CRITICAL **: 15:27:39.316: unable to create file '/run/user/1000/dconf/user': Read-only file system.  dconf will not work properly.
[Parent 919466, Main Thread] WARNING: unable to create file '/run/user/1000/dconf/user': Read-only file system.  dconf will not work properly.: 'glib warning', file /build/firefox-144.0/toolkit/xre/nsSigHandlers.cpp:201

(firefox:919466): dconf-CRITICAL **: 15:27:39.316: unable to create file '/run/user/1000/dconf/user': Read-only file system.  dconf will not work properly.
[Parent 919466, Main Thread] WARNING: unable to create file '/run/user/1000/dconf/user': Read-only file system.  dconf will not work properly.: 'glib warning', file /build/firefox-144.0/toolkit/xre/nsSigHandlers.cpp:201

(firefox:919466): dconf-CRITICAL **: 15:27:39.339: unable to create file '/run/user/1000/dconf/user': Read-only file system.  dconf will not work properly.
[Parent 919466, Main Thread] WARNING: unable to create file '/run/user/1000/dconf/user': Read-only file system.  dconf will not work properly.: 'glib warning', file /build/firefox-144.0/toolkit/xre/nsSigHandlers.cpp:201

(firefox:919466): dconf-CRITICAL **: 15:27:39.339: unable to create file '/run/user/1000/dconf/user': Read-only file system.  dconf will not work properly.
[Parent 919466, Main Thread] WARNING: unable to create file '/run/user/1000/dconf/user': Read-only file system.  dconf will not work properly.: 'glib warning', file /build/firefox-144.0/toolkit/xre/nsSigHandlers.cpp:201

(firefox:919466): dconf-CRITICAL **: 15:27:39.369: unable to create file '/run/user/1000/dconf/user': Read-only file system.  dconf will not work properly.
[Parent 919466, Main Thread] WARNING: unable to create file '/run/user/1000/dconf/user': Read-only file system.  dconf will not work properly.: 'glib warning', file /build/firefox-144.0/toolkit/xre/nsSigHandlers.cpp:201

(firefox:919466): dconf-CRITICAL **: 15:27:39.369: unable to create file '/run/user/1000/dconf/user': Read-only file system.  dconf will not work properly.
[Parent 919466, Main Thread] WARNING: unable to create file '/run/user/1000/dconf/user': Read-only file system.  dconf will not work properly.: 'glib warning', file /build/firefox-144.0/toolkit/xre/nsSigHandlers.cpp:201

(firefox:919466): dconf-CRITICAL **: 15:27:39.392: unable to create file '/run/user/1000/dconf/user': Read-only file system.  dconf will not work properly.
[Parent 919466, Main Thread] WARNING: unable to create file '/run/user/1000/dconf/user': Read-only file system.  dconf will not work properly.: 'glib warning', file /build/firefox-144.0/toolkit/xre/nsSigHandlers.cpp:201

(firefox:919466): dconf-CRITICAL **: 15:27:39.392: unable to create file '/run/user/1000/dconf/user': Read-only file system.  dconf will not work properly.
[Parent 919466, Main Thread] WARNING: unable to create file '/run/user/1000/dconf/user': Read-only file system.  dconf will not work properly.: 'glib warning', file /build/firefox-144.0/toolkit/xre/nsSigHandlers.cpp:201

(firefox:919466): dconf-CRITICAL **: 15:27:39.409: unable to create file '/run/user/1000/dconf/user': Read-only file system.  dconf will not work properly.
[Parent 919466, Main Thread] WARNING: unable to create file '/run/user/1000/dconf/user': Read-only file system.  dconf will not work properly.: 'glib warning', file /build/firefox-144.0/toolkit/xre/nsSigHandlers.cpp:201

(firefox:919466): dconf-CRITICAL **: 15:27:39.409: unable to create file '/run/user/1000/dconf/user': Read-only file system.  dconf will not work properly.
[Parent 919466, Main Thread] WARNING: unable to create file '/run/user/1000/dconf/user': Read-only file system.  dconf will not work properly.: 'glib warning', file /build/firefox-144.0/toolkit/xre/nsSigHandlers.cpp:201

(firefox:919466): dconf-CRITICAL **: 15:27:39.432: unable to create file '/run/user/1000/dconf/user': Read-only file system.  dconf will not work properly.
[Parent 919466, Main Thread] WARNING: unable to create file '/run/user/1000/dconf/user': Read-only file system.  dconf will not work properly.: 'glib warning', file /build/firefox-144.0/toolkit/xre/nsSigHandlers.cpp:201

(firefox:919466): dconf-CRITICAL **: 15:27:39.432: unable to create file '/run/user/1000/dconf/user': Read-only file system.  dconf will not work properly.
[Parent 919466, Main Thread] WARNING: unable to create file '/run/user/1000/dconf/user': Read-only file system.  dconf will not work properly.: 'glib warning', file /build/firefox-144.0/toolkit/xre/nsSigHandlers.cpp:201

(firefox:919466): dconf-CRITICAL **: 15:27:39.453: unable to create file '/run/user/1000/dconf/user': Read-only file system.  dconf will not work properly.
[Parent 919466, Main Thread] WARNING: unable to create file '/run/user/1000/dconf/user': Read-only file system.  dconf will not work properly.: 'glib warning', file /build/firefox-144.0/toolkit/xre/nsSigHandlers.cpp:201

(firefox:919466): dconf-CRITICAL **: 15:27:39.453: unable to create file '/run/user/1000/dconf/user': Read-only file system.  dconf will not work properly.
[Parent 919466, Main Thread] WARNING: unable to create file '/run/user/1000/dconf/user': Read-only file system.  dconf will not work properly.: 'glib warning', file /build/firefox-144.0/toolkit/xre/nsSigHandlers.cpp:201

(firefox:919466): dconf-CRITICAL **: 15:27:39.472: unable to create file '/run/user/1000/dconf/user': Read-only file system.  dconf will not work properly.
[Parent 919466, Main Thread] WARNING: unable to create file '/run/user/1000/dconf/user': Read-only file system.  dconf will not work properly.: 'glib warning', file /build/firefox-144.0/toolkit/xre/nsSigHandlers.cpp:201

(firefox:919466): dconf-CRITICAL **: 15:27:39.473: unable to create file '/run/user/1000/dconf/user': Read-only file system.  dconf will not work properly.
[Parent 919466, Main Thread] WARNING: unable to create file '/run/user/1000/dconf/user': Read-only file system.  dconf will not work properly.: 'glib warning', file /build/firefox-144.0/toolkit/xre/nsSigHandlers.cpp:201

(firefox:919466): dconf-CRITICAL **: 15:27:39.492: unable to create file '/run/user/1000/dconf/user': Read-only file system.  dconf will not work properly.
[Parent 919466, Main Thread] WARNING: unable to create file '/run/user/1000/dconf/user': Read-only file system.  dconf will not work properly.: 'glib warning', file /build/firefox-144.0/toolkit/xre/nsSigHandlers.cpp:201

(firefox:919466): dconf-CRITICAL **: 15:27:39.492: unable to create file '/run/user/1000/dconf/user': Read-only file system.  dconf will not work properly.
[Parent 919466, Main Thread] WARNING: unable to create file '/run/user/1000/dconf/user': Read-only file system.  dconf will not work properly.: 'glib warning', file /build/firefox-144.0/toolkit/xre/nsSigHandlers.cpp:201

(firefox:919466): dconf-CRITICAL **: 15:27:39.517: unable to create file '/run/user/1000/dconf/user': Read-only file system.  dconf will not work properly.
[Parent 919466, Main Thread] WARNING: unable to create file '/run/user/1000/dconf/user': Read-only file system.  dconf will not work properly.: 'glib warning', file /build/firefox-144.0/toolkit/xre/nsSigHandlers.cpp:201

(firefox:919466): dconf-CRITICAL **: 15:27:39.517: unable to create file '/run/user/1000/dconf/user': Read-only file system.  dconf will not work properly.
[Parent 919466, Main Thread] WARNING: unable to create file '/run/user/1000/dconf/user': Read-only file system.  dconf will not work properly.: 'glib warning', file /build/firefox-144.0/toolkit/xre/nsSigHandlers.cpp:201

(firefox:919466): dconf-CRITICAL **: 15:27:39.543: unable to create file '/run/user/1000/dconf/user': Read-only file system.  dconf will not work properly.
[Parent 919466, Main Thread] WARNING: unable to create file '/run/user/1000/dconf/user': Read-only file system.  dconf will not work properly.: 'glib warning', file /build/firefox-144.0/toolkit/xre/nsSigHandlers.cpp:201

(firefox:919466): dconf-CRITICAL **: 15:27:39.543: unable to create file '/run/user/1000/dconf/user': Read-only file system.  dconf will not work properly.
[Parent 919466, Main Thread] WARNING: unable to create file '/run/user/1000/dconf/user': Read-only file system.  dconf will not work properly.: 'glib warning', file /build/firefox-144.0/toolkit/xre/nsSigHandlers.cpp:201

(firefox:919466): dconf-CRITICAL **: 15:27:39.565: unable to create file '/run/user/1000/dconf/user': Read-only file system.  dconf will not work properly.
[Parent 919466, Main Thread] WARNING: unable to create file '/run/user/1000/dconf/user': Read-only file system.  dconf will not work properly.: 'glib warning', file /build/firefox-144.0/toolkit/xre/nsSigHandlers.cpp:201

(firefox:919466): dconf-CRITICAL **: 15:27:39.565: unable to create file '/run/user/1000/dconf/user': Read-only file system.  dconf will not work properly.
[Parent 919466, Main Thread] WARNING: unable to create file '/run/user/1000/dconf/user': Read-only file system.  dconf will not work properly.: 'glib warning', file /build/firefox-144.0/toolkit/xre/nsSigHandlers.cpp:201

(firefox:919466): dconf-CRITICAL **: 15:27:39.590: unable to create file '/run/user/1000/dconf/user': Read-only file system.  dconf will not work properly.
[Parent 919466, Main Thread] WARNING: unable to create file '/run/user/1000/dconf/user': Read-only file system.  dconf will not work properly.: 'glib warning', file /build/firefox-144.0/toolkit/xre/nsSigHandlers.cpp:201

(firefox:919466): dconf-CRITICAL **: 15:27:39.591: unable to create file '/run/user/1000/dconf/user': Read-only file system.  dconf will not work properly.
[Parent 919466, Main Thread] WARNING: unable to create file '/run/user/1000/dconf/user': Read-only file system.  dconf will not work properly.: 'glib warning', file /build/firefox-144.0/toolkit/xre/nsSigHandlers.cpp:201

(firefox:919466): dconf-CRITICAL **: 15:27:39.611: unable to create file '/run/user/1000/dconf/user': Read-only file system.  dconf will not work properly.
[Parent 919466, Main Thread] WARNING: unable to create file '/run/user/1000/dconf/user': Read-only file system.  dconf will not work properly.: 'glib warning', file /build/firefox-144.0/toolkit/xre/nsSigHandlers.cpp:201

(firefox:919466): dconf-CRITICAL **: 15:27:39.611: unable to create file '/run/user/1000/dconf/user': Read-only file system.  dconf will not work properly.
[Parent 919466, Main Thread] WARNING: unable to create file '/run/user/1000/dconf/user': Read-only file system.  dconf will not work properly.: 'glib warning', file /build/firefox-144.0/toolkit/xre/nsSigHandlers.cpp:201

(firefox:919466): dconf-CRITICAL **: 15:27:39.634: unable to create file '/run/user/1000/dconf/user': Read-only file system.  dconf will not work properly.
[Parent 919466, Main Thread] WARNING: unable to create file '/run/user/1000/dconf/user': Read-only file system.  dconf will not work properly.: 'glib warning', file /build/firefox-144.0/toolkit/xre/nsSigHandlers.cpp:201

(firefox:919466): dconf-CRITICAL **: 15:27:39.634: unable to create file '/run/user/1000/dconf/user': Read-only file system.  dconf will not work properly.
[Parent 919466, Main Thread] WARNING: unable to create file '/run/user/1000/dconf/user': Read-only file system.  dconf will not work properly.: 'glib warning', file /build/firefox-144.0/toolkit/xre/nsSigHandlers.cpp:201

(firefox:919466): dconf-CRITICAL **: 15:27:39.663: unable to create file '/run/user/1000/dconf/user': Read-only file system.  dconf will not work properly.
[Parent 919466, Main Thread] WARNING: unable to create file '/run/user/1000/dconf/user': Read-only file system.  dconf will not work properly.: 'glib warning', file /build/firefox-144.0/toolkit/xre/nsSigHandlers.cpp:201

(firefox:919466): dconf-CRITICAL **: 15:27:39.663: unable to create file '/run/user/1000/dconf/user': Read-only file system.  dconf will not work properly.
[Parent 919466, Main Thread] WARNING: unable to create file '/run/user/1000/dconf/user': Read-only file system.  dconf will not work properly.: 'glib warning', file /build/firefox-144.0/toolkit/xre/nsSigHandlers.cpp:201

(firefox:919466): dconf-CRITICAL **: 15:27:39.684: unable to create file '/run/user/1000/dconf/user': Read-only file system.  dconf will not work properly.
[Parent 919466, Main Thread] WARNING: unable to create file '/run/user/1000/dconf/user': Read-only file system.  dconf will not work properly.: 'glib warning', file /build/firefox-144.0/toolkit/xre/nsSigHandlers.cpp:201

(firefox:919466): dconf-CRITICAL **: 15:27:39.684: unable to create file '/run/user/1000/dconf/user': Read-only file system.  dconf will not work properly.
[Parent 919466, Main Thread] WARNING: unable to create file '/run/user/1000/dconf/user': Read-only file system.  dconf will not work properly.: 'glib warning', file /build/firefox-144.0/toolkit/xre/nsSigHandlers.cpp:201

(firefox:919466): dconf-CRITICAL **: 15:27:39.707: unable to create file '/run/user/1000/dconf/user': Read-only file system.  dconf will not work properly.
[Parent 919466, Main Thread] WARNING: unable to create file '/run/user/1000/dconf/user': Read-only file system.  dconf will not work properly.: 'glib warning', file /build/firefox-144.0/toolkit/xre/nsSigHandlers.cpp:201

(firefox:919466): dconf-CRITICAL **: 15:27:39.707: unable to create file '/run/user/1000/dconf/user': Read-only file system.  dconf will not work properly.
[Parent 919466, Main Thread] WARNING: unable to create file '/run/user/1000/dconf/user': Read-only file system.  dconf will not work properly.: 'glib warning', file /build/firefox-144.0/toolkit/xre/nsSigHandlers.cpp:201

(firefox:919466): dconf-CRITICAL **: 15:27:39.731: unable to create file '/run/user/1000/dconf/user': Read-only file system.  dconf will not work properly.
[Parent 919466, Main Thread] WARNING: unable to create file '/run/user/1000/dconf/user': Read-only file system.  dconf will not work properly.: 'glib warning', file /build/firefox-144.0/toolkit/xre/nsSigHandlers.cpp:201

(firefox:919466): dconf-CRITICAL **: 15:27:39.731: unable to create file '/run/user/1000/dconf/user': Read-only file system.  dconf will not work properly.
[Parent 919466, Main Thread] WARNING: unable to create file '/run/user/1000/dconf/user': Read-only file system.  dconf will not work properly.: 'glib warning', file /build/firefox-144.0/toolkit/xre/nsSigHandlers.cpp:201

(firefox:919466): dconf-CRITICAL **: 15:27:39.754: unable to create file '/run/user/1000/dconf/user': Read-only file system.  dconf will not work properly.
[Parent 919466, Main Thread] WARNING: unable to create file '/run/user/1000/dconf/user': Read-only file system.  dconf will not work properly.: 'glib warning', file /build/firefox-144.0/toolkit/xre/nsSigHandlers.cpp:201

(firefox:919466): dconf-CRITICAL **: 15:27:39.754: unable to create file '/run/user/1000/dconf/user': Read-only file system.  dconf will not work properly.
[Parent 919466, Main Thread] WARNING: unable to create file '/run/user/1000/dconf/user': Read-only file system.  dconf will not work properly.: 'glib warning', file /build/firefox-144.0/toolkit/xre/nsSigHandlers.cpp:201

(firefox:919466): dconf-CRITICAL **: 15:27:39.780: unable to create file '/run/user/1000/dconf/user': Read-only file system.  dconf will not work properly.
[Parent 919466, Main Thread] WARNING: unable to create file '/run/user/1000/dconf/user': Read-only file system.  dconf will not work properly.: 'glib warning', file /build/firefox-144.0/toolkit/xre/nsSigHandlers.cpp:201

(firefox:919466): dconf-CRITICAL **: 15:27:39.781: unable to create file '/run/user/1000/dconf/user': Read-only file system.  dconf will not work properly.
[Parent 919466, Main Thread] WARNING: unable to create file '/run/user/1000/dconf/user': Read-only file system.  dconf will not work properly.: 'glib warning', file /build/firefox-144.0/toolkit/xre/nsSigHandlers.cpp:201

(firefox:919466): dconf-CRITICAL **: 15:27:39.797: unable to create file '/run/user/1000/dconf/user': Read-only file system.  dconf will not work properly.
[Parent 919466, Main Thread] WARNING: unable to create file '/run/user/1000/dconf/user': Read-only file system.  dconf will not work properly.: 'glib warning', file /build/firefox-144.0/toolkit/xre/nsSigHandlers.cpp:201

(firefox:919466): dconf-CRITICAL **: 15:27:39.797: unable to create file '/run/user/1000/dconf/user': Read-only file system.  dconf will not work properly.
[Parent 919466, Main Thread] WARNING: unable to create file '/run/user/1000/dconf/user': Read-only file system.  dconf will not work properly.: 'glib warning', file /build/firefox-144.0/toolkit/xre/nsSigHandlers.cpp:201

(firefox:919466): dconf-CRITICAL **: 15:27:39.822: unable to create file '/run/user/1000/dconf/user': Read-only file system.  dconf will not work properly.
[Parent 919466, Main Thread] WARNING: unable to create file '/run/user/1000/dconf/user': Read-only file system.  dconf will not work properly.: 'glib warning', file /build/firefox-144.0/toolkit/xre/nsSigHandlers.cpp:201

(firefox:919466): dconf-CRITICAL **: 15:27:39.822: unable to create file '/run/user/1000/dconf/user': Read-only file system.  dconf will not work properly.
[Parent 919466, Main Thread] WARNING: unable to create file '/run/user/1000/dconf/user': Read-only file system.  dconf will not work properly.: 'glib warning', file /build/firefox-144.0/toolkit/xre/nsSigHandlers.cpp:201

(firefox:919466): dconf-CRITICAL **: 15:27:39.848: unable to create file '/run/user/1000/dconf/user': Read-only file system.  dconf will not work properly.
[Parent 919466, Main Thread] WARNING: unable to create file '/run/user/1000/dconf/user': Read-only file system.  dconf will not work properly.: 'glib warning', file /build/firefox-144.0/toolkit/xre/nsSigHandlers.cpp:201

(firefox:919466): dconf-CRITICAL **: 15:27:39.848: unable to create file '/run/user/1000/dconf/user': Read-only file system.  dconf will not work properly.
[Parent 919466, Main Thread] WARNING: unable to create file '/run/user/1000/dconf/user': Read-only file system.  dconf will not work properly.: 'glib warning', file /build/firefox-144.0/toolkit/xre/nsSigHandlers.cpp:201

(firefox:919466): dconf-CRITICAL **: 15:27:39.873: unable to create file '/run/user/1000/dconf/user': Read-only file system.  dconf will not work properly.
[Parent 919466, Main Thread] WARNING: unable to create file '/run/user/1000/dconf/user': Read-only file system.  dconf will not work properly.: 'glib warning', file /build/firefox-144.0/toolkit/xre/nsSigHandlers.cpp:201

(firefox:919466): dconf-CRITICAL **: 15:27:39.873: unable to create file '/run/user/1000/dconf/user': Read-only file system.  dconf will not work properly.
[Parent 919466, Main Thread] WARNING: unable to create file '/run/user/1000/dconf/user': Read-only file system.  dconf will not work properly.: 'glib warning', file /build/firefox-144.0/toolkit/xre/nsSigHandlers.cpp:201

(firefox:919466): dconf-CRITICAL **: 15:27:39.900: unable to create file '/run/user/1000/dconf/user': Read-only file system.  dconf will not work properly.
[Parent 919466, Main Thread] WARNING: unable to create file '/run/user/1000/dconf/user': Read-only file system.  dconf will not work properly.: 'glib warning', file /build/firefox-144.0/toolkit/xre/nsSigHandlers.cpp:201

(firefox:919466): dconf-CRITICAL **: 15:27:39.900: unable to create file '/run/user/1000/dconf/user': Read-only file system.  dconf will not work properly.
[Parent 919466, Main Thread] WARNING: unable to create file '/run/user/1000/dconf/user': Read-only file system.  dconf will not work properly.: 'glib warning', file /build/firefox-144.0/toolkit/xre/nsSigHandlers.cpp:201

(firefox:919466): dconf-CRITICAL **: 15:27:39.916: unable to create file '/run/user/1000/dconf/user': Read-only file system.  dconf will not work properly.
[Parent 919466, Main Thread] WARNING: unable to create file '/run/user/1000/dconf/user': Read-only file system.  dconf will not work properly.: 'glib warning', file /build/firefox-144.0/toolkit/xre/nsSigHandlers.cpp:201

(firefox:919466): dconf-CRITICAL **: 15:27:39.916: unable to create file '/run/user/1000/dconf/user': Read-only file system.  dconf will not work properly.
[Parent 919466, Main Thread] WARNING: unable to create file '/run/user/1000/dconf/user': Read-only file system.  dconf will not work properly.: 'glib warning', file /build/firefox-144.0/toolkit/xre/nsSigHandlers.cpp:201

(firefox:919466): dconf-CRITICAL **: 15:27:39.934: unable to create file '/run/user/1000/dconf/user': Read-only file system.  dconf will not work properly.
[Parent 919466, Main Thread] WARNING: unable to create file '/run/user/1000/dconf/user': Read-only file system.  dconf will not work properly.: 'glib warning', file /build/firefox-144.0/toolkit/xre/nsSigHandlers.cpp:201

(firefox:919466): dconf-CRITICAL **: 15:27:39.934: unable to create file '/run/user/1000/dconf/user': Read-only file system.  dconf will not work properly.
[Parent 919466, Main Thread] WARNING: unable to create file '/run/user/1000/dconf/user': Read-only file system.  dconf will not work properly.: 'glib warning', file /build/firefox-144.0/toolkit/xre/nsSigHandlers.cpp:201

(firefox:919466): dconf-CRITICAL **: 15:27:39.952: unable to create file '/run/user/1000/dconf/user': Read-only file system.  dconf will not work properly.
[Parent 919466, Main Thread] WARNING: unable to create file '/run/user/1000/dconf/user': Read-only file system.  dconf will not work properly.: 'glib warning', file /build/firefox-144.0/toolkit/xre/nsSigHandlers.cpp:201

(firefox:919466): dconf-CRITICAL **: 15:27:39.952: unable to create file '/run/user/1000/dconf/user': Read-only file system.  dconf will not work properly.
[Parent 919466, Main Thread] WARNING: unable to create file '/run/user/1000/dconf/user': Read-only file system.  dconf will not work properly.: 'glib warning', file /build/firefox-144.0/toolkit/xre/nsSigHandlers.cpp:201

(firefox:919466): dconf-CRITICAL **: 15:27:39.969: unable to create file '/run/user/1000/dconf/user': Read-only file system.  dconf will not work properly.
[Parent 919466, Main Thread] WARNING: unable to create file '/run/user/1000/dconf/user': Read-only file system.  dconf will not work properly.: 'glib warning', file /build/firefox-144.0/toolkit/xre/nsSigHandlers.cpp:201

(firefox:919466): dconf-CRITICAL **: 15:27:39.969: unable to create file '/run/user/1000/dconf/user': Read-only file system.  dconf will not work properly.
[Parent 919466, Main Thread] WARNING: unable to create file '/run/user/1000/dconf/user': Read-only file system.  dconf will not work properly.: 'glib warning', file /build/firefox-144.0/toolkit/xre/nsSigHandlers.cpp:201

(firefox:919466): dconf-CRITICAL **: 15:27:39.989: unable to create file '/run/user/1000/dconf/user': Read-only file system.  dconf will not work properly.
[Parent 919466, Main Thread] WARNING: unable to create file '/run/user/1000/dconf/user': Read-only file system.  dconf will not work properly.: 'glib warning', file /build/firefox-144.0/toolkit/xre/nsSigHandlers.cpp:201

(firefox:919466): dconf-CRITICAL **: 15:27:39.989: unable to create file '/run/user/1000/dconf/user': Read-only file system.  dconf will not work properly.
[Parent 919466, Main Thread] WARNING: unable to create file '/run/user/1000/dconf/user': Read-only file system.  dconf will not work properly.: 'glib warning', file /build/firefox-144.0/toolkit/xre/nsSigHandlers.cpp:201

(firefox:919466): dconf-CRITICAL **: 15:27:40.006: unable to create file '/run/user/1000/dconf/user': Read-only file system.  dconf will not work properly.
[Parent 919466, Main Thread] WARNING: unable to create file '/run/user/1000/dconf/user': Read-only file system.  dconf will not work properly.: 'glib warning', file /build/firefox-144.0/toolkit/xre/nsSigHandlers.cpp:201

(firefox:919466): dconf-CRITICAL **: 15:27:40.006: unable to create file '/run/user/1000/dconf/user': Read-only file system.  dconf will not work properly.
[Parent 919466, Main Thread] WARNING: unable to create file '/run/user/1000/dconf/user': Read-only file system.  dconf will not work properly.: 'glib warning', file /build/firefox-144.0/toolkit/xre/nsSigHandlers.cpp:201

(firefox:919466): dconf-CRITICAL **: 15:27:40.036: unable to create file '/run/user/1000/dconf/user': Read-only file system.  dconf will not work properly.
[Parent 919466, Main Thread] WARNING: unable to create file '/run/user/1000/dconf/user': Read-only file system.  dconf will not work properly.: 'glib warning', file /build/firefox-144.0/toolkit/xre/nsSigHandlers.cpp:201

(firefox:919466): dconf-CRITICAL **: 15:27:40.036: unable to create file '/run/user/1000/dconf/user': Read-only file system.  dconf will not work properly.
[Parent 919466, Main Thread] WARNING: unable to create file '/run/user/1000/dconf/user': Read-only file system.  dconf will not work properly.: 'glib warning', file /build/firefox-144.0/toolkit/xre/nsSigHandlers.cpp:201

(firefox:919466): dconf-CRITICAL **: 15:27:40.066: unable to create file '/run/user/1000/dconf/user': Read-only file system.  dconf will not work properly.
[Parent 919466, Main Thread] WARNING: unable to create file '/run/user/1000/dconf/user': Read-only file system.  dconf will not work properly.: 'glib warning', file /build/firefox-144.0/toolkit/xre/nsSigHandlers.cpp:201

(firefox:919466): dconf-CRITICAL **: 15:27:40.067: unable to create file '/run/user/1000/dconf/user': Read-only file system.  dconf will not work properly.
[Parent 919466, Main Thread] WARNING: unable to create file '/run/user/1000/dconf/user': Read-only file system.  dconf will not work properly.: 'glib warning', file /build/firefox-144.0/toolkit/xre/nsSigHandlers.cpp:201

(firefox:919466): dconf-CRITICAL **: 15:27:40.089: unable to create file '/run/user/1000/dconf/user': Read-only file system.  dconf will not work properly.
[Parent 919466, Main Thread] WARNING: unable to create file '/run/user/1000/dconf/user': Read-only file system.  dconf will not work properly.: 'glib warning', file /build/firefox-144.0/toolkit/xre/nsSigHandlers.cpp:201

(firefox:919466): dconf-CRITICAL **: 15:27:40.089: unable to create file '/run/user/1000/dconf/user': Read-only file system.  dconf will not work properly.
[Parent 919466, Main Thread] WARNING: unable to create file '/run/user/1000/dconf/user': Read-only file system.  dconf will not work properly.: 'glib warning', file /build/firefox-144.0/toolkit/xre/nsSigHandlers.cpp:201

(firefox:919466): dconf-CRITICAL **: 15:27:40.110: unable to create file '/run/user/1000/dconf/user': Read-only file system.  dconf will not work properly.
[Parent 919466, Main Thread] WARNING: unable to create file '/run/user/1000/dconf/user': Read-only file system.  dconf will not work properly.: 'glib warning', file /build/firefox-144.0/toolkit/xre/nsSigHandlers.cpp:201

(firefox:919466): dconf-CRITICAL **: 15:27:40.110: unable to create file '/run/user/1000/dconf/user': Read-only file system.  dconf will not work properly.
[Parent 919466, Main Thread] WARNING: unable to create file '/run/user/1000/dconf/user': Read-only file system.  dconf will not work properly.: 'glib warning', file /build/firefox-144.0/toolkit/xre/nsSigHandlers.cpp:201

(firefox:919466): dconf-CRITICAL **: 15:27:40.129: unable to create file '/run/user/1000/dconf/user': Read-only file system.  dconf will not work properly.
[Parent 919466, Main Thread] WARNING: unable to create file '/run/user/1000/dconf/user': Read-only file system.  dconf will not work properly.: 'glib warning', file /build/firefox-144.0/toolkit/xre/nsSigHandlers.cpp:201

(firefox:919466): dconf-CRITICAL **: 15:27:40.129: unable to create file '/run/user/1000/dconf/user': Read-only file system.  dconf will not work properly.
[Parent 919466, Main Thread] WARNING: unable to create file '/run/user/1000/dconf/user': Read-only file system.  dconf will not work properly.: 'glib warning', file /build/firefox-144.0/toolkit/xre/nsSigHandlers.cpp:201

(firefox:919466): dconf-CRITICAL **: 15:27:40.146: unable to create file '/run/user/1000/dconf/user': Read-only file system.  dconf will not work properly.
[Parent 919466, Main Thread] WARNING: unable to create file '/run/user/1000/dconf/user': Read-only file system.  dconf will not work properly.: 'glib warning', file /build/firefox-144.0/toolkit/xre/nsSigHandlers.cpp:201

(firefox:919466): dconf-CRITICAL **: 15:27:40.146: unable to create file '/run/user/1000/dconf/user': Read-only file system.  dconf will not work properly.
[Parent 919466, Main Thread] WARNING: unable to create file '/run/user/1000/dconf/user': Read-only file system.  dconf will not work properly.: 'glib warning', file /build/firefox-144.0/toolkit/xre/nsSigHandlers.cpp:201

(firefox:919466): dconf-CRITICAL **: 15:27:40.168: unable to create file '/run/user/1000/dconf/user': Read-only file system.  dconf will not work properly.
[Parent 919466, Main Thread] WARNING: unable to create file '/run/user/1000/dconf/user': Read-only file system.  dconf will not work properly.: 'glib warning', file /build/firefox-144.0/toolkit/xre/nsSigHandlers.cpp:201

(firefox:919466): dconf-CRITICAL **: 15:27:40.168: unable to create file '/run/user/1000/dconf/user': Read-only file system.  dconf will not work properly.
[Parent 919466, Main Thread] WARNING: unable to create file '/run/user/1000/dconf/user': Read-only file system.  dconf will not work properly.: 'glib warning', file /build/firefox-144.0/toolkit/xre/nsSigHandlers.cpp:201

(firefox:919466): dconf-CRITICAL **: 15:27:40.225: unable to create file '/run/user/1000/dconf/user': Read-only file system.  dconf will not work properly.
[Parent 919466, Main Thread] WARNING: unable to create file '/run/user/1000/dconf/user': Read-only file system.  dconf will not work properly.: 'glib warning', file /build/firefox-144.0/toolkit/xre/nsSigHandlers.cpp:201

(firefox:919466): dconf-CRITICAL **: 15:27:40.225: unable to create file '/run/user/1000/dconf/user': Read-only file system.  dconf will not work properly.
[Parent 919466, Main Thread] WARNING: unable to create file '/run/user/1000/dconf/user': Read-only file system.  dconf will not work properly.: 'glib warning', file /build/firefox-144.0/toolkit/xre/nsSigHandlers.cpp:201

(firefox:919466): dconf-CRITICAL **: 15:27:40.243: unable to create file '/run/user/1000/dconf/user': Read-only file system.  dconf will not work properly.
[Parent 919466, Main Thread] WARNING: unable to create file '/run/user/1000/dconf/user': Read-only file system.  dconf will not work properly.: 'glib warning', file /build/firefox-144.0/toolkit/xre/nsSigHandlers.cpp:201

(firefox:919466): dconf-CRITICAL **: 15:27:40.243: unable to create file '/run/user/1000/dconf/user': Read-only file system.  dconf will not work properly.
[Parent 919466, Main Thread] WARNING: unable to create file '/run/user/1000/dconf/user': Read-only file system.  dconf will not work properly.: 'glib warning', file /build/firefox-144.0/toolkit/xre/nsSigHandlers.cpp:201

(firefox:919466): dconf-CRITICAL **: 15:27:40.278: unable to create file '/run/user/1000/dconf/user': Read-only file system.  dconf will not work properly.
[Parent 919466, Main Thread] WARNING: unable to create file '/run/user/1000/dconf/user': Read-only file system.  dconf will not work properly.: 'glib warning', file /build/firefox-144.0/toolkit/xre/nsSigHandlers.cpp:201

(firefox:919466): dconf-CRITICAL **: 15:27:40.278: unable to create file '/run/user/1000/dconf/user': Read-only file system.  dconf will not work properly.
[Parent 919466, Main Thread] WARNING: unable to create file '/run/user/1000/dconf/user': Read-only file system.  dconf will not work properly.: 'glib warning', file /build/firefox-144.0/toolkit/xre/nsSigHandlers.cpp:201

(firefox:919466): dconf-CRITICAL **: 15:27:40.303: unable to create file '/run/user/1000/dconf/user': Read-only file system.  dconf will not work properly.
[Parent 919466, Main Thread] WARNING: unable to create file '/run/user/1000/dconf/user': Read-only file system.  dconf will not work properly.: 'glib warning', file /build/firefox-144.0/toolkit/xre/nsSigHandlers.cpp:201

(firefox:919466): dconf-CRITICAL **: 15:27:40.303: unable to create file '/run/user/1000/dconf/user': Read-only file system.  dconf will not work properly.
[Parent 919466, Main Thread] WARNING: unable to create file '/run/user/1000/dconf/user': Read-only file system.  dconf will not work properly.: 'glib warning', file /build/firefox-144.0/toolkit/xre/nsSigHandlers.cpp:201

(firefox:919466): dconf-CRITICAL **: 15:27:40.321: unable to create file '/run/user/1000/dconf/user': Read-only file system.  dconf will not work properly.
[Parent 919466, Main Thread] WARNING: unable to create file '/run/user/1000/dconf/user': Read-only file system.  dconf will not work properly.: 'glib warning', file /build/firefox-144.0/toolkit/xre/nsSigHandlers.cpp:201

(firefox:919466): dconf-CRITICAL **: 15:27:40.321: unable to create file '/run/user/1000/dconf/user': Read-only file system.  dconf will not work properly.
[Parent 919466, Main Thread] WARNING: unable to create file '/run/user/1000/dconf/user': Read-only file system.  dconf will not work properly.: 'glib warning', file /build/firefox-144.0/toolkit/xre/nsSigHandlers.cpp:201

(firefox:919466): dconf-CRITICAL **: 15:27:40.346: unable to create file '/run/user/1000/dconf/user': Read-only file system.  dconf will not work properly.
[Parent 919466, Main Thread] WARNING: unable to create file '/run/user/1000/dconf/user': Read-only file system.  dconf will not work properly.: 'glib warning', file /build/firefox-144.0/toolkit/xre/nsSigHandlers.cpp:201

(firefox:919466): dconf-CRITICAL **: 15:27:40.346: unable to create file '/run/user/1000/dconf/user': Read-only file system.  dconf will not work properly.
[Parent 919466, Main Thread] WARNING: unable to create file '/run/user/1000/dconf/user': Read-only file system.  dconf will not work properly.: 'glib warning', file /build/firefox-144.0/toolkit/xre/nsSigHandlers.cpp:201

(firefox:919466): dconf-CRITICAL **: 15:27:40.376: unable to create file '/run/user/1000/dconf/user': Read-only file system.  dconf will not work properly.
[Parent 919466, Main Thread] WARNING: unable to create file '/run/user/1000/dconf/user': Read-only file system.  dconf will not work properly.: 'glib warning', file /build/firefox-144.0/toolkit/xre/nsSigHandlers.cpp:201

(firefox:919466): dconf-CRITICAL **: 15:27:40.376: unable to create file '/run/user/1000/dconf/user': Read-only file system.  dconf will not work properly.
[Parent 919466, Main Thread] WARNING: unable to create file '/run/user/1000/dconf/user': Read-only file system.  dconf will not work properly.: 'glib warning', file /build/firefox-144.0/toolkit/xre/nsSigHandlers.cpp:201

(firefox:919466): dconf-CRITICAL **: 15:27:40.433: unable to create file '/run/user/1000/dconf/user': Read-only file system.  dconf will not work properly.
[Parent 919466, Main Thread] WARNING: unable to create file '/run/user/1000/dconf/user': Read-only file system.  dconf will not work properly.: 'glib warning', file /build/firefox-144.0/toolkit/xre/nsSigHandlers.cpp:201

(firefox:919466): dconf-CRITICAL **: 15:27:40.433: unable to create file '/run/user/1000/dconf/user': Read-only file system.  dconf will not work properly.
[Parent 919466, Main Thread] WARNING: unable to create file '/run/user/1000/dconf/user': Read-only file system.  dconf will not work properly.: 'glib warning', file /build/firefox-144.0/toolkit/xre/nsSigHandlers.cpp:201

(firefox:919466): dconf-CRITICAL **: 15:27:40.452: unable to create file '/run/user/1000/dconf/user': Read-only file system.  dconf will not work properly.
[Parent 919466, Main Thread] WARNING: unable to create file '/run/user/1000/dconf/user': Read-only file system.  dconf will not work properly.: 'glib warning', file /build/firefox-144.0/toolkit/xre/nsSigHandlers.cpp:201

(firefox:919466): dconf-CRITICAL **: 15:27:40.452: unable to create file '/run/user/1000/dconf/user': Read-only file system.  dconf will not work properly.
[Parent 919466, Main Thread] WARNING: unable to create file '/run/user/1000/dconf/user': Read-only file system.  dconf will not work properly.: 'glib warning', file /build/firefox-144.0/toolkit/xre/nsSigHandlers.cpp:201

(firefox:919466): dconf-CRITICAL **: 15:27:40.476: unable to create file '/run/user/1000/dconf/user': Read-only file system.  dconf will not work properly.
[Parent 919466, Main Thread] WARNING: unable to create file '/run/user/1000/dconf/user': Read-only file system.  dconf will not work properly.: 'glib warning', file /build/firefox-144.0/toolkit/xre/nsSigHandlers.cpp:201

(firefox:919466): dconf-CRITICAL **: 15:27:40.477: unable to create file '/run/user/1000/dconf/user': Read-only file system.  dconf will not work properly.
[Parent 919466, Main Thread] WARNING: unable to create file '/run/user/1000/dconf/user': Read-only file system.  dconf will not work properly.: 'glib warning', file /build/firefox-144.0/toolkit/xre/nsSigHandlers.cpp:201

(firefox:919466): dconf-CRITICAL **: 15:27:40.497: unable to create file '/run/user/1000/dconf/user': Read-only file system.  dconf will not work properly.
[Parent 919466, Main Thread] WARNING: unable to create file '/run/user/1000/dconf/user': Read-only file system.  dconf will not work properly.: 'glib warning', file /build/firefox-144.0/toolkit/xre/nsSigHandlers.cpp:201

(firefox:919466): dconf-CRITICAL **: 15:27:40.497: unable to create file '/run/user/1000/dconf/user': Read-only file system.  dconf will not work properly.
[Parent 919466, Main Thread] WARNING: unable to create file '/run/user/1000/dconf/user': Read-only file system.  dconf will not work properly.: 'glib warning', file /build/firefox-144.0/toolkit/xre/nsSigHandlers.cpp:201

(firefox:919466): dconf-CRITICAL **: 15:27:40.523: unable to create file '/run/user/1000/dconf/user': Read-only file system.  dconf will not work properly.
[Parent 919466, Main Thread] WARNING: unable to create file '/run/user/1000/dconf/user': Read-only file system.  dconf will not work properly.: 'glib warning', file /build/firefox-144.0/toolkit/xre/nsSigHandlers.cpp:201

(firefox:919466): dconf-CRITICAL **: 15:27:40.523: unable to create file '/run/user/1000/dconf/user': Read-only file system.  dconf will not work properly.
[Parent 919466, Main Thread] WARNING: unable to create file '/run/user/1000/dconf/user': Read-only file system.  dconf will not work properly.: 'glib warning', file /build/firefox-144.0/toolkit/xre/nsSigHandlers.cpp:201

(firefox:919466): dconf-CRITICAL **: 15:27:40.549: unable to create file '/run/user/1000/dconf/user': Read-only file system.  dconf will not work properly.
[Parent 919466, Main Thread] WARNING: unable to create file '/run/user/1000/dconf/user': Read-only file system.  dconf will not work properly.: 'glib warning', file /build/firefox-144.0/toolkit/xre/nsSigHandlers.cpp:201

(firefox:919466): dconf-CRITICAL **: 15:27:40.549: unable to create file '/run/user/1000/dconf/user': Read-only file system.  dconf will not work properly.
[Parent 919466, Main Thread] WARNING: unable to create file '/run/user/1000/dconf/user': Read-only file system.  dconf will not work properly.: 'glib warning', file /build/firefox-144.0/toolkit/xre/nsSigHandlers.cpp:201

(firefox:919466): dconf-CRITICAL **: 15:27:40.579: unable to create file '/run/user/1000/dconf/user': Read-only file system.  dconf will not work properly.
[Parent 919466, Main Thread] WARNING: unable to create file '/run/user/1000/dconf/user': Read-only file system.  dconf will not work properly.: 'glib warning', file /build/firefox-144.0/toolkit/xre/nsSigHandlers.cpp:201

(firefox:919466): dconf-CRITICAL **: 15:27:40.579: unable to create file '/run/user/1000/dconf/user': Read-only file system.  dconf will not work properly.
[Parent 919466, Main Thread] WARNING: unable to create file '/run/user/1000/dconf/user': Read-only file system.  dconf will not work properly.: 'glib warning', file /build/firefox-144.0/toolkit/xre/nsSigHandlers.cpp:201

(firefox:919466): dconf-CRITICAL **: 15:27:40.604: unable to create file '/run/user/1000/dconf/user': Read-only file system.  dconf will not work properly.
[Parent 919466, Main Thread] WARNING: unable to create file '/run/user/1000/dconf/user': Read-only file system.  dconf will not work properly.: 'glib warning', file /build/firefox-144.0/toolkit/xre/nsSigHandlers.cpp:201

(firefox:919466): dconf-CRITICAL **: 15:27:40.605: unable to create file '/run/user/1000/dconf/user': Read-only file system.  dconf will not work properly.
[Parent 919466, Main Thread] WARNING: unable to create file '/run/user/1000/dconf/user': Read-only file system.  dconf will not work properly.: 'glib warning', file /build/firefox-144.0/toolkit/xre/nsSigHandlers.cpp:201

(firefox:919466): dconf-CRITICAL **: 15:27:40.629: unable to create file '/run/user/1000/dconf/user': Read-only file system.  dconf will not work properly.
[Parent 919466, Main Thread] WARNING: unable to create file '/run/user/1000/dconf/user': Read-only file system.  dconf will not work properly.: 'glib warning', file /build/firefox-144.0/toolkit/xre/nsSigHandlers.cpp:201

(firefox:919466): dconf-CRITICAL **: 15:27:40.629: unable to create file '/run/user/1000/dconf/user': Read-only file system.  dconf will not work properly.
[Parent 919466, Main Thread] WARNING: unable to create file '/run/user/1000/dconf/user': Read-only file system.  dconf will not work properly.: 'glib warning', file /build/firefox-144.0/toolkit/xre/nsSigHandlers.cpp:201

(firefox:919466): dconf-CRITICAL **: 15:27:40.651: unable to create file '/run/user/1000/dconf/user': Read-only file system.  dconf will not work properly.
[Parent 919466, Main Thread] WARNING: unable to create file '/run/user/1000/dconf/user': Read-only file system.  dconf will not work properly.: 'glib warning', file /build/firefox-144.0/toolkit/xre/nsSigHandlers.cpp:201

(firefox:919466): dconf-CRITICAL **: 15:27:40.651: unable to create file '/run/user/1000/dconf/user': Read-only file system.  dconf will not work properly.
[Parent 919466, Main Thread] WARNING: unable to create file '/run/user/1000/dconf/user': Read-only file system.  dconf will not work properly.: 'glib warning', file /build/firefox-144.0/toolkit/xre/nsSigHandlers.cpp:201

(firefox:919466): dconf-CRITICAL **: 15:27:40.669: unable to create file '/run/user/1000/dconf/user': Read-only file system.  dconf will not work properly.
[Parent 919466, Main Thread] WARNING: unable to create file '/run/user/1000/dconf/user': Read-only file system.  dconf will not work properly.: 'glib warning', file /build/firefox-144.0/toolkit/xre/nsSigHandlers.cpp:201

(firefox:919466): dconf-CRITICAL **: 15:27:40.669: unable to create file '/run/user/1000/dconf/user': Read-only file system.  dconf will not work properly.
[Parent 919466, Main Thread] WARNING: unable to create file '/run/user/1000/dconf/user': Read-only file system.  dconf will not work properly.: 'glib warning', file /build/firefox-144.0/toolkit/xre/nsSigHandlers.cpp:201

(firefox:919466): dconf-CRITICAL **: 15:27:40.691: unable to create file '/run/user/1000/dconf/user': Read-only file system.  dconf will not work properly.
[Parent 919466, Main Thread] WARNING: unable to create file '/run/user/1000/dconf/user': Read-only file system.  dconf will not work properly.: 'glib warning', file /build/firefox-144.0/toolkit/xre/nsSigHandlers.cpp:201

(firefox:919466): dconf-CRITICAL **: 15:27:40.691: unable to create file '/run/user/1000/dconf/user': Read-only file system.  dconf will not work properly.
[Parent 919466, Main Thread] WARNING: unable to create file '/run/user/1000/dconf/user': Read-only file system.  dconf will not work properly.: 'glib warning', file /build/firefox-144.0/toolkit/xre/nsSigHandlers.cpp:201

(firefox:919466): dconf-CRITICAL **: 15:27:40.715: unable to create file '/run/user/1000/dconf/user': Read-only file system.  dconf will not work properly.
[Parent 919466, Main Thread] WARNING: unable to create file '/run/user/1000/dconf/user': Read-only file system.  dconf will not work properly.: 'glib warning', file /build/firefox-144.0/toolkit/xre/nsSigHandlers.cpp:201

(firefox:919466): dconf-CRITICAL **: 15:27:40.715: unable to create file '/run/user/1000/dconf/user': Read-only file system.  dconf will not work properly.
[Parent 919466, Main Thread] WARNING: unable to create file '/run/user/1000/dconf/user': Read-only file system.  dconf will not work properly.: 'glib warning', file /build/firefox-144.0/toolkit/xre/nsSigHandlers.cpp:201

(firefox:919466): dconf-CRITICAL **: 15:27:40.733: unable to create file '/run/user/1000/dconf/user': Read-only file system.  dconf will not work properly.
[Parent 919466, Main Thread] WARNING: unable to create file '/run/user/1000/dconf/user': Read-only file system.  dconf will not work properly.: 'glib warning', file /build/firefox-144.0/toolkit/xre/nsSigHandlers.cpp:201

(firefox:919466): dconf-CRITICAL **: 15:27:40.733: unable to create file '/run/user/1000/dconf/user': Read-only file system.  dconf will not work properly.
[Parent 919466, Main Thread] WARNING: unable to create file '/run/user/1000/dconf/user': Read-only file system.  dconf will not work properly.: 'glib warning', file /build/firefox-144.0/toolkit/xre/nsSigHandlers.cpp:201

(firefox:919466): dconf-CRITICAL **: 15:27:40.750: unable to create file '/run/user/1000/dconf/user': Read-only file system.  dconf will not work properly.
[Parent 919466, Main Thread] WARNING: unable to create file '/run/user/1000/dconf/user': Read-only file system.  dconf will not work properly.: 'glib warning', file /build/firefox-144.0/toolkit/xre/nsSigHandlers.cpp:201

(firefox:919466): dconf-CRITICAL **: 15:27:40.751: unable to create file '/run/user/1000/dconf/user': Read-only file system.  dconf will not work properly.
[Parent 919466, Main Thread] WARNING: unable to create file '/run/user/1000/dconf/user': Read-only file system.  dconf will not work properly.: 'glib warning', file /build/firefox-144.0/toolkit/xre/nsSigHandlers.cpp:201

(firefox:919466): dconf-CRITICAL **: 15:27:40.796: unable to create file '/run/user/1000/dconf/user': Read-only file system.  dconf will not work properly.
[Parent 919466, Main Thread] WARNING: unable to create file '/run/user/1000/dconf/user': Read-only file system.  dconf will not work properly.: 'glib warning', file /build/firefox-144.0/toolkit/xre/nsSigHandlers.cpp:201

(firefox:919466): dconf-CRITICAL **: 15:27:40.796: unable to create file '/run/user/1000/dconf/user': Read-only file system.  dconf will not work properly.
[Parent 919466, Main Thread] WARNING: unable to create file '/run/user/1000/dconf/user': Read-only file system.  dconf will not work properly.: 'glib warning', file /build/firefox-144.0/toolkit/xre/nsSigHandlers.cpp:201

(firefox:919466): dconf-CRITICAL **: 15:27:40.822: unable to create file '/run/user/1000/dconf/user': Read-only file system.  dconf will not work properly.
[Parent 919466, Main Thread] WARNING: unable to create file '/run/user/1000/dconf/user': Read-only file system.  dconf will not work properly.: 'glib warning', file /build/firefox-144.0/toolkit/xre/nsSigHandlers.cpp:201

(firefox:919466): dconf-CRITICAL **: 15:27:40.822: unable to create file '/run/user/1000/dconf/user': Read-only file system.  dconf will not work properly.
[Parent 919466, Main Thread] WARNING: unable to create file '/run/user/1000/dconf/user': Read-only file system.  dconf will not work properly.: 'glib warning', file /build/firefox-144.0/toolkit/xre/nsSigHandlers.cpp:201

(firefox:919466): dconf-CRITICAL **: 15:27:40.848: unable to create file '/run/user/1000/dconf/user': Read-only file system.  dconf will not work properly.
[Parent 919466, Main Thread] WARNING: unable to create file '/run/user/1000/dconf/user': Read-only file system.  dconf will not work properly.: 'glib warning', file /build/firefox-144.0/toolkit/xre/nsSigHandlers.cpp:201

(firefox:919466): dconf-CRITICAL **: 15:27:40.848: unable to create file '/run/user/1000/dconf/user': Read-only file system.  dconf will not work properly.
[Parent 919466, Main Thread] WARNING: unable to create file '/run/user/1000/dconf/user': Read-only file system.  dconf will not work properly.: 'glib warning', file /build/firefox-144.0/toolkit/xre/nsSigHandlers.cpp:201

(firefox:919466): dconf-CRITICAL **: 15:27:40.874: unable to create file '/run/user/1000/dconf/user': Read-only file system.  dconf will not work properly.
[Parent 919466, Main Thread] WARNING: unable to create file '/run/user/1000/dconf/user': Read-only file system.  dconf will not work properly.: 'glib warning', file /build/firefox-144.0/toolkit/xre/nsSigHandlers.cpp:201

(firefox:919466): dconf-CRITICAL **: 15:27:40.874: unable to create file '/run/user/1000/dconf/user': Read-only file system.  dconf will not work properly.
[Parent 919466, Main Thread] WARNING: unable to create file '/run/user/1000/dconf/user': Read-only file system.  dconf will not work properly.: 'glib warning', file /build/firefox-144.0/toolkit/xre/nsSigHandlers.cpp:201

(firefox:919466): dconf-CRITICAL **: 15:27:40.900: unable to create file '/run/user/1000/dconf/user': Read-only file system.  dconf will not work properly.
[Parent 919466, Main Thread] WARNING: unable to create file '/run/user/1000/dconf/user': Read-only file system.  dconf will not work properly.: 'glib warning', file /build/firefox-144.0/toolkit/xre/nsSigHandlers.cpp:201

(firefox:919466): dconf-CRITICAL **: 15:27:40.900: unable to create file '/run/user/1000/dconf/user': Read-only file system.  dconf will not work properly.
[Parent 919466, Main Thread] WARNING: unable to create file '/run/user/1000/dconf/user': Read-only file system.  dconf will not work properly.: 'glib warning', file /build/firefox-144.0/toolkit/xre/nsSigHandlers.cpp:201

(firefox:919466): dconf-CRITICAL **: 15:27:40.926: unable to create file '/run/user/1000/dconf/user': Read-only file system.  dconf will not work properly.
[Parent 919466, Main Thread] WARNING: unable to create file '/run/user/1000/dconf/user': Read-only file system.  dconf will not work properly.: 'glib warning', file /build/firefox-144.0/toolkit/xre/nsSigHandlers.cpp:201

(firefox:919466): dconf-CRITICAL **: 15:27:40.927: unable to create file '/run/user/1000/dconf/user': Read-only file system.  dconf will not work properly.
[Parent 919466, Main Thread] WARNING: unable to create file '/run/user/1000/dconf/user': Read-only file system.  dconf will not work properly.: 'glib warning', file /build/firefox-144.0/toolkit/xre/nsSigHandlers.cpp:201

(firefox:919466): dconf-CRITICAL **: 15:27:40.954: unable to create file '/run/user/1000/dconf/user': Read-only file system.  dconf will not work properly.
[Parent 919466, Main Thread] WARNING: unable to create file '/run/user/1000/dconf/user': Read-only file system.  dconf will not work properly.: 'glib warning', file /build/firefox-144.0/toolkit/xre/nsSigHandlers.cpp:201

(firefox:919466): dconf-CRITICAL **: 15:27:40.954: unable to create file '/run/user/1000/dconf/user': Read-only file system.  dconf will not work properly.
[Parent 919466, Main Thread] WARNING: unable to create file '/run/user/1000/dconf/user': Read-only file system.  dconf will not work properly.: 'glib warning', file /build/firefox-144.0/toolkit/xre/nsSigHandlers.cpp:201

(firefox:919466): dconf-CRITICAL **: 15:27:41.004: unable to create file '/run/user/1000/dconf/user': Read-only file system.  dconf will not work properly.
[Parent 919466, Main Thread] WARNING: unable to create file '/run/user/1000/dconf/user': Read-only file system.  dconf will not work properly.: 'glib warning', file /build/firefox-144.0/toolkit/xre/nsSigHandlers.cpp:201

(firefox:919466): dconf-CRITICAL **: 15:27:41.004: unable to create file '/run/user/1000/dconf/user': Read-only file system.  dconf will not work properly.
[Parent 919466, Main Thread] WARNING: unable to create file '/run/user/1000/dconf/user': Read-only file system.  dconf will not work properly.: 'glib warning', file /build/firefox-144.0/toolkit/xre/nsSigHandlers.cpp:201

(firefox:919466): dconf-CRITICAL **: 15:27:41.029: unable to create file '/run/user/1000/dconf/user': Read-only file system.  dconf will not work properly.
[Parent 919466, Main Thread] WARNING: unable to create file '/run/user/1000/dconf/user': Read-only file system.  dconf will not work properly.: 'glib warning', file /build/firefox-144.0/toolkit/xre/nsSigHandlers.cpp:201

(firefox:919466): dconf-CRITICAL **: 15:27:41.029: unable to create file '/run/user/1000/dconf/user': Read-only file system.  dconf will not work properly.
[Parent 919466, Main Thread] WARNING: unable to create file '/run/user/1000/dconf/user': Read-only file system.  dconf will not work properly.: 'glib warning', file /build/firefox-144.0/toolkit/xre/nsSigHandlers.cpp:201

(firefox:919466): dconf-CRITICAL **: 15:27:41.048: unable to create file '/run/user/1000/dconf/user': Read-only file system.  dconf will not work properly.
[Parent 919466, Main Thread] WARNING: unable to create file '/run/user/1000/dconf/user': Read-only file system.  dconf will not work properly.: 'glib warning', file /build/firefox-144.0/toolkit/xre/nsSigHandlers.cpp:201

(firefox:919466): dconf-CRITICAL **: 15:27:41.048: unable to create file '/run/user/1000/dconf/user': Read-only file system.  dconf will not work properly.
[Parent 919466, Main Thread] WARNING: unable to create file '/run/user/1000/dconf/user': Read-only file system.  dconf will not work properly.: 'glib warning', file /build/firefox-144.0/toolkit/xre/nsSigHandlers.cpp:201

(firefox:919466): dconf-CRITICAL **: 15:27:41.078: unable to create file '/run/user/1000/dconf/user': Read-only file system.  dconf will not work properly.
[Parent 919466, Main Thread] WARNING: unable to create file '/run/user/1000/dconf/user': Read-only file system.  dconf will not work properly.: 'glib warning', file /build/firefox-144.0/toolkit/xre/nsSigHandlers.cpp:201

(firefox:919466): dconf-CRITICAL **: 15:27:41.079: unable to create file '/run/user/1000/dconf/user': Read-only file system.  dconf will not work properly.
[Parent 919466, Main Thread] WARNING: unable to create file '/run/user/1000/dconf/user': Read-only file system.  dconf will not work properly.: 'glib warning', file /build/firefox-144.0/toolkit/xre/nsSigHandlers.cpp:201

(firefox:919466): dconf-CRITICAL **: 15:27:41.108: unable to create file '/run/user/1000/dconf/user': Read-only file system.  dconf will not work properly.
[Parent 919466, Main Thread] WARNING: unable to create file '/run/user/1000/dconf/user': Read-only file system.  dconf will not work properly.: 'glib warning', file /build/firefox-144.0/toolkit/xre/nsSigHandlers.cpp:201

(firefox:919466): dconf-CRITICAL **: 15:27:41.108: unable to create file '/run/user/1000/dconf/user': Read-only file system.  dconf will not work properly.
[Parent 919466, Main Thread] WARNING: unable to create file '/run/user/1000/dconf/user': Read-only file system.  dconf will not work properly.: 'glib warning', file /build/firefox-144.0/toolkit/xre/nsSigHandlers.cpp:201

(firefox:919466): dconf-CRITICAL **: 15:27:41.129: unable to create file '/run/user/1000/dconf/user': Read-only file system.  dconf will not work properly.
[Parent 919466, Main Thread] WARNING: unable to create file '/run/user/1000/dconf/user': Read-only file system.  dconf will not work properly.: 'glib warning', file /build/firefox-144.0/toolkit/xre/nsSigHandlers.cpp:201

(firefox:919466): dconf-CRITICAL **: 15:27:41.129: unable to create file '/run/user/1000/dconf/user': Read-only file system.  dconf will not work properly.
[Parent 919466, Main Thread] WARNING: unable to create file '/run/user/1000/dconf/user': Read-only file system.  dconf will not work properly.: 'glib warning', file /build/firefox-144.0/toolkit/xre/nsSigHandlers.cpp:201

(firefox:919466): dconf-CRITICAL **: 15:27:41.148: unable to create file '/run/user/1000/dconf/user': Read-only file system.  dconf will not work properly.
[Parent 919466, Main Thread] WARNING: unable to create file '/run/user/1000/dconf/user': Read-only file system.  dconf will not work properly.: 'glib warning', file /build/firefox-144.0/toolkit/xre/nsSigHandlers.cpp:201

(firefox:919466): dconf-CRITICAL **: 15:27:41.148: unable to create file '/run/user/1000/dconf/user': Read-only file system.  dconf will not work properly.
[Parent 919466, Main Thread] WARNING: unable to create file '/run/user/1000/dconf/user': Read-only file system.  dconf will not work properly.: 'glib warning', file /build/firefox-144.0/toolkit/xre/nsSigHandlers.cpp:201

(firefox:919466): dconf-CRITICAL **: 15:27:41.172: unable to create file '/run/user/1000/dconf/user': Read-only file system.  dconf will not work properly.
[Parent 919466, Main Thread] WARNING: unable to create file '/run/user/1000/dconf/user': Read-only file system.  dconf will not work properly.: 'glib warning', file /build/firefox-144.0/toolkit/xre/nsSigHandlers.cpp:201

(firefox:919466): dconf-CRITICAL **: 15:27:41.172: unable to create file '/run/user/1000/dconf/user': Read-only file system.  dconf will not work properly.
[Parent 919466, Main Thread] WARNING: unable to create file '/run/user/1000/dconf/user': Read-only file system.  dconf will not work properly.: 'glib warning', file /build/firefox-144.0/toolkit/xre/nsSigHandlers.cpp:201

(firefox:919466): dconf-CRITICAL **: 15:27:41.195: unable to create file '/run/user/1000/dconf/user': Read-only file system.  dconf will not work properly.
[Parent 919466, Main Thread] WARNING: unable to create file '/run/user/1000/dconf/user': Read-only file system.  dconf will not work properly.: 'glib warning', file /build/firefox-144.0/toolkit/xre/nsSigHandlers.cpp:201

(firefox:919466): dconf-CRITICAL **: 15:27:41.195: unable to create file '/run/user/1000/dconf/user': Read-only file system.  dconf will not work properly.
[Parent 919466, Main Thread] WARNING: unable to create file '/run/user/1000/dconf/user': Read-only file system.  dconf will not work properly.: 'glib warning', file /build/firefox-144.0/toolkit/xre/nsSigHandlers.cpp:201

(firefox:919466): dconf-CRITICAL **: 15:27:41.230: unable to create file '/run/user/1000/dconf/user': Read-only file system.  dconf will not work properly.
[Parent 919466, Main Thread] WARNING: unable to create file '/run/user/1000/dconf/user': Read-only file system.  dconf will not work properly.: 'glib warning', file /build/firefox-144.0/toolkit/xre/nsSigHandlers.cpp:201

(firefox:919466): dconf-CRITICAL **: 15:27:41.230: unable to create file '/run/user/1000/dconf/user': Read-only file system.  dconf will not work properly.
[Parent 919466, Main Thread] WARNING: unable to create file '/run/user/1000/dconf/user': Read-only file system.  dconf will not work properly.: 'glib warning', file /build/firefox-144.0/toolkit/xre/nsSigHandlers.cpp:201

(firefox:919466): dconf-CRITICAL **: 15:27:41.252: unable to create file '/run/user/1000/dconf/user': Read-only file system.  dconf will not work properly.
[Parent 919466, Main Thread] WARNING: unable to create file '/run/user/1000/dconf/user': Read-only file system.  dconf will not work properly.: 'glib warning', file /build/firefox-144.0/toolkit/xre/nsSigHandlers.cpp:201

(firefox:919466): dconf-CRITICAL **: 15:27:41.252: unable to create file '/run/user/1000/dconf/user': Read-only file system.  dconf will not work properly.
[Parent 919466, Main Thread] WARNING: unable to create file '/run/user/1000/dconf/user': Read-only file system.  dconf will not work properly.: 'glib warning', file /build/firefox-144.0/toolkit/xre/nsSigHandlers.cpp:201

(firefox:919466): dconf-CRITICAL **: 15:27:41.277: unable to create file '/run/user/1000/dconf/user': Read-only file system.  dconf will not work properly.
[Parent 919466, Main Thread] WARNING: unable to create file '/run/user/1000/dconf/user': Read-only file system.  dconf will not work properly.: 'glib warning', file /build/firefox-144.0/toolkit/xre/nsSigHandlers.cpp:201

(firefox:919466): dconf-CRITICAL **: 15:27:41.277: unable to create file '/run/user/1000/dconf/user': Read-only file system.  dconf will not work properly.
[Parent 919466, Main Thread] WARNING: unable to create file '/run/user/1000/dconf/user': Read-only file system.  dconf will not work properly.: 'glib warning', file /build/firefox-144.0/toolkit/xre/nsSigHandlers.cpp:201

(firefox:919466): dconf-CRITICAL **: 15:27:41.298: unable to create file '/run/user/1000/dconf/user': Read-only file system.  dconf will not work properly.
[Parent 919466, Main Thread] WARNING: unable to create file '/run/user/1000/dconf/user': Read-only file system.  dconf will not work properly.: 'glib warning', file /build/firefox-144.0/toolkit/xre/nsSigHandlers.cpp:201

(firefox:919466): dconf-CRITICAL **: 15:27:41.298: unable to create file '/run/user/1000/dconf/user': Read-only file system.  dconf will not work properly.
[Parent 919466, Main Thread] WARNING: unable to create file '/run/user/1000/dconf/user': Read-only file system.  dconf will not work properly.: 'glib warning', file /build/firefox-144.0/toolkit/xre/nsSigHandlers.cpp:201

(firefox:919466): dconf-CRITICAL **: 15:27:41.327: unable to create file '/run/user/1000/dconf/user': Read-only file system.  dconf will not work properly.
[Parent 919466, Main Thread] WARNING: unable to create file '/run/user/1000/dconf/user': Read-only file system.  dconf will not work properly.: 'glib warning', file /build/firefox-144.0/toolkit/xre/nsSigHandlers.cpp:201

(firefox:919466): dconf-CRITICAL **: 15:27:41.327: unable to create file '/run/user/1000/dconf/user': Read-only file system.  dconf will not work properly.
[Parent 919466, Main Thread] WARNING: unable to create file '/run/user/1000/dconf/user': Read-only file system.  dconf will not work properly.: 'glib warning', file /build/firefox-144.0/toolkit/xre/nsSigHandlers.cpp:201

(firefox:919466): dconf-CRITICAL **: 15:27:41.347: unable to create file '/run/user/1000/dconf/user': Read-only file system.  dconf will not work properly.
[Parent 919466, Main Thread] WARNING: unable to create file '/run/user/1000/dconf/user': Read-only file system.  dconf will not work properly.: 'glib warning', file /build/firefox-144.0/toolkit/xre/nsSigHandlers.cpp:201

(firefox:919466): dconf-CRITICAL **: 15:27:41.347: unable to create file '/run/user/1000/dconf/user': Read-only file system.  dconf will not work properly.
[Parent 919466, Main Thread] WARNING: unable to create file '/run/user/1000/dconf/user': Read-only file system.  dconf will not work properly.: 'glib warning', file /build/firefox-144.0/toolkit/xre/nsSigHandlers.cpp:201

(firefox:919466): dconf-CRITICAL **: 15:27:41.364: unable to create file '/run/user/1000/dconf/user': Read-only file system.  dconf will not work properly.
[Parent 919466, Main Thread] WARNING: unable to create file '/run/user/1000/dconf/user': Read-only file system.  dconf will not work properly.: 'glib warning', file /build/firefox-144.0/toolkit/xre/nsSigHandlers.cpp:201

(firefox:919466): dconf-CRITICAL **: 15:27:41.364: unable to create file '/run/user/1000/dconf/user': Read-only file system.  dconf will not work properly.
[Parent 919466, Main Thread] WARNING: unable to create file '/run/user/1000/dconf/user': Read-only file system.  dconf will not work properly.: 'glib warning', file /build/firefox-144.0/toolkit/xre/nsSigHandlers.cpp:201

(firefox:919466): dconf-CRITICAL **: 15:27:41.397: unable to create file '/run/user/1000/dconf/user': Read-only file system.  dconf will not work properly.
[Parent 919466, Main Thread] WARNING: unable to create file '/run/user/1000/dconf/user': Read-only file system.  dconf will not work properly.: 'glib warning', file /build/firefox-144.0/toolkit/xre/nsSigHandlers.cpp:201

(firefox:919466): dconf-CRITICAL **: 15:27:41.397: unable to create file '/run/user/1000/dconf/user': Read-only file system.  dconf will not work properly.
[Parent 919466, Main Thread] WARNING: unable to create file '/run/user/1000/dconf/user': Read-only file system.  dconf will not work properly.: 'glib warning', file /build/firefox-144.0/toolkit/xre/nsSigHandlers.cpp:201

(firefox:919466): dconf-CRITICAL **: 15:27:41.424: unable to create file '/run/user/1000/dconf/user': Read-only file system.  dconf will not work properly.
[Parent 919466, Main Thread] WARNING: unable to create file '/run/user/1000/dconf/user': Read-only file system.  dconf will not work properly.: 'glib warning', file /build/firefox-144.0/toolkit/xre/nsSigHandlers.cpp:201

(firefox:919466): dconf-CRITICAL **: 15:27:41.424: unable to create file '/run/user/1000/dconf/user': Read-only file system.  dconf will not work properly.
[Parent 919466, Main Thread] WARNING: unable to create file '/run/user/1000/dconf/user': Read-only file system.  dconf will not work properly.: 'glib warning', file /build/firefox-144.0/toolkit/xre/nsSigHandlers.cpp:201

(firefox:919466): dconf-CRITICAL **: 15:27:41.449: unable to create file '/run/user/1000/dconf/user': Read-only file system.  dconf will not work properly.
[Parent 919466, Main Thread] WARNING: unable to create file '/run/user/1000/dconf/user': Read-only file system.  dconf will not work properly.: 'glib warning', file /build/firefox-144.0/toolkit/xre/nsSigHandlers.cpp:201

(firefox:919466): dconf-CRITICAL **: 15:27:41.449: unable to create file '/run/user/1000/dconf/user': Read-only file system.  dconf will not work properly.
[Parent 919466, Main Thread] WARNING: unable to create file '/run/user/1000/dconf/user': Read-only file system.  dconf will not work properly.: 'glib warning', file /build/firefox-144.0/toolkit/xre/nsSigHandlers.cpp:201

(firefox:919466): dconf-CRITICAL **: 15:27:41.469: unable to create file '/run/user/1000/dconf/user': Read-only file system.  dconf will not work properly.
[Parent 919466, Main Thread] WARNING: unable to create file '/run/user/1000/dconf/user': Read-only file system.  dconf will not work properly.: 'glib warning', file /build/firefox-144.0/toolkit/xre/nsSigHandlers.cpp:201

(firefox:919466): dconf-CRITICAL **: 15:27:41.469: unable to create file '/run/user/1000/dconf/user': Read-only file system.  dconf will not work properly.
[Parent 919466, Main Thread] WARNING: unable to create file '/run/user/1000/dconf/user': Read-only file system.  dconf will not work properly.: 'glib warning', file /build/firefox-144.0/toolkit/xre/nsSigHandlers.cpp:201

(firefox:919466): dconf-CRITICAL **: 15:27:41.489: unable to create file '/run/user/1000/dconf/user': Read-only file system.  dconf will not work properly.
[Parent 919466, Main Thread] WARNING: unable to create file '/run/user/1000/dconf/user': Read-only file system.  dconf will not work properly.: 'glib warning', file /build/firefox-144.0/toolkit/xre/nsSigHandlers.cpp:201

(firefox:919466): dconf-CRITICAL **: 15:27:41.489: unable to create file '/run/user/1000/dconf/user': Read-only file system.  dconf will not work properly.
[Parent 919466, Main Thread] WARNING: unable to create file '/run/user/1000/dconf/user': Read-only file system.  dconf will not work properly.: 'glib warning', file /build/firefox-144.0/toolkit/xre/nsSigHandlers.cpp:201

(firefox:919466): dconf-CRITICAL **: 15:27:41.508: unable to create file '/run/user/1000/dconf/user': Read-only file system.  dconf will not work properly.
[Parent 919466, Main Thread] WARNING: unable to create file '/run/user/1000/dconf/user': Read-only file system.  dconf will not work properly.: 'glib warning', file /build/firefox-144.0/toolkit/xre/nsSigHandlers.cpp:201

(firefox:919466): dconf-CRITICAL **: 15:27:41.508: unable to create file '/run/user/1000/dconf/user': Read-only file system.  dconf will not work properly.
[Parent 919466, Main Thread] WARNING: unable to create file '/run/user/1000/dconf/user': Read-only file system.  dconf will not work properly.: 'glib warning', file /build/firefox-144.0/toolkit/xre/nsSigHandlers.cpp:201

(firefox:919466): dconf-CRITICAL **: 15:27:41.528: unable to create file '/run/user/1000/dconf/user': Read-only file system.  dconf will not work properly.
[Parent 919466, Main Thread] WARNING: unable to create file '/run/user/1000/dconf/user': Read-only file system.  dconf will not work properly.: 'glib warning', file /build/firefox-144.0/toolkit/xre/nsSigHandlers.cpp:201

(firefox:919466): dconf-CRITICAL **: 15:27:41.528: unable to create file '/run/user/1000/dconf/user': Read-only file system.  dconf will not work properly.
[Parent 919466, Main Thread] WARNING: unable to create file '/run/user/1000/dconf/user': Read-only file system.  dconf will not work properly.: 'glib warning', file /build/firefox-144.0/toolkit/xre/nsSigHandlers.cpp:201

(firefox:919466): dconf-CRITICAL **: 15:27:41.551: unable to create file '/run/user/1000/dconf/user': Read-only file system.  dconf will not work properly.
[Parent 919466, Main Thread] WARNING: unable to create file '/run/user/1000/dconf/user': Read-only file system.  dconf will not work properly.: 'glib warning', file /build/firefox-144.0/toolkit/xre/nsSigHandlers.cpp:201

(firefox:919466): dconf-CRITICAL **: 15:27:41.551: unable to create file '/run/user/1000/dconf/user': Read-only file system.  dconf will not work properly.
[Parent 919466, Main Thread] WARNING: unable to create file '/run/user/1000/dconf/user': Read-only file system.  dconf will not work properly.: 'glib warning', file /build/firefox-144.0/toolkit/xre/nsSigHandlers.cpp:201

(firefox:919466): dconf-CRITICAL **: 15:27:41.570: unable to create file '/run/user/1000/dconf/user': Read-only file system.  dconf will not work properly.
[Parent 919466, Main Thread] WARNING: unable to create file '/run/user/1000/dconf/user': Read-only file system.  dconf will not work properly.: 'glib warning', file /build/firefox-144.0/toolkit/xre/nsSigHandlers.cpp:201

(firefox:919466): dconf-CRITICAL **: 15:27:41.570: unable to create file '/run/user/1000/dconf/user': Read-only file system.  dconf will not work properly.
[Parent 919466, Main Thread] WARNING: unable to create file '/run/user/1000/dconf/user': Read-only file system.  dconf will not work properly.: 'glib warning', file /build/firefox-144.0/toolkit/xre/nsSigHandlers.cpp:201

(firefox:919466): dconf-CRITICAL **: 15:27:41.604: unable to create file '/run/user/1000/dconf/user': Read-only file system.  dconf will not work properly.
[Parent 919466, Main Thread] WARNING: unable to create file '/run/user/1000/dconf/user': Read-only file system.  dconf will not work properly.: 'glib warning', file /build/firefox-144.0/toolkit/xre/nsSigHandlers.cpp:201

(firefox:919466): dconf-CRITICAL **: 15:27:41.604: unable to create file '/run/user/1000/dconf/user': Read-only file system.  dconf will not work properly.
[Parent 919466, Main Thread] WARNING: unable to create file '/run/user/1000/dconf/user': Read-only file system.  dconf will not work properly.: 'glib warning', file /build/firefox-144.0/toolkit/xre/nsSigHandlers.cpp:201

(firefox:919466): dconf-CRITICAL **: 15:27:41.626: unable to create file '/run/user/1000/dconf/user': Read-only file system.  dconf will not work properly.
[Parent 919466, Main Thread] WARNING: unable to create file '/run/user/1000/dconf/user': Read-only file system.  dconf will not work properly.: 'glib warning', file /build/firefox-144.0/toolkit/xre/nsSigHandlers.cpp:201

(firefox:919466): dconf-CRITICAL **: 15:27:41.626: unable to create file '/run/user/1000/dconf/user': Read-only file system.  dconf will not work properly.
[Parent 919466, Main Thread] WARNING: unable to create file '/run/user/1000/dconf/user': Read-only file system.  dconf will not work properly.: 'glib warning', file /build/firefox-144.0/toolkit/xre/nsSigHandlers.cpp:201

(firefox:919466): dconf-CRITICAL **: 15:27:41.651: unable to create file '/run/user/1000/dconf/user': Read-only file system.  dconf will not work properly.
[Parent 919466, Main Thread] WARNING: unable to create file '/run/user/1000/dconf/user': Read-only file system.  dconf will not work properly.: 'glib warning', file /build/firefox-144.0/toolkit/xre/nsSigHandlers.cpp:201

(firefox:919466): dconf-CRITICAL **: 15:27:41.651: unable to create file '/run/user/1000/dconf/user': Read-only file system.  dconf will not work properly.
[Parent 919466, Main Thread] WARNING: unable to create file '/run/user/1000/dconf/user': Read-only file system.  dconf will not work properly.: 'glib warning', file /build/firefox-144.0/toolkit/xre/nsSigHandlers.cpp:201

(firefox:919466): dconf-CRITICAL **: 15:27:41.675: unable to create file '/run/user/1000/dconf/user': Read-only file system.  dconf will not work properly.
[Parent 919466, Main Thread] WARNING: unable to create file '/run/user/1000/dconf/user': Read-only file system.  dconf will not work properly.: 'glib warning', file /build/firefox-144.0/toolkit/xre/nsSigHandlers.cpp:201

(firefox:919466): dconf-CRITICAL **: 15:27:41.675: unable to create file '/run/user/1000/dconf/user': Read-only file system.  dconf will not work properly.
[Parent 919466, Main Thread] WARNING: unable to create file '/run/user/1000/dconf/user': Read-only file system.  dconf will not work properly.: 'glib warning', file /build/firefox-144.0/toolkit/xre/nsSigHandlers.cpp:201

(firefox:919466): dconf-CRITICAL **: 15:27:41.699: unable to create file '/run/user/1000/dconf/user': Read-only file system.  dconf will not work properly.
[Parent 919466, Main Thread] WARNING: unable to create file '/run/user/1000/dconf/user': Read-only file system.  dconf will not work properly.: 'glib warning', file /build/firefox-144.0/toolkit/xre/nsSigHandlers.cpp:201

(firefox:919466): dconf-CRITICAL **: 15:27:41.699: unable to create file '/run/user/1000/dconf/user': Read-only file system.  dconf will not work properly.
[Parent 919466, Main Thread] WARNING: unable to create file '/run/user/1000/dconf/user': Read-only file system.  dconf will not work properly.: 'glib warning', file /build/firefox-144.0/toolkit/xre/nsSigHandlers.cpp:201

(firefox:919466): dconf-CRITICAL **: 15:27:41.719: unable to create file '/run/user/1000/dconf/user': Read-only file system.  dconf will not work properly.
[Parent 919466, Main Thread] WARNING: unable to create file '/run/user/1000/dconf/user': Read-only file system.  dconf will not work properly.: 'glib warning', file /build/firefox-144.0/toolkit/xre/nsSigHandlers.cpp:201

(firefox:919466): dconf-CRITICAL **: 15:27:41.719: unable to create file '/run/user/1000/dconf/user': Read-only file system.  dconf will not work properly.
[Parent 919466, Main Thread] WARNING: unable to create file '/run/user/1000/dconf/user': Read-only file system.  dconf will not work properly.: 'glib warning', file /build/firefox-144.0/toolkit/xre/nsSigHandlers.cpp:201

(firefox:919466): dconf-CRITICAL **: 15:27:41.733: unable to create file '/run/user/1000/dconf/user': Read-only file system.  dconf will not work properly.
[Parent 919466, Main Thread] WARNING: unable to create file '/run/user/1000/dconf/user': Read-only file system.  dconf will not work properly.: 'glib warning', file /build/firefox-144.0/toolkit/xre/nsSigHandlers.cpp:201

(firefox:919466): dconf-CRITICAL **: 15:27:41.733: unable to create file '/run/user/1000/dconf/user': Read-only file system.  dconf will not work properly.
[Parent 919466, Main Thread] WARNING: unable to create file '/run/user/1000/dconf/user': Read-only file system.  dconf will not work properly.: 'glib warning', file /build/firefox-144.0/toolkit/xre/nsSigHandlers.cpp:201

(firefox:919466): dconf-CRITICAL **: 15:27:41.747: unable to create file '/run/user/1000/dconf/user': Read-only file system.  dconf will not work properly.
[Parent 919466, Main Thread] WARNING: unable to create file '/run/user/1000/dconf/user': Read-only file system.  dconf will not work properly.: 'glib warning', file /build/firefox-144.0/toolkit/xre/nsSigHandlers.cpp:201

(firefox:919466): dconf-CRITICAL **: 15:27:41.747: unable to create file '/run/user/1000/dconf/user': Read-only file system.  dconf will not work properly.
[Parent 919466, Main Thread] WARNING: unable to create file '/run/user/1000/dconf/user': Read-only file system.  dconf will not work properly.: 'glib warning', file /build/firefox-144.0/toolkit/xre/nsSigHandlers.cpp:201

(firefox:919466): dconf-CRITICAL **: 15:27:41.766: unable to create file '/run/user/1000/dconf/user': Read-only file system.  dconf will not work properly.
[Parent 919466, Main Thread] WARNING: unable to create file '/run/user/1000/dconf/user': Read-only file system.  dconf will not work properly.: 'glib warning', file /build/firefox-144.0/toolkit/xre/nsSigHandlers.cpp:201

(firefox:919466): dconf-CRITICAL **: 15:27:41.766: unable to create file '/run/user/1000/dconf/user': Read-only file system.  dconf will not work properly.
[Parent 919466, Main Thread] WARNING: unable to create file '/run/user/1000/dconf/user': Read-only file system.  dconf will not work properly.: 'glib warning', file /build/firefox-144.0/toolkit/xre/nsSigHandlers.cpp:201

(firefox:919466): dconf-CRITICAL **: 15:27:41.806: unable to create file '/run/user/1000/dconf/user': Read-only file system.  dconf will not work properly.
[Parent 919466, Main Thread] WARNING: unable to create file '/run/user/1000/dconf/user': Read-only file system.  dconf will not work properly.: 'glib warning', file /build/firefox-144.0/toolkit/xre/nsSigHandlers.cpp:201

(firefox:919466): dconf-CRITICAL **: 15:27:41.807: unable to create file '/run/user/1000/dconf/user': Read-only file system.  dconf will not work properly.
[Parent 919466, Main Thread] WARNING: unable to create file '/run/user/1000/dconf/user': Read-only file system.  dconf will not work properly.: 'glib warning', file /build/firefox-144.0/toolkit/xre/nsSigHandlers.cpp:201

(firefox:919466): dconf-CRITICAL **: 15:27:41.825: unable to create file '/run/user/1000/dconf/user': Read-only file system.  dconf will not work properly.
[Parent 919466, Main Thread] WARNING: unable to create file '/run/user/1000/dconf/user': Read-only file system.  dconf will not work properly.: 'glib warning', file /build/firefox-144.0/toolkit/xre/nsSigHandlers.cpp:201

(firefox:919466): dconf-CRITICAL **: 15:27:41.825: unable to create file '/run/user/1000/dconf/user': Read-only file system.  dconf will not work properly.
[Parent 919466, Main Thread] WARNING: unable to create file '/run/user/1000/dconf/user': Read-only file system.  dconf will not work properly.: 'glib warning', file /build/firefox-144.0/toolkit/xre/nsSigHandlers.cpp:201

(firefox:919466): dconf-CRITICAL **: 15:27:41.846: unable to create file '/run/user/1000/dconf/user': Read-only file system.  dconf will not work properly.
[Parent 919466, Main Thread] WARNING: unable to create file '/run/user/1000/dconf/user': Read-only file system.  dconf will not work properly.: 'glib warning', file /build/firefox-144.0/toolkit/xre/nsSigHandlers.cpp:201

(firefox:919466): dconf-CRITICAL **: 15:27:41.846: unable to create file '/run/user/1000/dconf/user': Read-only file system.  dconf will not work properly.
[Parent 919466, Main Thread] WARNING: unable to create file '/run/user/1000/dconf/user': Read-only file system.  dconf will not work properly.: 'glib warning', file /build/firefox-144.0/toolkit/xre/nsSigHandlers.cpp:201

(firefox:919466): dconf-CRITICAL **: 15:27:41.869: unable to create file '/run/user/1000/dconf/user': Read-only file system.  dconf will not work properly.
[Parent 919466, Main Thread] WARNING: unable to create file '/run/user/1000/dconf/user': Read-only file system.  dconf will not work properly.: 'glib warning', file /build/firefox-144.0/toolkit/xre/nsSigHandlers.cpp:201

(firefox:919466): dconf-CRITICAL **: 15:27:41.869: unable to create file '/run/user/1000/dconf/user': Read-only file system.  dconf will not work properly.
[Parent 919466, Main Thread] WARNING: unable to create file '/run/user/1000/dconf/user': Read-only file system.  dconf will not work properly.: 'glib warning', file /build/firefox-144.0/toolkit/xre/nsSigHandlers.cpp:201

(firefox:919466): dconf-CRITICAL **: 15:27:41.883: unable to create file '/run/user/1000/dconf/user': Read-only file system.  dconf will not work properly.
[Parent 919466, Main Thread] WARNING: unable to create file '/run/user/1000/dconf/user': Read-only file system.  dconf will not work properly.: 'glib warning', file /build/firefox-144.0/toolkit/xre/nsSigHandlers.cpp:201

(firefox:919466): dconf-CRITICAL **: 15:27:41.883: unable to create file '/run/user/1000/dconf/user': Read-only file system.  dconf will not work properly.
[Parent 919466, Main Thread] WARNING: unable to create file '/run/user/1000/dconf/user': Read-only file system.  dconf will not work properly.: 'glib warning', file /build/firefox-144.0/toolkit/xre/nsSigHandlers.cpp:201

(firefox:919466): dconf-CRITICAL **: 15:27:41.911: unable to create file '/run/user/1000/dconf/user': Read-only file system.  dconf will not work properly.
[Parent 919466, Main Thread] WARNING: unable to create file '/run/user/1000/dconf/user': Read-only file system.  dconf will not work properly.: 'glib warning', file /build/firefox-144.0/toolkit/xre/nsSigHandlers.cpp:201

(firefox:919466): dconf-CRITICAL **: 15:27:41.911: unable to create file '/run/user/1000/dconf/user': Read-only file system.  dconf will not work properly.
[Parent 919466, Main Thread] WARNING: unable to create file '/run/user/1000/dconf/user': Read-only file system.  dconf will not work properly.: 'glib warning', file /build/firefox-144.0/toolkit/xre/nsSigHandlers.cpp:201

(firefox:919466): dconf-CRITICAL **: 15:27:41.929: unable to create file '/run/user/1000/dconf/user': Read-only file system.  dconf will not work properly.
[Parent 919466, Main Thread] WARNING: unable to create file '/run/user/1000/dconf/user': Read-only file system.  dconf will not work properly.: 'glib warning', file /build/firefox-144.0/toolkit/xre/nsSigHandlers.cpp:201

(firefox:919466): dconf-CRITICAL **: 15:27:41.929: unable to create file '/run/user/1000/dconf/user': Read-only file system.  dconf will not work properly.
[Parent 919466, Main Thread] WARNING: unable to create file '/run/user/1000/dconf/user': Read-only file system.  dconf will not work properly.: 'glib warning', file /build/firefox-144.0/toolkit/xre/nsSigHandlers.cpp:201

(firefox:919466): dconf-CRITICAL **: 15:27:41.950: unable to create file '/run/user/1000/dconf/user': Read-only file system.  dconf will not work properly.
[Parent 919466, Main Thread] WARNING: unable to create file '/run/user/1000/dconf/user': Read-only file system.  dconf will not work properly.: 'glib warning', file /build/firefox-144.0/toolkit/xre/nsSigHandlers.cpp:201

(firefox:919466): dconf-CRITICAL **: 15:27:41.950: unable to create file '/run/user/1000/dconf/user': Read-only file system.  dconf will not work properly.
[Parent 919466, Main Thread] WARNING: unable to create file '/run/user/1000/dconf/user': Read-only file system.  dconf will not work properly.: 'glib warning', file /build/firefox-144.0/toolkit/xre/nsSigHandlers.cpp:201

(firefox:919466): dconf-CRITICAL **: 15:27:41.974: unable to create file '/run/user/1000/dconf/user': Read-only file system.  dconf will not work properly.
[Parent 919466, Main Thread] WARNING: unable to create file '/run/user/1000/dconf/user': Read-only file system.  dconf will not work properly.: 'glib warning', file /build/firefox-144.0/toolkit/xre/nsSigHandlers.cpp:201

(firefox:919466): dconf-CRITICAL **: 15:27:41.974: unable to create file '/run/user/1000/dconf/user': Read-only file system.  dconf will not work properly.
[Parent 919466, Main Thread] WARNING: unable to create file '/run/user/1000/dconf/user': Read-only file system.  dconf will not work properly.: 'glib warning', file /build/firefox-144.0/toolkit/xre/nsSigHandlers.cpp:201

(firefox:919466): dconf-CRITICAL **: 15:27:42.042: unable to create file '/run/user/1000/dconf/user': Read-only file system.  dconf will not work properly.
[Parent 919466, Main Thread] WARNING: unable to create file '/run/user/1000/dconf/user': Read-only file system.  dconf will not work properly.: 'glib warning', file /build/firefox-144.0/toolkit/xre/nsSigHandlers.cpp:201

(firefox:919466): dconf-CRITICAL **: 15:27:42.042: unable to create file '/run/user/1000/dconf/user': Read-only file system.  dconf will not work properly.
[Parent 919466, Main Thread] WARNING: unable to create file '/run/user/1000/dconf/user': Read-only file system.  dconf will not work properly.: 'glib warning', file /build/firefox-144.0/toolkit/xre/nsSigHandlers.cpp:201

(firefox:919466): dconf-CRITICAL **: 15:27:42.057: unable to create file '/run/user/1000/dconf/user': Read-only file system.  dconf will not work properly.
[Parent 919466, Main Thread] WARNING: unable to create file '/run/user/1000/dconf/user': Read-only file system.  dconf will not work properly.: 'glib warning', file /build/firefox-144.0/toolkit/xre/nsSigHandlers.cpp:201

(firefox:919466): dconf-CRITICAL **: 15:27:42.057: unable to create file '/run/user/1000/dconf/user': Read-only file system.  dconf will not work properly.
[Parent 919466, Main Thread] WARNING: unable to create file '/run/user/1000/dconf/user': Read-only file system.  dconf will not work properly.: 'glib warning', file /build/firefox-144.0/toolkit/xre/nsSigHandlers.cpp:201

(firefox:919466): dconf-CRITICAL **: 15:27:42.076: unable to create file '/run/user/1000/dconf/user': Read-only file system.  dconf will not work properly.
[Parent 919466, Main Thread] WARNING: unable to create file '/run/user/1000/dconf/user': Read-only file system.  dconf will not work properly.: 'glib warning', file /build/firefox-144.0/toolkit/xre/nsSigHandlers.cpp:201

(firefox:919466): dconf-CRITICAL **: 15:27:42.076: unable to create file '/run/user/1000/dconf/user': Read-only file system.  dconf will not work properly.
[Parent 919466, Main Thread] WARNING: unable to create file '/run/user/1000/dconf/user': Read-only file system.  dconf will not work properly.: 'glib warning', file /build/firefox-144.0/toolkit/xre/nsSigHandlers.cpp:201

(firefox:919466): dconf-CRITICAL **: 15:27:42.095: unable to create file '/run/user/1000/dconf/user': Read-only file system.  dconf will not work properly.
[Parent 919466, Main Thread] WARNING: unable to create file '/run/user/1000/dconf/user': Read-only file system.  dconf will not work properly.: 'glib warning', file /build/firefox-144.0/toolkit/xre/nsSigHandlers.cpp:201

(firefox:919466): dconf-CRITICAL **: 15:27:42.095: unable to create file '/run/user/1000/dconf/user': Read-only file system.  dconf will not work properly.
[Parent 919466, Main Thread] WARNING: unable to create file '/run/user/1000/dconf/user': Read-only file system.  dconf will not work properly.: 'glib warning', file /build/firefox-144.0/toolkit/xre/nsSigHandlers.cpp:201

(firefox:919466): dconf-CRITICAL **: 15:27:42.117: unable to create file '/run/user/1000/dconf/user': Read-only file system.  dconf will not work properly.
[Parent 919466, Main Thread] WARNING: unable to create file '/run/user/1000/dconf/user': Read-only file system.  dconf will not work properly.: 'glib warning', file /build/firefox-144.0/toolkit/xre/nsSigHandlers.cpp:201

(firefox:919466): dconf-CRITICAL **: 15:27:42.117: unable to create file '/run/user/1000/dconf/user': Read-only file system.  dconf will not work properly.
[Parent 919466, Main Thread] WARNING: unable to create file '/run/user/1000/dconf/user': Read-only file system.  dconf will not work properly.: 'glib warning', file /build/firefox-144.0/toolkit/xre/nsSigHandlers.cpp:201

(firefox:919466): dconf-CRITICAL **: 15:27:42.134: unable to create file '/run/user/1000/dconf/user': Read-only file system.  dconf will not work properly.
[Parent 919466, Main Thread] WARNING: unable to create file '/run/user/1000/dconf/user': Read-only file system.  dconf will not work properly.: 'glib warning', file /build/firefox-144.0/toolkit/xre/nsSigHandlers.cpp:201

(firefox:919466): dconf-CRITICAL **: 15:27:42.134: unable to create file '/run/user/1000/dconf/user': Read-only file system.  dconf will not work properly.
[Parent 919466, Main Thread] WARNING: unable to create file '/run/user/1000/dconf/user': Read-only file system.  dconf will not work properly.: 'glib warning', file /build/firefox-144.0/toolkit/xre/nsSigHandlers.cpp:201

(firefox:919466): dconf-CRITICAL **: 15:27:42.134: unable to create file '/run/user/1000/dconf/user': Read-only file system.  dconf will not work properly.
[Parent 919466, Main Thread] WARNING: unable to create file '/run/user/1000/dconf/user': Read-only file system.  dconf will not work properly.: 'glib warning', file /build/firefox-144.0/toolkit/xre/nsSigHandlers.cpp:201

(firefox:919466): dconf-CRITICAL **: 15:27:42.135: unable to create file '/run/user/1000/dconf/user': Read-only file system.  dconf will not work properly.
console.warn: "[web-runtime] connection lost, retry #5"
[Parent 919466, Main Thread] WARNING: unable to create file '/run/user/1000/dconf/user': Read-only file system.  dconf will not work properly.: 'glib warning', file /build/firefox-144.0/toolkit/xre/nsSigHandlers.cpp:201

(firefox:919466): dconf-CRITICAL **: 15:27:42.141: unable to create file '/run/user/1000/dconf/user': Read-only file system.  dconf will not work properly.
[Parent 919466, Main Thread] WARNING: unable to create file '/run/user/1000/dconf/user': Read-only file system.  dconf will not work properly.: 'glib warning', file /build/firefox-144.0/toolkit/xre/nsSigHandlers.cpp:201

(firefox:919466): dconf-CRITICAL **: 15:27:42.141: unable to create file '/run/user/1000/dconf/user': Read-only file system.  dconf will not work properly.
[Parent 919466, Main Thread] WARNING: unable to create file '/run/user/1000/dconf/user': Read-only file system.  dconf will not work properly.: 'glib warning', file /build/firefox-144.0/toolkit/xre/nsSigHandlers.cpp:201

(firefox:919466): dconf-CRITICAL **: 15:27:42.161: unable to create file '/run/user/1000/dconf/user': Read-only file system.  dconf will not work properly.
[Parent 919466, Main Thread] WARNING: unable to create file '/run/user/1000/dconf/user': Read-only file system.  dconf will not work properly.: 'glib warning', file /build/firefox-144.0/toolkit/xre/nsSigHandlers.cpp:201

(firefox:919466): dconf-CRITICAL **: 15:27:42.162: unable to create file '/run/user/1000/dconf/user': Read-only file system.  dconf will not work properly.
[Parent 919466, Main Thread] WARNING: unable to create file '/run/user/1000/dconf/user': Read-only file system.  dconf will not work properly.: 'glib warning', file /build/firefox-144.0/toolkit/xre/nsSigHandlers.cpp:201

(firefox:919466): dconf-CRITICAL **: 15:27:42.183: unable to create file '/run/user/1000/dconf/user': Read-only file system.  dconf will not work properly.
[Parent 919466, Main Thread] WARNING: unable to create file '/run/user/1000/dconf/user': Read-only file system.  dconf will not work properly.: 'glib warning', file /build/firefox-144.0/toolkit/xre/nsSigHandlers.cpp:201

(firefox:919466): dconf-CRITICAL **: 15:27:42.183: unable to create file '/run/user/1000/dconf/user': Read-only file system.  dconf will not work properly.
[Parent 919466, Main Thread] WARNING: unable to create file '/run/user/1000/dconf/user': Read-only file system.  dconf will not work properly.: 'glib warning', file /build/firefox-144.0/toolkit/xre/nsSigHandlers.cpp:201

(firefox:919466): dconf-CRITICAL **: 15:27:42.197: unable to create file '/run/user/1000/dconf/user': Read-only file system.  dconf will not work properly.
[Parent 919466, Main Thread] WARNING: unable to create file '/run/user/1000/dconf/user': Read-only file system.  dconf will not work properly.: 'glib warning', file /build/firefox-144.0/toolkit/xre/nsSigHandlers.cpp:201

(firefox:919466): dconf-CRITICAL **: 15:27:42.197: unable to create file '/run/user/1000/dconf/user': Read-only file system.  dconf will not work properly.
[Parent 919466, Main Thread] WARNING: unable to create file '/run/user/1000/dconf/user': Read-only file system.  dconf will not work properly.: 'glib warning', file /build/firefox-144.0/toolkit/xre/nsSigHandlers.cpp:201

(firefox:919466): dconf-CRITICAL **: 15:27:42.221: unable to create file '/run/user/1000/dconf/user': Read-only file system.  dconf will not work properly.
[Parent 919466, Main Thread] WARNING: unable to create file '/run/user/1000/dconf/user': Read-only file system.  dconf will not work properly.: 'glib warning', file /build/firefox-144.0/toolkit/xre/nsSigHandlers.cpp:201

(firefox:919466): dconf-CRITICAL **: 15:27:42.222: unable to create file '/run/user/1000/dconf/user': Read-only file system.  dconf will not work properly.
[Parent 919466, Main Thread] WARNING: unable to create file '/run/user/1000/dconf/user': Read-only file system.  dconf will not work properly.: 'glib warning', file /build/firefox-144.0/toolkit/xre/nsSigHandlers.cpp:201

(firefox:919466): dconf-CRITICAL **: 15:27:42.245: unable to create file '/run/user/1000/dconf/user': Read-only file system.  dconf will not work properly.
[Parent 919466, Main Thread] WARNING: unable to create file '/run/user/1000/dconf/user': Read-only file system.  dconf will not work properly.: 'glib warning', file /build/firefox-144.0/toolkit/xre/nsSigHandlers.cpp:201

(firefox:919466): dconf-CRITICAL **: 15:27:42.245: unable to create file '/run/user/1000/dconf/user': Read-only file system.  dconf will not work properly.
[Parent 919466, Main Thread] WARNING: unable to create file '/run/user/1000/dconf/user': Read-only file system.  dconf will not work properly.: 'glib warning', file /build/firefox-144.0/toolkit/xre/nsSigHandlers.cpp:201

(firefox:919466): dconf-CRITICAL **: 15:27:42.271: unable to create file '/run/user/1000/dconf/user': Read-only file system.  dconf will not work properly.
[Parent 919466, Main Thread] WARNING: unable to create file '/run/user/1000/dconf/user': Read-only file system.  dconf will not work properly.: 'glib warning', file /build/firefox-144.0/toolkit/xre/nsSigHandlers.cpp:201

(firefox:919466): dconf-CRITICAL **: 15:27:42.271: unable to create file '/run/user/1000/dconf/user': Read-only file system.  dconf will not work properly.
[Parent 919466, Main Thread] WARNING: unable to create file '/run/user/1000/dconf/user': Read-only file system.  dconf will not work properly.: 'glib warning', file /build/firefox-144.0/toolkit/xre/nsSigHandlers.cpp:201

(firefox:919466): dconf-CRITICAL **: 15:27:42.294: unable to create file '/run/user/1000/dconf/user': Read-only file system.  dconf will not work properly.
[Parent 919466, Main Thread] WARNING: unable to create file '/run/user/1000/dconf/user': Read-only file system.  dconf will not work properly.: 'glib warning', file /build/firefox-144.0/toolkit/xre/nsSigHandlers.cpp:201

(firefox:919466): dconf-CRITICAL **: 15:27:42.294: unable to create file '/run/user/1000/dconf/user': Read-only file system.  dconf will not work properly.
[Parent 919466, Main Thread] WARNING: unable to create file '/run/user/1000/dconf/user': Read-only file system.  dconf will not work properly.: 'glib warning', file /build/firefox-144.0/toolkit/xre/nsSigHandlers.cpp:201

(firefox:919466): dconf-CRITICAL **: 15:27:42.321: unable to create file '/run/user/1000/dconf/user': Read-only file system.  dconf will not work properly.
[Parent 919466, Main Thread] WARNING: unable to create file '/run/user/1000/dconf/user': Read-only file system.  dconf will not work properly.: 'glib warning', file /build/firefox-144.0/toolkit/xre/nsSigHandlers.cpp:201

(firefox:919466): dconf-CRITICAL **: 15:27:42.321: unable to create file '/run/user/1000/dconf/user': Read-only file system.  dconf will not work properly.
[Parent 919466, Main Thread] WARNING: unable to create file '/run/user/1000/dconf/user': Read-only file system.  dconf will not work properly.: 'glib warning', file /build/firefox-144.0/toolkit/xre/nsSigHandlers.cpp:201

(firefox:919466): dconf-CRITICAL **: 15:27:42.356: unable to create file '/run/user/1000/dconf/user': Read-only file system.  dconf will not work properly.
[Parent 919466, Main Thread] WARNING: unable to create file '/run/user/1000/dconf/user': Read-only file system.  dconf will not work properly.: 'glib warning', file /build/firefox-144.0/toolkit/xre/nsSigHandlers.cpp:201

(firefox:919466): dconf-CRITICAL **: 15:27:42.356: unable to create file '/run/user/1000/dconf/user': Read-only file system.  dconf will not work properly.
[Parent 919466, Main Thread] WARNING: unable to create file '/run/user/1000/dconf/user': Read-only file system.  dconf will not work properly.: 'glib warning', file /build/firefox-144.0/toolkit/xre/nsSigHandlers.cpp:201

(firefox:919466): dconf-CRITICAL **: 15:27:42.373: unable to create file '/run/user/1000/dconf/user': Read-only file system.  dconf will not work properly.
[Parent 919466, Main Thread] WARNING: unable to create file '/run/user/1000/dconf/user': Read-only file system.  dconf will not work properly.: 'glib warning', file /build/firefox-144.0/toolkit/xre/nsSigHandlers.cpp:201

(firefox:919466): dconf-CRITICAL **: 15:27:42.374: unable to create file '/run/user/1000/dconf/user': Read-only file system.  dconf will not work properly.
[Parent 919466, Main Thread] WARNING: unable to create file '/run/user/1000/dconf/user': Read-only file system.  dconf will not work properly.: 'glib warning', file /build/firefox-144.0/toolkit/xre/nsSigHandlers.cpp:201

(firefox:919466): dconf-CRITICAL **: 15:27:42.401: unable to create file '/run/user/1000/dconf/user': Read-only file system.  dconf will not work properly.
[Parent 919466, Main Thread] WARNING: unable to create file '/run/user/1000/dconf/user': Read-only file system.  dconf will not work properly.: 'glib warning', file /build/firefox-144.0/toolkit/xre/nsSigHandlers.cpp:201

(firefox:919466): dconf-CRITICAL **: 15:27:42.402: unable to create file '/run/user/1000/dconf/user': Read-only file system.  dconf will not work properly.
[Parent 919466, Main Thread] WARNING: unable to create file '/run/user/1000/dconf/user': Read-only file system.  dconf will not work properly.: 'glib warning', file /build/firefox-144.0/toolkit/xre/nsSigHandlers.cpp:201

(firefox:919466): dconf-CRITICAL **: 15:27:42.427: unable to create file '/run/user/1000/dconf/user': Read-only file system.  dconf will not work properly.
[Parent 919466, Main Thread] WARNING: unable to create file '/run/user/1000/dconf/user': Read-only file system.  dconf will not work properly.: 'glib warning', file /build/firefox-144.0/toolkit/xre/nsSigHandlers.cpp:201

(firefox:919466): dconf-CRITICAL **: 15:27:42.427: unable to create file '/run/user/1000/dconf/user': Read-only file system.  dconf will not work properly.
[Parent 919466, Main Thread] WARNING: unable to create file '/run/user/1000/dconf/user': Read-only file system.  dconf will not work properly.: 'glib warning', file /build/firefox-144.0/toolkit/xre/nsSigHandlers.cpp:201

(firefox:919466): dconf-CRITICAL **: 15:27:42.448: unable to create file '/run/user/1000/dconf/user': Read-only file system.  dconf will not work properly.
[Parent 919466, Main Thread] WARNING: unable to create file '/run/user/1000/dconf/user': Read-only file system.  dconf will not work properly.: 'glib warning', file /build/firefox-144.0/toolkit/xre/nsSigHandlers.cpp:201

(firefox:919466): dconf-CRITICAL **: 15:27:42.448: unable to create file '/run/user/1000/dconf/user': Read-only file system.  dconf will not work properly.
[Parent 919466, Main Thread] WARNING: unable to create file '/run/user/1000/dconf/user': Read-only file system.  dconf will not work properly.: 'glib warning', file /build/firefox-144.0/toolkit/xre/nsSigHandlers.cpp:201

(firefox:919466): dconf-CRITICAL **: 15:27:42.472: unable to create file '/run/user/1000/dconf/user': Read-only file system.  dconf will not work properly.
[Parent 919466, Main Thread] WARNING: unable to create file '/run/user/1000/dconf/user': Read-only file system.  dconf will not work properly.: 'glib warning', file /build/firefox-144.0/toolkit/xre/nsSigHandlers.cpp:201

(firefox:919466): dconf-CRITICAL **: 15:27:42.472: unable to create file '/run/user/1000/dconf/user': Read-only file system.  dconf will not work properly.
[Parent 919466, Main Thread] WARNING: unable to create file '/run/user/1000/dconf/user': Read-only file system.  dconf will not work properly.: 'glib warning', file /build/firefox-144.0/toolkit/xre/nsSigHandlers.cpp:201

(firefox:919466): dconf-CRITICAL **: 15:27:42.500: unable to create file '/run/user/1000/dconf/user': Read-only file system.  dconf will not work properly.
[Parent 919466, Main Thread] WARNING: unable to create file '/run/user/1000/dconf/user': Read-only file system.  dconf will not work properly.: 'glib warning', file /build/firefox-144.0/toolkit/xre/nsSigHandlers.cpp:201

(firefox:919466): dconf-CRITICAL **: 15:27:42.500: unable to create file '/run/user/1000/dconf/user': Read-only file system.  dconf will not work properly.
[Parent 919466, Main Thread] WARNING: unable to create file '/run/user/1000/dconf/user': Read-only file system.  dconf will not work properly.: 'glib warning', file /build/firefox-144.0/toolkit/xre/nsSigHandlers.cpp:201

(firefox:919466): dconf-CRITICAL **: 15:27:42.522: unable to create file '/run/user/1000/dconf/user': Read-only file system.  dconf will not work properly.
[Parent 919466, Main Thread] WARNING: unable to create file '/run/user/1000/dconf/user': Read-only file system.  dconf will not work properly.: 'glib warning', file /build/firefox-144.0/toolkit/xre/nsSigHandlers.cpp:201

(firefox:919466): dconf-CRITICAL **: 15:27:42.522: unable to create file '/run/user/1000/dconf/user': Read-only file system.  dconf will not work properly.
[Parent 919466, Main Thread] WARNING: unable to create file '/run/user/1000/dconf/user': Read-only file system.  dconf will not work properly.: 'glib warning', file /build/firefox-144.0/toolkit/xre/nsSigHandlers.cpp:201

(firefox:919466): dconf-CRITICAL **: 15:27:42.541: unable to create file '/run/user/1000/dconf/user': Read-only file system.  dconf will not work properly.
[Parent 919466, Main Thread] WARNING: unable to create file '/run/user/1000/dconf/user': Read-only file system.  dconf will not work properly.: 'glib warning', file /build/firefox-144.0/toolkit/xre/nsSigHandlers.cpp:201

(firefox:919466): dconf-CRITICAL **: 15:27:42.541: unable to create file '/run/user/1000/dconf/user': Read-only file system.  dconf will not work properly.
[Parent 919466, Main Thread] WARNING: unable to create file '/run/user/1000/dconf/user': Read-only file system.  dconf will not work properly.: 'glib warning', file /build/firefox-144.0/toolkit/xre/nsSigHandlers.cpp:201

(firefox:919466): dconf-CRITICAL **: 15:27:42.567: unable to create file '/run/user/1000/dconf/user': Read-only file system.  dconf will not work properly.
[Parent 919466, Main Thread] WARNING: unable to create file '/run/user/1000/dconf/user': Read-only file system.  dconf will not work properly.: 'glib warning', file /build/firefox-144.0/toolkit/xre/nsSigHandlers.cpp:201

(firefox:919466): dconf-CRITICAL **: 15:27:42.567: unable to create file '/run/user/1000/dconf/user': Read-only file system.  dconf will not work properly.
[Parent 919466, Main Thread] WARNING: unable to create file '/run/user/1000/dconf/user': Read-only file system.  dconf will not work properly.: 'glib warning', file /build/firefox-144.0/toolkit/xre/nsSigHandlers.cpp:201

(firefox:919466): dconf-CRITICAL **: 15:27:42.592: unable to create file '/run/user/1000/dconf/user': Read-only file system.  dconf will not work properly.
[Parent 919466, Main Thread] WARNING: unable to create file '/run/user/1000/dconf/user': Read-only file system.  dconf will not work properly.: 'glib warning', file /build/firefox-144.0/toolkit/xre/nsSigHandlers.cpp:201

(firefox:919466): dconf-CRITICAL **: 15:27:42.593: unable to create file '/run/user/1000/dconf/user': Read-only file system.  dconf will not work properly.
[Parent 919466, Main Thread] WARNING: unable to create file '/run/user/1000/dconf/user': Read-only file system.  dconf will not work properly.: 'glib warning', file /build/firefox-144.0/toolkit/xre/nsSigHandlers.cpp:201

(firefox:919466): dconf-CRITICAL **: 15:27:42.615: unable to create file '/run/user/1000/dconf/user': Read-only file system.  dconf will not work properly.
[Parent 919466, Main Thread] WARNING: unable to create file '/run/user/1000/dconf/user': Read-only file system.  dconf will not work properly.: 'glib warning', file /build/firefox-144.0/toolkit/xre/nsSigHandlers.cpp:201

(firefox:919466): dconf-CRITICAL **: 15:27:42.615: unable to create file '/run/user/1000/dconf/user': Read-only file system.  dconf will not work properly.
[Parent 919466, Main Thread] WARNING: unable to create file '/run/user/1000/dconf/user': Read-only file system.  dconf will not work properly.: 'glib warning', file /build/firefox-144.0/toolkit/xre/nsSigHandlers.cpp:201

(firefox:919466): dconf-CRITICAL **: 15:27:42.630: unable to create file '/run/user/1000/dconf/user': Read-only file system.  dconf will not work properly.
[Parent 919466, Main Thread] WARNING: unable to create file '/run/user/1000/dconf/user': Read-only file system.  dconf will not work properly.: 'glib warning', file /build/firefox-144.0/toolkit/xre/nsSigHandlers.cpp:201

(firefox:919466): dconf-CRITICAL **: 15:27:42.630: unable to create file '/run/user/1000/dconf/user': Read-only file system.  dconf will not work properly.
[Parent 919466, Main Thread] WARNING: unable to create file '/run/user/1000/dconf/user': Read-only file system.  dconf will not work properly.: 'glib warning', file /build/firefox-144.0/toolkit/xre/nsSigHandlers.cpp:201

(firefox:919466): dconf-CRITICAL **: 15:27:42.651: unable to create file '/run/user/1000/dconf/user': Read-only file system.  dconf will not work properly.
[Parent 919466, Main Thread] WARNING: unable to create file '/run/user/1000/dconf/user': Read-only file system.  dconf will not work properly.: 'glib warning', file /build/firefox-144.0/toolkit/xre/nsSigHandlers.cpp:201

(firefox:919466): dconf-CRITICAL **: 15:27:42.651: unable to create file '/run/user/1000/dconf/user': Read-only file system.  dconf will not work properly.
[Parent 919466, Main Thread] WARNING: unable to create file '/run/user/1000/dconf/user': Read-only file system.  dconf will not work properly.: 'glib warning', file /build/firefox-144.0/toolkit/xre/nsSigHandlers.cpp:201

(firefox:919466): dconf-CRITICAL **: 15:27:42.673: unable to create file '/run/user/1000/dconf/user': Read-only file system.  dconf will not work properly.
[Parent 919466, Main Thread] WARNING: unable to create file '/run/user/1000/dconf/user': Read-only file system.  dconf will not work properly.: 'glib warning', file /build/firefox-144.0/toolkit/xre/nsSigHandlers.cpp:201

(firefox:919466): dconf-CRITICAL **: 15:27:42.673: unable to create file '/run/user/1000/dconf/user': Read-only file system.  dconf will not work properly.
[Parent 919466, Main Thread] WARNING: unable to create file '/run/user/1000/dconf/user': Read-only file system.  dconf will not work properly.: 'glib warning', file /build/firefox-144.0/toolkit/xre/nsSigHandlers.cpp:201

(firefox:919466): dconf-CRITICAL **: 15:27:42.690: unable to create file '/run/user/1000/dconf/user': Read-only file system.  dconf will not work properly.
[Parent 919466, Main Thread] WARNING: unable to create file '/run/user/1000/dconf/user': Read-only file system.  dconf will not work properly.: 'glib warning', file /build/firefox-144.0/toolkit/xre/nsSigHandlers.cpp:201

(firefox:919466): dconf-CRITICAL **: 15:27:42.690: unable to create file '/run/user/1000/dconf/user': Read-only file system.  dconf will not work properly.
[Parent 919466, Main Thread] WARNING: unable to create file '/run/user/1000/dconf/user': Read-only file system.  dconf will not work properly.: 'glib warning', file /build/firefox-144.0/toolkit/xre/nsSigHandlers.cpp:201

(firefox:919466): dconf-CRITICAL **: 15:27:42.716: unable to create file '/run/user/1000/dconf/user': Read-only file system.  dconf will not work properly.
[Parent 919466, Main Thread] WARNING: unable to create file '/run/user/1000/dconf/user': Read-only file system.  dconf will not work properly.: 'glib warning', file /build/firefox-144.0/toolkit/xre/nsSigHandlers.cpp:201

(firefox:919466): dconf-CRITICAL **: 15:27:42.716: unable to create file '/run/user/1000/dconf/user': Read-only file system.  dconf will not work properly.
[Parent 919466, Main Thread] WARNING: unable to create file '/run/user/1000/dconf/user': Read-only file system.  dconf will not work properly.: 'glib warning', file /build/firefox-144.0/toolkit/xre/nsSigHandlers.cpp:201

(firefox:919466): dconf-CRITICAL **: 15:27:42.735: unable to create file '/run/user/1000/dconf/user': Read-only file system.  dconf will not work properly.
[Parent 919466, Main Thread] WARNING: unable to create file '/run/user/1000/dconf/user': Read-only file system.  dconf will not work properly.: 'glib warning', file /build/firefox-144.0/toolkit/xre/nsSigHandlers.cpp:201

(firefox:919466): dconf-CRITICAL **: 15:27:42.735: unable to create file '/run/user/1000/dconf/user': Read-only file system.  dconf will not work properly.
[Parent 919466, Main Thread] WARNING: unable to create file '/run/user/1000/dconf/user': Read-only file system.  dconf will not work properly.: 'glib warning', file /build/firefox-144.0/toolkit/xre/nsSigHandlers.cpp:201

(firefox:919466): dconf-CRITICAL **: 15:27:42.758: unable to create file '/run/user/1000/dconf/user': Read-only file system.  dconf will not work properly.
[Parent 919466, Main Thread] WARNING: unable to create file '/run/user/1000/dconf/user': Read-only file system.  dconf will not work properly.: 'glib warning', file /build/firefox-144.0/toolkit/xre/nsSigHandlers.cpp:201

(firefox:919466): dconf-CRITICAL **: 15:27:42.758: unable to create file '/run/user/1000/dconf/user': Read-only file system.  dconf will not work properly.
[Parent 919466, Main Thread] WARNING: unable to create file '/run/user/1000/dconf/user': Read-only file system.  dconf will not work properly.: 'glib warning', file /build/firefox-144.0/toolkit/xre/nsSigHandlers.cpp:201

(firefox:919466): dconf-CRITICAL **: 15:27:42.775: unable to create file '/run/user/1000/dconf/user': Read-only file system.  dconf will not work properly.
[Parent 919466, Main Thread] WARNING: unable to create file '/run/user/1000/dconf/user': Read-only file system.  dconf will not work properly.: 'glib warning', file /build/firefox-144.0/toolkit/xre/nsSigHandlers.cpp:201

(firefox:919466): dconf-CRITICAL **: 15:27:42.775: unable to create file '/run/user/1000/dconf/user': Read-only file system.  dconf will not work properly.
[Parent 919466, Main Thread] WARNING: unable to create file '/run/user/1000/dconf/user': Read-only file system.  dconf will not work properly.: 'glib warning', file /build/firefox-144.0/toolkit/xre/nsSigHandlers.cpp:201

(firefox:919466): dconf-CRITICAL **: 15:27:42.792: unable to create file '/run/user/1000/dconf/user': Read-only file system.  dconf will not work properly.
[Parent 919466, Main Thread] WARNING: unable to create file '/run/user/1000/dconf/user': Read-only file system.  dconf will not work properly.: 'glib warning', file /build/firefox-144.0/toolkit/xre/nsSigHandlers.cpp:201

(firefox:919466): dconf-CRITICAL **: 15:27:42.792: unable to create file '/run/user/1000/dconf/user': Read-only file system.  dconf will not work properly.
[Parent 919466, Main Thread] WARNING: unable to create file '/run/user/1000/dconf/user': Read-only file system.  dconf will not work properly.: 'glib warning', file /build/firefox-144.0/toolkit/xre/nsSigHandlers.cpp:201

(firefox:919466): dconf-CRITICAL **: 15:27:42.815: unable to create file '/run/user/1000/dconf/user': Read-only file system.  dconf will not work properly.
[Parent 919466, Main Thread] WARNING: unable to create file '/run/user/1000/dconf/user': Read-only file system.  dconf will not work properly.: 'glib warning', file /build/firefox-144.0/toolkit/xre/nsSigHandlers.cpp:201

(firefox:919466): dconf-CRITICAL **: 15:27:42.815: unable to create file '/run/user/1000/dconf/user': Read-only file system.  dconf will not work properly.
[Parent 919466, Main Thread] WARNING: unable to create file '/run/user/1000/dconf/user': Read-only file system.  dconf will not work properly.: 'glib warning', file /build/firefox-144.0/toolkit/xre/nsSigHandlers.cpp:201

(firefox:919466): dconf-CRITICAL **: 15:27:42.839: unable to create file '/run/user/1000/dconf/user': Read-only file system.  dconf will not work properly.
[Parent 919466, Main Thread] WARNING: unable to create file '/run/user/1000/dconf/user': Read-only file system.  dconf will not work properly.: 'glib warning', file /build/firefox-144.0/toolkit/xre/nsSigHandlers.cpp:201

(firefox:919466): dconf-CRITICAL **: 15:27:42.839: unable to create file '/run/user/1000/dconf/user': Read-only file system.  dconf will not work properly.
[Parent 919466, Main Thread] WARNING: unable to create file '/run/user/1000/dconf/user': Read-only file system.  dconf will not work properly.: 'glib warning', file /build/firefox-144.0/toolkit/xre/nsSigHandlers.cpp:201

(firefox:919466): dconf-CRITICAL **: 15:27:42.862: unable to create file '/run/user/1000/dconf/user': Read-only file system.  dconf will not work properly.
[Parent 919466, Main Thread] WARNING: unable to create file '/run/user/1000/dconf/user': Read-only file system.  dconf will not work properly.: 'glib warning', file /build/firefox-144.0/toolkit/xre/nsSigHandlers.cpp:201

(firefox:919466): dconf-CRITICAL **: 15:27:42.863: unable to create file '/run/user/1000/dconf/user': Read-only file system.  dconf will not work properly.
[Parent 919466, Main Thread] WARNING: unable to create file '/run/user/1000/dconf/user': Read-only file system.  dconf will not work properly.: 'glib warning', file /build/firefox-144.0/toolkit/xre/nsSigHandlers.cpp:201

(firefox:919466): dconf-CRITICAL **: 15:27:42.884: unable to create file '/run/user/1000/dconf/user': Read-only file system.  dconf will not work properly.
[Parent 919466, Main Thread] WARNING: unable to create file '/run/user/1000/dconf/user': Read-only file system.  dconf will not work properly.: 'glib warning', file /build/firefox-144.0/toolkit/xre/nsSigHandlers.cpp:201

(firefox:919466): dconf-CRITICAL **: 15:27:42.884: unable to create file '/run/user/1000/dconf/user': Read-only file system.  dconf will not work properly.
[Parent 919466, Main Thread] WARNING: unable to create file '/run/user/1000/dconf/user': Read-only file system.  dconf will not work properly.: 'glib warning', file /build/firefox-144.0/toolkit/xre/nsSigHandlers.cpp:201

(firefox:919466): dconf-CRITICAL **: 15:27:42.906: unable to create file '/run/user/1000/dconf/user': Read-only file system.  dconf will not work properly.
[Parent 919466, Main Thread] WARNING: unable to create file '/run/user/1000/dconf/user': Read-only file system.  dconf will not work properly.: 'glib warning', file /build/firefox-144.0/toolkit/xre/nsSigHandlers.cpp:201

(firefox:919466): dconf-CRITICAL **: 15:27:42.906: unable to create file '/run/user/1000/dconf/user': Read-only file system.  dconf will not work properly.
[Parent 919466, Main Thread] WARNING: unable to create file '/run/user/1000/dconf/user': Read-only file system.  dconf will not work properly.: 'glib warning', file /build/firefox-144.0/toolkit/xre/nsSigHandlers.cpp:201

(firefox:919466): dconf-CRITICAL **: 15:27:42.926: unable to create file '/run/user/1000/dconf/user': Read-only file system.  dconf will not work properly.
[Parent 919466, Main Thread] WARNING: unable to create file '/run/user/1000/dconf/user': Read-only file system.  dconf will not work properly.: 'glib warning', file /build/firefox-144.0/toolkit/xre/nsSigHandlers.cpp:201

(firefox:919466): dconf-CRITICAL **: 15:27:42.926: unable to create file '/run/user/1000/dconf/user': Read-only file system.  dconf will not work properly.
[Parent 919466, Main Thread] WARNING: unable to create file '/run/user/1000/dconf/user': Read-only file system.  dconf will not work properly.: 'glib warning', file /build/firefox-144.0/toolkit/xre/nsSigHandlers.cpp:201

(firefox:919466): dconf-CRITICAL **: 15:27:42.942: unable to create file '/run/user/1000/dconf/user': Read-only file system.  dconf will not work properly.
[Parent 919466, Main Thread] WARNING: unable to create file '/run/user/1000/dconf/user': Read-only file system.  dconf will not work properly.: 'glib warning', file /build/firefox-144.0/toolkit/xre/nsSigHandlers.cpp:201

(firefox:919466): dconf-CRITICAL **: 15:27:42.942: unable to create file '/run/user/1000/dconf/user': Read-only file system.  dconf will not work properly.
[Parent 919466, Main Thread] WARNING: unable to create file '/run/user/1000/dconf/user': Read-only file system.  dconf will not work properly.: 'glib warning', file /build/firefox-144.0/toolkit/xre/nsSigHandlers.cpp:201

(firefox:919466): dconf-CRITICAL **: 15:27:42.960: unable to create file '/run/user/1000/dconf/user': Read-only file system.  dconf will not work properly.
[Parent 919466, Main Thread] WARNING: unable to create file '/run/user/1000/dconf/user': Read-only file system.  dconf will not work properly.: 'glib warning', file /build/firefox-144.0/toolkit/xre/nsSigHandlers.cpp:201

(firefox:919466): dconf-CRITICAL **: 15:27:42.960: unable to create file '/run/user/1000/dconf/user': Read-only file system.  dconf will not work properly.
[Parent 919466, Main Thread] WARNING: unable to create file '/run/user/1000/dconf/user': Read-only file system.  dconf will not work properly.: 'glib warning', file /build/firefox-144.0/toolkit/xre/nsSigHandlers.cpp:201

(firefox:919466): dconf-CRITICAL **: 15:27:42.983: unable to create file '/run/user/1000/dconf/user': Read-only file system.  dconf will not work properly.
[Parent 919466, Main Thread] WARNING: unable to create file '/run/user/1000/dconf/user': Read-only file system.  dconf will not work properly.: 'glib warning', file /build/firefox-144.0/toolkit/xre/nsSigHandlers.cpp:201

(firefox:919466): dconf-CRITICAL **: 15:27:42.983: unable to create file '/run/user/1000/dconf/user': Read-only file system.  dconf will not work properly.
[Parent 919466, Main Thread] WARNING: unable to create file '/run/user/1000/dconf/user': Read-only file system.  dconf will not work properly.: 'glib warning', file /build/firefox-144.0/toolkit/xre/nsSigHandlers.cpp:201

(firefox:919466): dconf-CRITICAL **: 15:27:43.010: unable to create file '/run/user/1000/dconf/user': Read-only file system.  dconf will not work properly.
[Parent 919466, Main Thread] WARNING: unable to create file '/run/user/1000/dconf/user': Read-only file system.  dconf will not work properly.: 'glib warning', file /build/firefox-144.0/toolkit/xre/nsSigHandlers.cpp:201

(firefox:919466): dconf-CRITICAL **: 15:27:43.010: unable to create file '/run/user/1000/dconf/user': Read-only file system.  dconf will not work properly.
[Parent 919466, Main Thread] WARNING: unable to create file '/run/user/1000/dconf/user': Read-only file system.  dconf will not work properly.: 'glib warning', file /build/firefox-144.0/toolkit/xre/nsSigHandlers.cpp:201

(firefox:919466): dconf-CRITICAL **: 15:27:43.032: unable to create file '/run/user/1000/dconf/user': Read-only file system.  dconf will not work properly.
[Parent 919466, Main Thread] WARNING: unable to create file '/run/user/1000/dconf/user': Read-only file system.  dconf will not work properly.: 'glib warning', file /build/firefox-144.0/toolkit/xre/nsSigHandlers.cpp:201

(firefox:919466): dconf-CRITICAL **: 15:27:43.032: unable to create file '/run/user/1000/dconf/user': Read-only file system.  dconf will not work properly.
[Parent 919466, Main Thread] WARNING: unable to create file '/run/user/1000/dconf/user': Read-only file system.  dconf will not work properly.: 'glib warning', file /build/firefox-144.0/toolkit/xre/nsSigHandlers.cpp:201

(firefox:919466): dconf-CRITICAL **: 15:27:43.050: unable to create file '/run/user/1000/dconf/user': Read-only file system.  dconf will not work properly.
[Parent 919466, Main Thread] WARNING: unable to create file '/run/user/1000/dconf/user': Read-only file system.  dconf will not work properly.: 'glib warning', file /build/firefox-144.0/toolkit/xre/nsSigHandlers.cpp:201

(firefox:919466): dconf-CRITICAL **: 15:27:43.050: unable to create file '/run/user/1000/dconf/user': Read-only file system.  dconf will not work properly.
[Parent 919466, Main Thread] WARNING: unable to create file '/run/user/1000/dconf/user': Read-only file system.  dconf will not work properly.: 'glib warning', file /build/firefox-144.0/toolkit/xre/nsSigHandlers.cpp:201

(firefox:919466): dconf-CRITICAL **: 15:27:43.067: unable to create file '/run/user/1000/dconf/user': Read-only file system.  dconf will not work properly.
[Parent 919466, Main Thread] WARNING: unable to create file '/run/user/1000/dconf/user': Read-only file system.  dconf will not work properly.: 'glib warning', file /build/firefox-144.0/toolkit/xre/nsSigHandlers.cpp:201

(firefox:919466): dconf-CRITICAL **: 15:27:43.067: unable to create file '/run/user/1000/dconf/user': Read-only file system.  dconf will not work properly.
[Parent 919466, Main Thread] WARNING: unable to create file '/run/user/1000/dconf/user': Read-only file system.  dconf will not work properly.: 'glib warning', file /build/firefox-144.0/toolkit/xre/nsSigHandlers.cpp:201

(firefox:919466): dconf-CRITICAL **: 15:27:43.087: unable to create file '/run/user/1000/dconf/user': Read-only file system.  dconf will not work properly.
[Parent 919466, Main Thread] WARNING: unable to create file '/run/user/1000/dconf/user': Read-only file system.  dconf will not work properly.: 'glib warning', file /build/firefox-144.0/toolkit/xre/nsSigHandlers.cpp:201

(firefox:919466): dconf-CRITICAL **: 15:27:43.087: unable to create file '/run/user/1000/dconf/user': Read-only file system.  dconf will not work properly.
[Parent 919466, Main Thread] WARNING: unable to create file '/run/user/1000/dconf/user': Read-only file system.  dconf will not work properly.: 'glib warning', file /build/firefox-144.0/toolkit/xre/nsSigHandlers.cpp:201

(firefox:919466): dconf-CRITICAL **: 15:27:43.109: unable to create file '/run/user/1000/dconf/user': Read-only file system.  dconf will not work properly.
[Parent 919466, Main Thread] WARNING: unable to create file '/run/user/1000/dconf/user': Read-only file system.  dconf will not work properly.: 'glib warning', file /build/firefox-144.0/toolkit/xre/nsSigHandlers.cpp:201

(firefox:919466): dconf-CRITICAL **: 15:27:43.109: unable to create file '/run/user/1000/dconf/user': Read-only file system.  dconf will not work properly.
[Parent 919466, Main Thread] WARNING: unable to create file '/run/user/1000/dconf/user': Read-only file system.  dconf will not work properly.: 'glib warning', file /build/firefox-144.0/toolkit/xre/nsSigHandlers.cpp:201

(firefox:919466): dconf-CRITICAL **: 15:27:43.133: unable to create file '/run/user/1000/dconf/user': Read-only file system.  dconf will not work properly.
[Parent 919466, Main Thread] WARNING: unable to create file '/run/user/1000/dconf/user': Read-only file system.  dconf will not work properly.: 'glib warning', file /build/firefox-144.0/toolkit/xre/nsSigHandlers.cpp:201

(firefox:919466): dconf-CRITICAL **: 15:27:43.134: unable to create file '/run/user/1000/dconf/user': Read-only file system.  dconf will not work properly.
[Parent 919466, Main Thread] WARNING: unable to create file '/run/user/1000/dconf/user': Read-only file system.  dconf will not work properly.: 'glib warning', file /build/firefox-144.0/toolkit/xre/nsSigHandlers.cpp:201

(firefox:919466): dconf-CRITICAL **: 15:27:43.155: unable to create file '/run/user/1000/dconf/user': Read-only file system.  dconf will not work properly.
[Parent 919466, Main Thread] WARNING: unable to create file '/run/user/1000/dconf/user': Read-only file system.  dconf will not work properly.: 'glib warning', file /build/firefox-144.0/toolkit/xre/nsSigHandlers.cpp:201

(firefox:919466): dconf-CRITICAL **: 15:27:43.155: unable to create file '/run/user/1000/dconf/user': Read-only file system.  dconf will not work properly.
[Parent 919466, Main Thread] WARNING: unable to create file '/run/user/1000/dconf/user': Read-only file system.  dconf will not work properly.: 'glib warning', file /build/firefox-144.0/toolkit/xre/nsSigHandlers.cpp:201

(firefox:919466): dconf-CRITICAL **: 15:27:43.262: unable to create file '/run/user/1000/dconf/user': Read-only file system.  dconf will not work properly.
[Parent 919466, Main Thread] WARNING: unable to create file '/run/user/1000/dconf/user': Read-only file system.  dconf will not work properly.: 'glib warning', file /build/firefox-144.0/toolkit/xre/nsSigHandlers.cpp:201

(firefox:919466): dconf-CRITICAL **: 15:27:43.263: unable to create file '/run/user/1000/dconf/user': Read-only file system.  dconf will not work properly.
[Parent 919466, Main Thread] WARNING: unable to create file '/run/user/1000/dconf/user': Read-only file system.  dconf will not work properly.: 'glib warning', file /build/firefox-144.0/toolkit/xre/nsSigHandlers.cpp:201

(firefox:919466): dconf-CRITICAL **: 15:27:43.772: unable to create file '/run/user/1000/dconf/user': Read-only file system.  dconf will not work properly.
[Parent 919466, Main Thread] WARNING: unable to create file '/run/user/1000/dconf/user': Read-only file system.  dconf will not work properly.: 'glib warning', file /build/firefox-144.0/toolkit/xre/nsSigHandlers.cpp:201

(firefox:919466): dconf-CRITICAL **: 15:27:43.772: unable to create file '/run/user/1000/dconf/user': Read-only file system.  dconf will not work properly.
[Parent 919466, Main Thread] WARNING: unable to create file '/run/user/1000/dconf/user': Read-only file system.  dconf will not work properly.: 'glib warning', file /build/firefox-144.0/toolkit/xre/nsSigHandlers.cpp:201

(firefox:919466): dconf-CRITICAL **: 15:27:43.896: unable to create file '/run/user/1000/dconf/user': Read-only file system.  dconf will not work properly.
[Parent 919466, Main Thread] WARNING: unable to create file '/run/user/1000/dconf/user': Read-only file system.  dconf will not work properly.: 'glib warning', file /build/firefox-144.0/toolkit/xre/nsSigHandlers.cpp:201

(firefox:919466): dconf-CRITICAL **: 15:27:43.896: unable to create file '/run/user/1000/dconf/user': Read-only file system.  dconf will not work properly.
[Parent 919466, Main Thread] WARNING: unable to create file '/run/user/1000/dconf/user': Read-only file system.  dconf will not work properly.: 'glib warning', file /build/firefox-144.0/toolkit/xre/nsSigHandlers.cpp:201

(firefox:919466): dconf-CRITICAL **: 15:27:43.998: unable to create file '/run/user/1000/dconf/user': Read-only file system.  dconf will not work properly.
[Parent 919466, Main Thread] WARNING: unable to create file '/run/user/1000/dconf/user': Read-only file system.  dconf will not work properly.: 'glib warning', file /build/firefox-144.0/toolkit/xre/nsSigHandlers.cpp:201

(firefox:919466): dconf-CRITICAL **: 15:27:43.999: unable to create file '/run/user/1000/dconf/user': Read-only file system.  dconf will not work properly.
[Parent 919466, Main Thread] WARNING: unable to create file '/run/user/1000/dconf/user': Read-only file system.  dconf will not work properly.: 'glib warning', file /build/firefox-144.0/toolkit/xre/nsSigHandlers.cpp:201

(firefox:919466): dconf-CRITICAL **: 15:27:44.032: unable to create file '/run/user/1000/dconf/user': Read-only file system.  dconf will not work properly.
[Parent 919466, Main Thread] WARNING: unable to create file '/run/user/1000/dconf/user': Read-only file system.  dconf will not work properly.: 'glib warning', file /build/firefox-144.0/toolkit/xre/nsSigHandlers.cpp:201

(firefox:919466): dconf-CRITICAL **: 15:27:44.032: unable to create file '/run/user/1000/dconf/user': Read-only file system.  dconf will not work properly.
[Parent 919466, Main Thread] WARNING: unable to create file '/run/user/1000/dconf/user': Read-only file system.  dconf will not work properly.: 'glib warning', file /build/firefox-144.0/toolkit/xre/nsSigHandlers.cpp:201

(firefox:919466): dconf-CRITICAL **: 15:27:44.150: unable to create file '/run/user/1000/dconf/user': Read-only file system.  dconf will not work properly.
[Parent 919466, Main Thread] WARNING: unable to create file '/run/user/1000/dconf/user': Read-only file system.  dconf will not work properly.: 'glib warning', file /build/firefox-144.0/toolkit/xre/nsSigHandlers.cpp:201

(firefox:919466): dconf-CRITICAL **: 15:27:44.150: unable to create file '/run/user/1000/dconf/user': Read-only file system.  dconf will not work properly.
[Parent 919466, Main Thread] WARNING: unable to create file '/run/user/1000/dconf/user': Read-only file system.  dconf will not work properly.: 'glib warning', file /build/firefox-144.0/toolkit/xre/nsSigHandlers.cpp:201

(firefox:919466): dconf-CRITICAL **: 15:27:44.199: unable to create file '/run/user/1000/dconf/user': Read-only file system.  dconf will not work properly.
[Parent 919466, Main Thread] WARNING: unable to create file '/run/user/1000/dconf/user': Read-only file system.  dconf will not work properly.: 'glib warning', file /build/firefox-144.0/toolkit/xre/nsSigHandlers.cpp:201

(firefox:919466): dconf-CRITICAL **: 15:27:44.199: unable to create file '/run/user/1000/dconf/user': Read-only file system.  dconf will not work properly.
[Parent 919466, Main Thread] WARNING: unable to create file '/run/user/1000/dconf/user': Read-only file system.  dconf will not work properly.: 'glib warning', file /build/firefox-144.0/toolkit/xre/nsSigHandlers.cpp:201

(firefox:919466): dconf-CRITICAL **: 15:27:44.200: unable to create file '/run/user/1000/dconf/user': Read-only file system.  dconf will not work properly.
[Parent 919466, Main Thread] WARNING: unable to create file '/run/user/1000/dconf/user': Read-only file system.  dconf will not work properly.: 'glib warning', file /build/firefox-144.0/toolkit/xre/nsSigHandlers.cpp:201

(firefox:919466): dconf-CRITICAL **: 15:27:44.200: unable to create file '/run/user/1000/dconf/user': Read-only file system.  dconf will not work properly.
[Parent 919466, Main Thread] WARNING: unable to create file '/run/user/1000/dconf/user': Read-only file system.  dconf will not work properly.: 'glib warning', file /build/firefox-144.0/toolkit/xre/nsSigHandlers.cpp:201

(firefox:919466): dconf-CRITICAL **: 15:27:44.207: unable to create file '/run/user/1000/dconf/user': Read-only file system.  dconf will not work properly.
[Parent 919466, Main Thread] WARNING: unable to create file '/run/user/1000/dconf/user': Read-only file system.  dconf will not work properly.: 'glib warning', file /build/firefox-144.0/toolkit/xre/nsSigHandlers.cpp:201

(firefox:919466): dconf-CRITICAL **: 15:27:44.207: unable to create file '/run/user/1000/dconf/user': Read-only file system.  dconf will not work properly.
[Parent 919466, Main Thread] WARNING: unable to create file '/run/user/1000/dconf/user': Read-only file system.  dconf will not work properly.: 'glib warning', file /build/firefox-144.0/toolkit/xre/nsSigHandlers.cpp:201

(firefox:919466): dconf-CRITICAL **: 15:27:44.322: unable to create file '/run/user/1000/dconf/user': Read-only file system.  dconf will not work properly.
[Parent 919466, Main Thread] WARNING: unable to create file '/run/user/1000/dconf/user': Read-only file system.  dconf will not work properly.: 'glib warning', file /build/firefox-144.0/toolkit/xre/nsSigHandlers.cpp:201

(firefox:919466): dconf-CRITICAL **: 15:27:44.323: unable to create file '/run/user/1000/dconf/user': Read-only file system.  dconf will not work properly.
[Parent 919466, Main Thread] WARNING: unable to create file '/run/user/1000/dconf/user': Read-only file system.  dconf will not work properly.: 'glib warning', file /build/firefox-144.0/toolkit/xre/nsSigHandlers.cpp:201

(firefox:919466): dconf-CRITICAL **: 15:27:44.347: unable to create file '/run/user/1000/dconf/user': Read-only file system.  dconf will not work properly.
[Parent 919466, Main Thread] WARNING: unable to create file '/run/user/1000/dconf/user': Read-only file system.  dconf will not work properly.: 'glib warning', file /build/firefox-144.0/toolkit/xre/nsSigHandlers.cpp:201

(firefox:919466): dconf-CRITICAL **: 15:27:44.347: unable to create file '/run/user/1000/dconf/user': Read-only file system.  dconf will not work properly.
[Parent 919466, Main Thread] WARNING: unable to create file '/run/user/1000/dconf/user': Read-only file system.  dconf will not work properly.: 'glib warning', file /build/firefox-144.0/toolkit/xre/nsSigHandlers.cpp:201

(firefox:919466): dconf-CRITICAL **: 15:27:44.373: unable to create file '/run/user/1000/dconf/user': Read-only file system.  dconf will not work properly.
[Parent 919466, Main Thread] WARNING: unable to create file '/run/user/1000/dconf/user': Read-only file system.  dconf will not work properly.: 'glib warning', file /build/firefox-144.0/toolkit/xre/nsSigHandlers.cpp:201

(firefox:919466): dconf-CRITICAL **: 15:27:44.373: unable to create file '/run/user/1000/dconf/user': Read-only file system.  dconf will not work properly.
[Parent 919466, Main Thread] WARNING: unable to create file '/run/user/1000/dconf/user': Read-only file system.  dconf will not work properly.: 'glib warning', file /build/firefox-144.0/toolkit/xre/nsSigHandlers.cpp:201

(firefox:919466): dconf-CRITICAL **: 15:27:44.408: unable to create file '/run/user/1000/dconf/user': Read-only file system.  dconf will not work properly.
[Parent 919466, Main Thread] WARNING: unable to create file '/run/user/1000/dconf/user': Read-only file system.  dconf will not work properly.: 'glib warning', file /build/firefox-144.0/toolkit/xre/nsSigHandlers.cpp:201

(firefox:919466): dconf-CRITICAL **: 15:27:44.408: unable to create file '/run/user/1000/dconf/user': Read-only file system.  dconf will not work properly.
[Parent 919466, Main Thread] WARNING: unable to create file '/run/user/1000/dconf/user': Read-only file system.  dconf will not work properly.: 'glib warning', file /build/firefox-144.0/toolkit/xre/nsSigHandlers.cpp:201

(firefox:919466): dconf-CRITICAL **: 15:27:44.463: unable to create file '/run/user/1000/dconf/user': Read-only file system.  dconf will not work properly.
[Parent 919466, Main Thread] WARNING: unable to create file '/run/user/1000/dconf/user': Read-only file system.  dconf will not work properly.: 'glib warning', file /build/firefox-144.0/toolkit/xre/nsSigHandlers.cpp:201

(firefox:919466): dconf-CRITICAL **: 15:27:44.464: unable to create file '/run/user/1000/dconf/user': Read-only file system.  dconf will not work properly.
[Parent 919466, Main Thread] WARNING: unable to create file '/run/user/1000/dconf/user': Read-only file system.  dconf will not work properly.: 'glib warning', file /build/firefox-144.0/toolkit/xre/nsSigHandlers.cpp:201

(firefox:919466): dconf-CRITICAL **: 15:27:44.493: unable to create file '/run/user/1000/dconf/user': Read-only file system.  dconf will not work properly.
[Parent 919466, Main Thread] WARNING: unable to create file '/run/user/1000/dconf/user': Read-only file system.  dconf will not work properly.: 'glib warning', file /build/firefox-144.0/toolkit/xre/nsSigHandlers.cpp:201

(firefox:919466): dconf-CRITICAL **: 15:27:44.493: unable to create file '/run/user/1000/dconf/user': Read-only file system.  dconf will not work properly.
[Parent 919466, Main Thread] WARNING: unable to create file '/run/user/1000/dconf/user': Read-only file system.  dconf will not work properly.: 'glib warning', file /build/firefox-144.0/toolkit/xre/nsSigHandlers.cpp:201

(firefox:919466): dconf-CRITICAL **: 15:27:44.515: unable to create file '/run/user/1000/dconf/user': Read-only file system.  dconf will not work properly.
[Parent 919466, Main Thread] WARNING: unable to create file '/run/user/1000/dconf/user': Read-only file system.  dconf will not work properly.: 'glib warning', file /build/firefox-144.0/toolkit/xre/nsSigHandlers.cpp:201

(firefox:919466): dconf-CRITICAL **: 15:27:44.516: unable to create file '/run/user/1000/dconf/user': Read-only file system.  dconf will not work properly.
[Parent 919466, Main Thread] WARNING: unable to create file '/run/user/1000/dconf/user': Read-only file system.  dconf will not work properly.: 'glib warning', file /build/firefox-144.0/toolkit/xre/nsSigHandlers.cpp:201

(firefox:919466): dconf-CRITICAL **: 15:27:44.537: unable to create file '/run/user/1000/dconf/user': Read-only file system.  dconf will not work properly.
[Parent 919466, Main Thread] WARNING: unable to create file '/run/user/1000/dconf/user': Read-only file system.  dconf will not work properly.: 'glib warning', file /build/firefox-144.0/toolkit/xre/nsSigHandlers.cpp:201

(firefox:919466): dconf-CRITICAL **: 15:27:44.537: unable to create file '/run/user/1000/dconf/user': Read-only file system.  dconf will not work properly.
[Parent 919466, Main Thread] WARNING: unable to create file '/run/user/1000/dconf/user': Read-only file system.  dconf will not work properly.: 'glib warning', file /build/firefox-144.0/toolkit/xre/nsSigHandlers.cpp:201

(firefox:919466): dconf-CRITICAL **: 15:27:44.570: unable to create file '/run/user/1000/dconf/user': Read-only file system.  dconf will not work properly.
[Parent 919466, Main Thread] WARNING: unable to create file '/run/user/1000/dconf/user': Read-only file system.  dconf will not work properly.: 'glib warning', file /build/firefox-144.0/toolkit/xre/nsSigHandlers.cpp:201

(firefox:919466): dconf-CRITICAL **: 15:27:44.570: unable to create file '/run/user/1000/dconf/user': Read-only file system.  dconf will not work properly.
[Parent 919466, Main Thread] WARNING: unable to create file '/run/user/1000/dconf/user': Read-only file system.  dconf will not work properly.: 'glib warning', file /build/firefox-144.0/toolkit/xre/nsSigHandlers.cpp:201

(firefox:919466): dconf-CRITICAL **: 15:27:44.594: unable to create file '/run/user/1000/dconf/user': Read-only file system.  dconf will not work properly.
[Parent 919466, Main Thread] WARNING: unable to create file '/run/user/1000/dconf/user': Read-only file system.  dconf will not work properly.: 'glib warning', file /build/firefox-144.0/toolkit/xre/nsSigHandlers.cpp:201

(firefox:919466): dconf-CRITICAL **: 15:27:44.595: unable to create file '/run/user/1000/dconf/user': Read-only file system.  dconf will not work properly.
[Parent 919466, Main Thread] WARNING: unable to create file '/run/user/1000/dconf/user': Read-only file system.  dconf will not work properly.: 'glib warning', file /build/firefox-144.0/toolkit/xre/nsSigHandlers.cpp:201

(firefox:919466): dconf-CRITICAL **: 15:27:44.614: unable to create file '/run/user/1000/dconf/user': Read-only file system.  dconf will not work properly.
[Parent 919466, Main Thread] WARNING: unable to create file '/run/user/1000/dconf/user': Read-only file system.  dconf will not work properly.: 'glib warning', file /build/firefox-144.0/toolkit/xre/nsSigHandlers.cpp:201

(firefox:919466): dconf-CRITICAL **: 15:27:44.614: unable to create file '/run/user/1000/dconf/user': Read-only file system.  dconf will not work properly.
[Parent 919466, Main Thread] WARNING: unable to create file '/run/user/1000/dconf/user': Read-only file system.  dconf will not work properly.: 'glib warning', file /build/firefox-144.0/toolkit/xre/nsSigHandlers.cpp:201

(firefox:919466): dconf-CRITICAL **: 15:27:44.670: unable to create file '/run/user/1000/dconf/user': Read-only file system.  dconf will not work properly.
[Parent 919466, Main Thread] WARNING: unable to create file '/run/user/1000/dconf/user': Read-only file system.  dconf will not work properly.: 'glib warning', file /build/firefox-144.0/toolkit/xre/nsSigHandlers.cpp:201

(firefox:919466): dconf-CRITICAL **: 15:27:44.670: unable to create file '/run/user/1000/dconf/user': Read-only file system.  dconf will not work properly.
[Parent 919466, Main Thread] WARNING: unable to create file '/run/user/1000/dconf/user': Read-only file system.  dconf will not work properly.: 'glib warning', file /build/firefox-144.0/toolkit/xre/nsSigHandlers.cpp:201

(firefox:919466): dconf-CRITICAL **: 15:27:44.695: unable to create file '/run/user/1000/dconf/user': Read-only file system.  dconf will not work properly.
[Parent 919466, Main Thread] WARNING: unable to create file '/run/user/1000/dconf/user': Read-only file system.  dconf will not work properly.: 'glib warning', file /build/firefox-144.0/toolkit/xre/nsSigHandlers.cpp:201

(firefox:919466): dconf-CRITICAL **: 15:27:44.695: unable to create file '/run/user/1000/dconf/user': Read-only file system.  dconf will not work properly.
[Parent 919466, Main Thread] WARNING: unable to create file '/run/user/1000/dconf/user': Read-only file system.  dconf will not work properly.: 'glib warning', file /build/firefox-144.0/toolkit/xre/nsSigHandlers.cpp:201

(firefox:919466): dconf-CRITICAL **: 15:27:44.714: unable to create file '/run/user/1000/dconf/user': Read-only file system.  dconf will not work properly.
[Parent 919466, Main Thread] WARNING: unable to create file '/run/user/1000/dconf/user': Read-only file system.  dconf will not work properly.: 'glib warning', file /build/firefox-144.0/toolkit/xre/nsSigHandlers.cpp:201

(firefox:919466): dconf-CRITICAL **: 15:27:44.715: unable to create file '/run/user/1000/dconf/user': Read-only file system.  dconf will not work properly.
[Parent 919466, Main Thread] WARNING: unable to create file '/run/user/1000/dconf/user': Read-only file system.  dconf will not work properly.: 'glib warning', file /build/firefox-144.0/toolkit/xre/nsSigHandlers.cpp:201

(firefox:919466): dconf-CRITICAL **: 15:27:44.733: unable to create file '/run/user/1000/dconf/user': Read-only file system.  dconf will not work properly.
[Parent 919466, Main Thread] WARNING: unable to create file '/run/user/1000/dconf/user': Read-only file system.  dconf will not work properly.: 'glib warning', file /build/firefox-144.0/toolkit/xre/nsSigHandlers.cpp:201

(firefox:919466): dconf-CRITICAL **: 15:27:44.733: unable to create file '/run/user/1000/dconf/user': Read-only file system.  dconf will not work properly.
[Parent 919466, Main Thread] WARNING: unable to create file '/run/user/1000/dconf/user': Read-only file system.  dconf will not work properly.: 'glib warning', file /build/firefox-144.0/toolkit/xre/nsSigHandlers.cpp:201

(firefox:919466): dconf-CRITICAL **: 15:27:44.756: unable to create file '/run/user/1000/dconf/user': Read-only file system.  dconf will not work properly.
[Parent 919466, Main Thread] WARNING: unable to create file '/run/user/1000/dconf/user': Read-only file system.  dconf will not work properly.: 'glib warning', file /build/firefox-144.0/toolkit/xre/nsSigHandlers.cpp:201

(firefox:919466): dconf-CRITICAL **: 15:27:44.756: unable to create file '/run/user/1000/dconf/user': Read-only file system.  dconf will not work properly.
[Parent 919466, Main Thread] WARNING: unable to create file '/run/user/1000/dconf/user': Read-only file system.  dconf will not work properly.: 'glib warning', file /build/firefox-144.0/toolkit/xre/nsSigHandlers.cpp:201

(firefox:919466): dconf-CRITICAL **: 15:27:44.785: unable to create file '/run/user/1000/dconf/user': Read-only file system.  dconf will not work properly.
[Parent 919466, Main Thread] WARNING: unable to create file '/run/user/1000/dconf/user': Read-only file system.  dconf will not work properly.: 'glib warning', file /build/firefox-144.0/toolkit/xre/nsSigHandlers.cpp:201

(firefox:919466): dconf-CRITICAL **: 15:27:44.786: unable to create file '/run/user/1000/dconf/user': Read-only file system.  dconf will not work properly.
[Parent 919466, Main Thread] WARNING: unable to create file '/run/user/1000/dconf/user': Read-only file system.  dconf will not work properly.: 'glib warning', file /build/firefox-144.0/toolkit/xre/nsSigHandlers.cpp:201

(firefox:919466): dconf-CRITICAL **: 15:27:44.827: unable to create file '/run/user/1000/dconf/user': Read-only file system.  dconf will not work properly.
[Parent 919466, Main Thread] WARNING: unable to create file '/run/user/1000/dconf/user': Read-only file system.  dconf will not work properly.: 'glib warning', file /build/firefox-144.0/toolkit/xre/nsSigHandlers.cpp:201

(firefox:919466): dconf-CRITICAL **: 15:27:44.827: unable to create file '/run/user/1000/dconf/user': Read-only file system.  dconf will not work properly.
[Parent 919466, Main Thread] WARNING: unable to create file '/run/user/1000/dconf/user': Read-only file system.  dconf will not work properly.: 'glib warning', file /build/firefox-144.0/toolkit/xre/nsSigHandlers.cpp:201

(firefox:919466): dconf-CRITICAL **: 15:27:44.848: unable to create file '/run/user/1000/dconf/user': Read-only file system.  dconf will not work properly.
[Parent 919466, Main Thread] WARNING: unable to create file '/run/user/1000/dconf/user': Read-only file system.  dconf will not work properly.: 'glib warning', file /build/firefox-144.0/toolkit/xre/nsSigHandlers.cpp:201

(firefox:919466): dconf-CRITICAL **: 15:27:44.848: unable to create file '/run/user/1000/dconf/user': Read-only file system.  dconf will not work properly.
[Parent 919466, Main Thread] WARNING: unable to create file '/run/user/1000/dconf/user': Read-only file system.  dconf will not work properly.: 'glib warning', file /build/firefox-144.0/toolkit/xre/nsSigHandlers.cpp:201

(firefox:919466): dconf-CRITICAL **: 15:27:44.878: unable to create file '/run/user/1000/dconf/user': Read-only file system.  dconf will not work properly.
[Parent 919466, Main Thread] WARNING: unable to create file '/run/user/1000/dconf/user': Read-only file system.  dconf will not work properly.: 'glib warning', file /build/firefox-144.0/toolkit/xre/nsSigHandlers.cpp:201

(firefox:919466): dconf-CRITICAL **: 15:27:44.878: unable to create file '/run/user/1000/dconf/user': Read-only file system.  dconf will not work properly.
[Parent 919466, Main Thread] WARNING: unable to create file '/run/user/1000/dconf/user': Read-only file system.  dconf will not work properly.: 'glib warning', file /build/firefox-144.0/toolkit/xre/nsSigHandlers.cpp:201

(firefox:919466): dconf-CRITICAL **: 15:27:44.898: unable to create file '/run/user/1000/dconf/user': Read-only file system.  dconf will not work properly.
[Parent 919466, Main Thread] WARNING: unable to create file '/run/user/1000/dconf/user': Read-only file system.  dconf will not work properly.: 'glib warning', file /build/firefox-144.0/toolkit/xre/nsSigHandlers.cpp:201

(firefox:919466): dconf-CRITICAL **: 15:27:44.899: unable to create file '/run/user/1000/dconf/user': Read-only file system.  dconf will not work properly.
[Parent 919466, Main Thread] WARNING: unable to create file '/run/user/1000/dconf/user': Read-only file system.  dconf will not work properly.: 'glib warning', file /build/firefox-144.0/toolkit/xre/nsSigHandlers.cpp:201

(firefox:919466): dconf-CRITICAL **: 15:27:44.919: unable to create file '/run/user/1000/dconf/user': Read-only file system.  dconf will not work properly.
[Parent 919466, Main Thread] WARNING: unable to create file '/run/user/1000/dconf/user': Read-only file system.  dconf will not work properly.: 'glib warning', file /build/firefox-144.0/toolkit/xre/nsSigHandlers.cpp:201

(firefox:919466): dconf-CRITICAL **: 15:27:44.919: unable to create file '/run/user/1000/dconf/user': Read-only file system.  dconf will not work properly.
[Parent 919466, Main Thread] WARNING: unable to create file '/run/user/1000/dconf/user': Read-only file system.  dconf will not work properly.: 'glib warning', file /build/firefox-144.0/toolkit/xre/nsSigHandlers.cpp:201

(firefox:919466): dconf-CRITICAL **: 15:27:44.959: unable to create file '/run/user/1000/dconf/user': Read-only file system.  dconf will not work properly.
[Parent 919466, Main Thread] WARNING: unable to create file '/run/user/1000/dconf/user': Read-only file system.  dconf will not work properly.: 'glib warning', file /build/firefox-144.0/toolkit/xre/nsSigHandlers.cpp:201

(firefox:919466): dconf-CRITICAL **: 15:27:44.959: unable to create file '/run/user/1000/dconf/user': Read-only file system.  dconf will not work properly.
[Parent 919466, Main Thread] WARNING: unable to create file '/run/user/1000/dconf/user': Read-only file system.  dconf will not work properly.: 'glib warning', file /build/firefox-144.0/toolkit/xre/nsSigHandlers.cpp:201

(firefox:919466): dconf-CRITICAL **: 15:27:44.984: unable to create file '/run/user/1000/dconf/user': Read-only file system.  dconf will not work properly.
[Parent 919466, Main Thread] WARNING: unable to create file '/run/user/1000/dconf/user': Read-only file system.  dconf will not work properly.: 'glib warning', file /build/firefox-144.0/toolkit/xre/nsSigHandlers.cpp:201

(firefox:919466): dconf-CRITICAL **: 15:27:44.984: unable to create file '/run/user/1000/dconf/user': Read-only file system.  dconf will not work properly.
[Parent 919466, Main Thread] WARNING: unable to create file '/run/user/1000/dconf/user': Read-only file system.  dconf will not work properly.: 'glib warning', file /build/firefox-144.0/toolkit/xre/nsSigHandlers.cpp:201

(firefox:919466): dconf-CRITICAL **: 15:27:45.006: unable to create file '/run/user/1000/dconf/user': Read-only file system.  dconf will not work properly.
[Parent 919466, Main Thread] WARNING: unable to create file '/run/user/1000/dconf/user': Read-only file system.  dconf will not work properly.: 'glib warning', file /build/firefox-144.0/toolkit/xre/nsSigHandlers.cpp:201

(firefox:919466): dconf-CRITICAL **: 15:27:45.006: unable to create file '/run/user/1000/dconf/user': Read-only file system.  dconf will not work properly.
[Parent 919466, Main Thread] WARNING: unable to create file '/run/user/1000/dconf/user': Read-only file system.  dconf will not work properly.: 'glib warning', file /build/firefox-144.0/toolkit/xre/nsSigHandlers.cpp:201

(firefox:919466): dconf-CRITICAL **: 15:27:45.057: unable to create file '/run/user/1000/dconf/user': Read-only file system.  dconf will not work properly.
[Parent 919466, Main Thread] WARNING: unable to create file '/run/user/1000/dconf/user': Read-only file system.  dconf will not work properly.: 'glib warning', file /build/firefox-144.0/toolkit/xre/nsSigHandlers.cpp:201

(firefox:919466): dconf-CRITICAL **: 15:27:45.057: unable to create file '/run/user/1000/dconf/user': Read-only file system.  dconf will not work properly.
[Parent 919466, Main Thread] WARNING: unable to create file '/run/user/1000/dconf/user': Read-only file system.  dconf will not work properly.: 'glib warning', file /build/firefox-144.0/toolkit/xre/nsSigHandlers.cpp:201

(firefox:919466): dconf-CRITICAL **: 15:27:45.080: unable to create file '/run/user/1000/dconf/user': Read-only file system.  dconf will not work properly.
[Parent 919466, Main Thread] WARNING: unable to create file '/run/user/1000/dconf/user': Read-only file system.  dconf will not work properly.: 'glib warning', file /build/firefox-144.0/toolkit/xre/nsSigHandlers.cpp:201

(firefox:919466): dconf-CRITICAL **: 15:27:45.080: unable to create file '/run/user/1000/dconf/user': Read-only file system.  dconf will not work properly.
[Parent 919466, Main Thread] WARNING: unable to create file '/run/user/1000/dconf/user': Read-only file system.  dconf will not work properly.: 'glib warning', file /build/firefox-144.0/toolkit/xre/nsSigHandlers.cpp:201

(firefox:919466): dconf-CRITICAL **: 15:27:45.108: unable to create file '/run/user/1000/dconf/user': Read-only file system.  dconf will not work properly.
[Parent 919466, Main Thread] WARNING: unable to create file '/run/user/1000/dconf/user': Read-only file system.  dconf will not work properly.: 'glib warning', file /build/firefox-144.0/toolkit/xre/nsSigHandlers.cpp:201

(firefox:919466): dconf-CRITICAL **: 15:27:45.108: unable to create file '/run/user/1000/dconf/user': Read-only file system.  dconf will not work properly.
[Parent 919466, Main Thread] WARNING: unable to create file '/run/user/1000/dconf/user': Read-only file system.  dconf will not work properly.: 'glib warning', file /build/firefox-144.0/toolkit/xre/nsSigHandlers.cpp:201

(firefox:919466): dconf-CRITICAL **: 15:27:45.131: unable to create file '/run/user/1000/dconf/user': Read-only file system.  dconf will not work properly.
[Parent 919466, Main Thread] WARNING: unable to create file '/run/user/1000/dconf/user': Read-only file system.  dconf will not work properly.: 'glib warning', file /build/firefox-144.0/toolkit/xre/nsSigHandlers.cpp:201

(firefox:919466): dconf-CRITICAL **: 15:27:45.131: unable to create file '/run/user/1000/dconf/user': Read-only file system.  dconf will not work properly.
[Parent 919466, Main Thread] WARNING: unable to create file '/run/user/1000/dconf/user': Read-only file system.  dconf will not work properly.: 'glib warning', file /build/firefox-144.0/toolkit/xre/nsSigHandlers.cpp:201

(firefox:919466): dconf-CRITICAL **: 15:27:45.157: unable to create file '/run/user/1000/dconf/user': Read-only file system.  dconf will not work properly.
[Parent 919466, Main Thread] WARNING: unable to create file '/run/user/1000/dconf/user': Read-only file system.  dconf will not work properly.: 'glib warning', file /build/firefox-144.0/toolkit/xre/nsSigHandlers.cpp:201

(firefox:919466): dconf-CRITICAL **: 15:27:45.157: unable to create file '/run/user/1000/dconf/user': Read-only file system.  dconf will not work properly.
[Parent 919466, Main Thread] WARNING: unable to create file '/run/user/1000/dconf/user': Read-only file system.  dconf will not work properly.: 'glib warning', file /build/firefox-144.0/toolkit/xre/nsSigHandlers.cpp:201

(firefox:919466): dconf-CRITICAL **: 15:27:45.183: unable to create file '/run/user/1000/dconf/user': Read-only file system.  dconf will not work properly.
[Parent 919466, Main Thread] WARNING: unable to create file '/run/user/1000/dconf/user': Read-only file system.  dconf will not work properly.: 'glib warning', file /build/firefox-144.0/toolkit/xre/nsSigHandlers.cpp:201

(firefox:919466): dconf-CRITICAL **: 15:27:45.183: unable to create file '/run/user/1000/dconf/user': Read-only file system.  dconf will not work properly.
[Parent 919466, Main Thread] WARNING: unable to create file '/run/user/1000/dconf/user': Read-only file system.  dconf will not work properly.: 'glib warning', file /build/firefox-144.0/toolkit/xre/nsSigHandlers.cpp:201

(firefox:919466): dconf-CRITICAL **: 15:27:45.203: unable to create file '/run/user/1000/dconf/user': Read-only file system.  dconf will not work properly.
[Parent 919466, Main Thread] WARNING: unable to create file '/run/user/1000/dconf/user': Read-only file system.  dconf will not work properly.: 'glib warning', file /build/firefox-144.0/toolkit/xre/nsSigHandlers.cpp:201

(firefox:919466): dconf-CRITICAL **: 15:27:45.203: unable to create file '/run/user/1000/dconf/user': Read-only file system.  dconf will not work properly.
[Parent 919466, Main Thread] WARNING: unable to create file '/run/user/1000/dconf/user': Read-only file system.  dconf will not work properly.: 'glib warning', file /build/firefox-144.0/toolkit/xre/nsSigHandlers.cpp:201

(firefox:919466): dconf-CRITICAL **: 15:27:45.224: unable to create file '/run/user/1000/dconf/user': Read-only file system.  dconf will not work properly.
[Parent 919466, Main Thread] WARNING: unable to create file '/run/user/1000/dconf/user': Read-only file system.  dconf will not work properly.: 'glib warning', file /build/firefox-144.0/toolkit/xre/nsSigHandlers.cpp:201

(firefox:919466): dconf-CRITICAL **: 15:27:45.224: unable to create file '/run/user/1000/dconf/user': Read-only file system.  dconf will not work properly.
[Parent 919466, Main Thread] WARNING: unable to create file '/run/user/1000/dconf/user': Read-only file system.  dconf will not work properly.: 'glib warning', file /build/firefox-144.0/toolkit/xre/nsSigHandlers.cpp:201

(firefox:919466): dconf-CRITICAL **: 15:27:45.241: unable to create file '/run/user/1000/dconf/user': Read-only file system.  dconf will not work properly.
[Parent 919466, Main Thread] WARNING: unable to create file '/run/user/1000/dconf/user': Read-only file system.  dconf will not work properly.: 'glib warning', file /build/firefox-144.0/toolkit/xre/nsSigHandlers.cpp:201

(firefox:919466): dconf-CRITICAL **: 15:27:45.241: unable to create file '/run/user/1000/dconf/user': Read-only file system.  dconf will not work properly.
[Parent 919466, Main Thread] WARNING: unable to create file '/run/user/1000/dconf/user': Read-only file system.  dconf will not work properly.: 'glib warning', file /build/firefox-144.0/toolkit/xre/nsSigHandlers.cpp:201

(firefox:919466): dconf-CRITICAL **: 15:27:45.246: unable to create file '/run/user/1000/dconf/user': Read-only file system.  dconf will not work properly.
[Parent 919466, Main Thread] WARNING: unable to create file '/run/user/1000/dconf/user': Read-only file system.  dconf will not work properly.: 'glib warning', file /build/firefox-144.0/toolkit/xre/nsSigHandlers.cpp:201

(firefox:919466): dconf-CRITICAL **: 15:27:45.247: unable to create file '/run/user/1000/dconf/user': Read-only file system.  dconf will not work properly.
[Parent 919466, Main Thread] WARNING: unable to create file '/run/user/1000/dconf/user': Read-only file system.  dconf will not work properly.: 'glib warning', file /build/firefox-144.0/toolkit/xre/nsSigHandlers.cpp:201

(firefox:919466): dconf-CRITICAL **: 15:27:45.250: unable to create file '/run/user/1000/dconf/user': Read-only file system.  dconf will not work properly.
[Parent 919466, Main Thread] WARNING: unable to create file '/run/user/1000/dconf/user': Read-only file system.  dconf will not work properly.: 'glib warning', file /build/firefox-144.0/toolkit/xre/nsSigHandlers.cpp:201

(firefox:919466): dconf-CRITICAL **: 15:27:45.250: unable to create file '/run/user/1000/dconf/user': Read-only file system.  dconf will not work properly.
[Parent 919466, Main Thread] WARNING: unable to create file '/run/user/1000/dconf/user': Read-only file system.  dconf will not work properly.: 'glib warning', file /build/firefox-144.0/toolkit/xre/nsSigHandlers.cpp:201

(firefox:919466): dconf-CRITICAL **: 15:27:45.271: unable to create file '/run/user/1000/dconf/user': Read-only file system.  dconf will not work properly.
[Parent 919466, Main Thread] WARNING: unable to create file '/run/user/1000/dconf/user': Read-only file system.  dconf will not work properly.: 'glib warning', file /build/firefox-144.0/toolkit/xre/nsSigHandlers.cpp:201

(firefox:919466): dconf-CRITICAL **: 15:27:45.271: unable to create file '/run/user/1000/dconf/user': Read-only file system.  dconf will not work properly.
[Parent 919466, Main Thread] WARNING: unable to create file '/run/user/1000/dconf/user': Read-only file system.  dconf will not work properly.: 'glib warning', file /build/firefox-144.0/toolkit/xre/nsSigHandlers.cpp:201

(firefox:919466): dconf-CRITICAL **: 15:27:45.292: unable to create file '/run/user/1000/dconf/user': Read-only file system.  dconf will not work properly.
[Parent 919466, Main Thread] WARNING: unable to create file '/run/user/1000/dconf/user': Read-only file system.  dconf will not work properly.: 'glib warning', file /build/firefox-144.0/toolkit/xre/nsSigHandlers.cpp:201

(firefox:919466): dconf-CRITICAL **: 15:27:45.293: unable to create file '/run/user/1000/dconf/user': Read-only file system.  dconf will not work properly.
[Parent 919466, Main Thread] WARNING: unable to create file '/run/user/1000/dconf/user': Read-only file system.  dconf will not work properly.: 'glib warning', file /build/firefox-144.0/toolkit/xre/nsSigHandlers.cpp:201

(firefox:919466): dconf-CRITICAL **: 15:27:45.324: unable to create file '/run/user/1000/dconf/user': Read-only file system.  dconf will not work properly.
[Parent 919466, Main Thread] WARNING: unable to create file '/run/user/1000/dconf/user': Read-only file system.  dconf will not work properly.: 'glib warning', file /build/firefox-144.0/toolkit/xre/nsSigHandlers.cpp:201

(firefox:919466): dconf-CRITICAL **: 15:27:45.324: unable to create file '/run/user/1000/dconf/user': Read-only file system.  dconf will not work properly.
[Parent 919466, Main Thread] WARNING: unable to create file '/run/user/1000/dconf/user': Read-only file system.  dconf will not work properly.: 'glib warning', file /build/firefox-144.0/toolkit/xre/nsSigHandlers.cpp:201

(firefox:919466): dconf-CRITICAL **: 15:27:45.348: unable to create file '/run/user/1000/dconf/user': Read-only file system.  dconf will not work properly.
[Parent 919466, Main Thread] WARNING: unable to create file '/run/user/1000/dconf/user': Read-only file system.  dconf will not work properly.: 'glib warning', file /build/firefox-144.0/toolkit/xre/nsSigHandlers.cpp:201

(firefox:919466): dconf-CRITICAL **: 15:27:45.348: unable to create file '/run/user/1000/dconf/user': Read-only file system.  dconf will not work properly.
[Parent 919466, Main Thread] WARNING: unable to create file '/run/user/1000/dconf/user': Read-only file system.  dconf will not work properly.: 'glib warning', file /build/firefox-144.0/toolkit/xre/nsSigHandlers.cpp:201

(firefox:919466): dconf-CRITICAL **: 15:27:45.374: unable to create file '/run/user/1000/dconf/user': Read-only file system.  dconf will not work properly.
[Parent 919466, Main Thread] WARNING: unable to create file '/run/user/1000/dconf/user': Read-only file system.  dconf will not work properly.: 'glib warning', file /build/firefox-144.0/toolkit/xre/nsSigHandlers.cpp:201

(firefox:919466): dconf-CRITICAL **: 15:27:45.374: unable to create file '/run/user/1000/dconf/user': Read-only file system.  dconf will not work properly.
[Parent 919466, Main Thread] WARNING: unable to create file '/run/user/1000/dconf/user': Read-only file system.  dconf will not work properly.: 'glib warning', file /build/firefox-144.0/toolkit/xre/nsSigHandlers.cpp:201

(firefox:919466): dconf-CRITICAL **: 15:27:45.394: unable to create file '/run/user/1000/dconf/user': Read-only file system.  dconf will not work properly.
[Parent 919466, Main Thread] WARNING: unable to create file '/run/user/1000/dconf/user': Read-only file system.  dconf will not work properly.: 'glib warning', file /build/firefox-144.0/toolkit/xre/nsSigHandlers.cpp:201

(firefox:919466): dconf-CRITICAL **: 15:27:45.395: unable to create file '/run/user/1000/dconf/user': Read-only file system.  dconf will not work properly.
[Parent 919466, Main Thread] WARNING: unable to create file '/run/user/1000/dconf/user': Read-only file system.  dconf will not work properly.: 'glib warning', file /build/firefox-144.0/toolkit/xre/nsSigHandlers.cpp:201

(firefox:919466): dconf-CRITICAL **: 15:27:45.420: unable to create file '/run/user/1000/dconf/user': Read-only file system.  dconf will not work properly.
[Parent 919466, Main Thread] WARNING: unable to create file '/run/user/1000/dconf/user': Read-only file system.  dconf will not work properly.: 'glib warning', file /build/firefox-144.0/toolkit/xre/nsSigHandlers.cpp:201

(firefox:919466): dconf-CRITICAL **: 15:27:45.420: unable to create file '/run/user/1000/dconf/user': Read-only file system.  dconf will not work properly.
[Parent 919466, Main Thread] WARNING: unable to create file '/run/user/1000/dconf/user': Read-only file system.  dconf will not work properly.: 'glib warning', file /build/firefox-144.0/toolkit/xre/nsSigHandlers.cpp:201

(firefox:919466): dconf-CRITICAL **: 15:27:45.446: unable to create file '/run/user/1000/dconf/user': Read-only file system.  dconf will not work properly.
[Parent 919466, Main Thread] WARNING: unable to create file '/run/user/1000/dconf/user': Read-only file system.  dconf will not work properly.: 'glib warning', file /build/firefox-144.0/toolkit/xre/nsSigHandlers.cpp:201

(firefox:919466): dconf-CRITICAL **: 15:27:45.446: unable to create file '/run/user/1000/dconf/user': Read-only file system.  dconf will not work properly.
[Parent 919466, Main Thread] WARNING: unable to create file '/run/user/1000/dconf/user': Read-only file system.  dconf will not work properly.: 'glib warning', file /build/firefox-144.0/toolkit/xre/nsSigHandlers.cpp:201

(firefox:919466): dconf-CRITICAL **: 15:27:45.472: unable to create file '/run/user/1000/dconf/user': Read-only file system.  dconf will not work properly.
[Parent 919466, Main Thread] WARNING: unable to create file '/run/user/1000/dconf/user': Read-only file system.  dconf will not work properly.: 'glib warning', file /build/firefox-144.0/toolkit/xre/nsSigHandlers.cpp:201

(firefox:919466): dconf-CRITICAL **: 15:27:45.472: unable to create file '/run/user/1000/dconf/user': Read-only file system.  dconf will not work properly.
[Parent 919466, Main Thread] WARNING: unable to create file '/run/user/1000/dconf/user': Read-only file system.  dconf will not work properly.: 'glib warning', file /build/firefox-144.0/toolkit/xre/nsSigHandlers.cpp:201

(firefox:919466): dconf-CRITICAL **: 15:27:45.500: unable to create file '/run/user/1000/dconf/user': Read-only file system.  dconf will not work properly.
[Parent 919466, Main Thread] WARNING: unable to create file '/run/user/1000/dconf/user': Read-only file system.  dconf will not work properly.: 'glib warning', file /build/firefox-144.0/toolkit/xre/nsSigHandlers.cpp:201

(firefox:919466): dconf-CRITICAL **: 15:27:45.500: unable to create file '/run/user/1000/dconf/user': Read-only file system.  dconf will not work properly.
[Parent 919466, Main Thread] WARNING: unable to create file '/run/user/1000/dconf/user': Read-only file system.  dconf will not work properly.: 'glib warning', file /build/firefox-144.0/toolkit/xre/nsSigHandlers.cpp:201

(firefox:919466): dconf-CRITICAL **: 15:27:45.525: unable to create file '/run/user/1000/dconf/user': Read-only file system.  dconf will not work properly.
[Parent 919466, Main Thread] WARNING: unable to create file '/run/user/1000/dconf/user': Read-only file system.  dconf will not work properly.: 'glib warning', file /build/firefox-144.0/toolkit/xre/nsSigHandlers.cpp:201

(firefox:919466): dconf-CRITICAL **: 15:27:45.525: unable to create file '/run/user/1000/dconf/user': Read-only file system.  dconf will not work properly.
[Parent 919466, Main Thread] WARNING: unable to create file '/run/user/1000/dconf/user': Read-only file system.  dconf will not work properly.: 'glib warning', file /build/firefox-144.0/toolkit/xre/nsSigHandlers.cpp:201

(firefox:919466): dconf-CRITICAL **: 15:27:45.545: unable to create file '/run/user/1000/dconf/user': Read-only file system.  dconf will not work properly.
[Parent 919466, Main Thread] WARNING: unable to create file '/run/user/1000/dconf/user': Read-only file system.  dconf will not work properly.: 'glib warning', file /build/firefox-144.0/toolkit/xre/nsSigHandlers.cpp:201

(firefox:919466): dconf-CRITICAL **: 15:27:45.545: unable to create file '/run/user/1000/dconf/user': Read-only file system.  dconf will not work properly.
[Parent 919466, Main Thread] WARNING: unable to create file '/run/user/1000/dconf/user': Read-only file system.  dconf will not work properly.: 'glib warning', file /build/firefox-144.0/toolkit/xre/nsSigHandlers.cpp:201

(firefox:919466): dconf-CRITICAL **: 15:27:45.566: unable to create file '/run/user/1000/dconf/user': Read-only file system.  dconf will not work properly.
[Parent 919466, Main Thread] WARNING: unable to create file '/run/user/1000/dconf/user': Read-only file system.  dconf will not work properly.: 'glib warning', file /build/firefox-144.0/toolkit/xre/nsSigHandlers.cpp:201

(firefox:919466): dconf-CRITICAL **: 15:27:45.566: unable to create file '/run/user/1000/dconf/user': Read-only file system.  dconf will not work properly.
[Parent 919466, Main Thread] WARNING: unable to create file '/run/user/1000/dconf/user': Read-only file system.  dconf will not work properly.: 'glib warning', file /build/firefox-144.0/toolkit/xre/nsSigHandlers.cpp:201

(firefox:919466): dconf-CRITICAL **: 15:27:45.591: unable to create file '/run/user/1000/dconf/user': Read-only file system.  dconf will not work properly.
[Parent 919466, Main Thread] WARNING: unable to create file '/run/user/1000/dconf/user': Read-only file system.  dconf will not work properly.: 'glib warning', file /build/firefox-144.0/toolkit/xre/nsSigHandlers.cpp:201

(firefox:919466): dconf-CRITICAL **: 15:27:45.591: unable to create file '/run/user/1000/dconf/user': Read-only file system.  dconf will not work properly.
[Parent 919466, Main Thread] WARNING: unable to create file '/run/user/1000/dconf/user': Read-only file system.  dconf will not work properly.: 'glib warning', file /build/firefox-144.0/toolkit/xre/nsSigHandlers.cpp:201

(firefox:919466): dconf-CRITICAL **: 15:27:45.612: unable to create file '/run/user/1000/dconf/user': Read-only file system.  dconf will not work properly.
[Parent 919466, Main Thread] WARNING: unable to create file '/run/user/1000/dconf/user': Read-only file system.  dconf will not work properly.: 'glib warning', file /build/firefox-144.0/toolkit/xre/nsSigHandlers.cpp:201

(firefox:919466): dconf-CRITICAL **: 15:27:45.612: unable to create file '/run/user/1000/dconf/user': Read-only file system.  dconf will not work properly.
[Parent 919466, Main Thread] WARNING: unable to create file '/run/user/1000/dconf/user': Read-only file system.  dconf will not work properly.: 'glib warning', file /build/firefox-144.0/toolkit/xre/nsSigHandlers.cpp:201

(firefox:919466): dconf-CRITICAL **: 15:27:45.632: unable to create file '/run/user/1000/dconf/user': Read-only file system.  dconf will not work properly.
[Parent 919466, Main Thread] WARNING: unable to create file '/run/user/1000/dconf/user': Read-only file system.  dconf will not work properly.: 'glib warning', file /build/firefox-144.0/toolkit/xre/nsSigHandlers.cpp:201

(firefox:919466): dconf-CRITICAL **: 15:27:45.632: unable to create file '/run/user/1000/dconf/user': Read-only file system.  dconf will not work properly.
[Parent 919466, Main Thread] WARNING: unable to create file '/run/user/1000/dconf/user': Read-only file system.  dconf will not work properly.: 'glib warning', file /build/firefox-144.0/toolkit/xre/nsSigHandlers.cpp:201

(firefox:919466): dconf-CRITICAL **: 15:27:45.650: unable to create file '/run/user/1000/dconf/user': Read-only file system.  dconf will not work properly.
[Parent 919466, Main Thread] WARNING: unable to create file '/run/user/1000/dconf/user': Read-only file system.  dconf will not work properly.: 'glib warning', file /build/firefox-144.0/toolkit/xre/nsSigHandlers.cpp:201

(firefox:919466): dconf-CRITICAL **: 15:27:45.650: unable to create file '/run/user/1000/dconf/user': Read-only file system.  dconf will not work properly.
[Parent 919466, Main Thread] WARNING: unable to create file '/run/user/1000/dconf/user': Read-only file system.  dconf will not work properly.: 'glib warning', file /build/firefox-144.0/toolkit/xre/nsSigHandlers.cpp:201

(firefox:919466): dconf-CRITICAL **: 15:27:45.670: unable to create file '/run/user/1000/dconf/user': Read-only file system.  dconf will not work properly.
[Parent 919466, Main Thread] WARNING: unable to create file '/run/user/1000/dconf/user': Read-only file system.  dconf will not work properly.: 'glib warning', file /build/firefox-144.0/toolkit/xre/nsSigHandlers.cpp:201

(firefox:919466): dconf-CRITICAL **: 15:27:45.670: unable to create file '/run/user/1000/dconf/user': Read-only file system.  dconf will not work properly.
[Parent 919466, Main Thread] WARNING: unable to create file '/run/user/1000/dconf/user': Read-only file system.  dconf will not work properly.: 'glib warning', file /build/firefox-144.0/toolkit/xre/nsSigHandlers.cpp:201

(firefox:919466): dconf-CRITICAL **: 15:27:45.693: unable to create file '/run/user/1000/dconf/user': Read-only file system.  dconf will not work properly.
[Parent 919466, Main Thread] WARNING: unable to create file '/run/user/1000/dconf/user': Read-only file system.  dconf will not work properly.: 'glib warning', file /build/firefox-144.0/toolkit/xre/nsSigHandlers.cpp:201

(firefox:919466): dconf-CRITICAL **: 15:27:45.693: unable to create file '/run/user/1000/dconf/user': Read-only file system.  dconf will not work properly.
[Parent 919466, Main Thread] WARNING: unable to create file '/run/user/1000/dconf/user': Read-only file system.  dconf will not work properly.: 'glib warning', file /build/firefox-144.0/toolkit/xre/nsSigHandlers.cpp:201

(firefox:919466): dconf-CRITICAL **: 15:27:45.727: unable to create file '/run/user/1000/dconf/user': Read-only file system.  dconf will not work properly.
[Parent 919466, Main Thread] WARNING: unable to create file '/run/user/1000/dconf/user': Read-only file system.  dconf will not work properly.: 'glib warning', file /build/firefox-144.0/toolkit/xre/nsSigHandlers.cpp:201

(firefox:919466): dconf-CRITICAL **: 15:27:45.727: unable to create file '/run/user/1000/dconf/user': Read-only file system.  dconf will not work properly.
[Parent 919466, Main Thread] WARNING: unable to create file '/run/user/1000/dconf/user': Read-only file system.  dconf will not work properly.: 'glib warning', file /build/firefox-144.0/toolkit/xre/nsSigHandlers.cpp:201

(firefox:919466): dconf-CRITICAL **: 15:27:45.754: unable to create file '/run/user/1000/dconf/user': Read-only file system.  dconf will not work properly.
[Parent 919466, Main Thread] WARNING: unable to create file '/run/user/1000/dconf/user': Read-only file system.  dconf will not work properly.: 'glib warning', file /build/firefox-144.0/toolkit/xre/nsSigHandlers.cpp:201

(firefox:919466): dconf-CRITICAL **: 15:27:45.755: unable to create file '/run/user/1000/dconf/user': Read-only file system.  dconf will not work properly.
[Parent 919466, Main Thread] WARNING: unable to create file '/run/user/1000/dconf/user': Read-only file system.  dconf will not work properly.: 'glib warning', file /build/firefox-144.0/toolkit/xre/nsSigHandlers.cpp:201

(firefox:919466): dconf-CRITICAL **: 15:27:45.802: unable to create file '/run/user/1000/dconf/user': Read-only file system.  dconf will not work properly.
[Parent 919466, Main Thread] WARNING: unable to create file '/run/user/1000/dconf/user': Read-only file system.  dconf will not work properly.: 'glib warning', file /build/firefox-144.0/toolkit/xre/nsSigHandlers.cpp:201

(firefox:919466): dconf-CRITICAL **: 15:27:45.802: unable to create file '/run/user/1000/dconf/user': Read-only file system.  dconf will not work properly.
[Parent 919466, Main Thread] WARNING: unable to create file '/run/user/1000/dconf/user': Read-only file system.  dconf will not work properly.: 'glib warning', file /build/firefox-144.0/toolkit/xre/nsSigHandlers.cpp:201

(firefox:919466): dconf-CRITICAL **: 15:27:45.849: unable to create file '/run/user/1000/dconf/user': Read-only file system.  dconf will not work properly.
[Parent 919466, Main Thread] WARNING: unable to create file '/run/user/1000/dconf/user': Read-only file system.  dconf will not work properly.: 'glib warning', file /build/firefox-144.0/toolkit/xre/nsSigHandlers.cpp:201

(firefox:919466): dconf-CRITICAL **: 15:27:45.849: unable to create file '/run/user/1000/dconf/user': Read-only file system.  dconf will not work properly.
[Parent 919466, Main Thread] WARNING: unable to create file '/run/user/1000/dconf/user': Read-only file system.  dconf will not work properly.: 'glib warning', file /build/firefox-144.0/toolkit/xre/nsSigHandlers.cpp:201

(firefox:919466): dconf-CRITICAL **: 15:27:45.982: unable to create file '/run/user/1000/dconf/user': Read-only file system.  dconf will not work properly.
[Parent 919466, Main Thread] WARNING: unable to create file '/run/user/1000/dconf/user': Read-only file system.  dconf will not work properly.: 'glib warning', file /build/firefox-144.0/toolkit/xre/nsSigHandlers.cpp:201

(firefox:919466): dconf-CRITICAL **: 15:27:45.982: unable to create file '/run/user/1000/dconf/user': Read-only file system.  dconf will not work properly.
[Parent 919466, Main Thread] WARNING: unable to create file '/run/user/1000/dconf/user': Read-only file system.  dconf will not work properly.: 'glib warning', file /build/firefox-144.0/toolkit/xre/nsSigHandlers.cpp:201

(firefox:919466): dconf-CRITICAL **: 15:27:46.250: unable to create file '/run/user/1000/dconf/user': Read-only file system.  dconf will not work properly.
[Parent 919466, Main Thread] WARNING: unable to create file '/run/user/1000/dconf/user': Read-only file system.  dconf will not work properly.: 'glib warning', file /build/firefox-144.0/toolkit/xre/nsSigHandlers.cpp:201

(firefox:919466): dconf-CRITICAL **: 15:27:46.251: unable to create file '/run/user/1000/dconf/user': Read-only file system.  dconf will not work properly.
[Parent 919466, Main Thread] WARNING: unable to create file '/run/user/1000/dconf/user': Read-only file system.  dconf will not work properly.: 'glib warning', file /build/firefox-144.0/toolkit/xre/nsSigHandlers.cpp:201

(firefox:919466): dconf-CRITICAL **: 15:27:46.400: unable to create file '/run/user/1000/dconf/user': Read-only file system.  dconf will not work properly.
[Parent 919466, Main Thread] WARNING: unable to create file '/run/user/1000/dconf/user': Read-only file system.  dconf will not work properly.: 'glib warning', file /build/firefox-144.0/toolkit/xre/nsSigHandlers.cpp:201

(firefox:919466): dconf-CRITICAL **: 15:27:46.400: unable to create file '/run/user/1000/dconf/user': Read-only file system.  dconf will not work properly.
[Parent 919466, Main Thread] WARNING: unable to create file '/run/user/1000/dconf/user': Read-only file system.  dconf will not work properly.: 'glib warning', file /build/firefox-144.0/toolkit/xre/nsSigHandlers.cpp:201

(firefox:919466): dconf-CRITICAL **: 15:27:46.425: unable to create file '/run/user/1000/dconf/user': Read-only file system.  dconf will not work properly.
[Parent 919466, Main Thread] WARNING: unable to create file '/run/user/1000/dconf/user': Read-only file system.  dconf will not work properly.: 'glib warning', file /build/firefox-144.0/toolkit/xre/nsSigHandlers.cpp:201

(firefox:919466): dconf-CRITICAL **: 15:27:46.426: unable to create file '/run/user/1000/dconf/user': Read-only file system.  dconf will not work properly.
[Parent 919466, Main Thread] WARNING: unable to create file '/run/user/1000/dconf/user': Read-only file system.  dconf will not work properly.: 'glib warning', file /build/firefox-144.0/toolkit/xre/nsSigHandlers.cpp:201

(firefox:919466): dconf-CRITICAL **: 15:27:46.454: unable to create file '/run/user/1000/dconf/user': Read-only file system.  dconf will not work properly.
[Parent 919466, Main Thread] WARNING: unable to create file '/run/user/1000/dconf/user': Read-only file system.  dconf will not work properly.: 'glib warning', file /build/firefox-144.0/toolkit/xre/nsSigHandlers.cpp:201

(firefox:919466): dconf-CRITICAL **: 15:27:46.454: unable to create file '/run/user/1000/dconf/user': Read-only file system.  dconf will not work properly.
[Parent 919466, Main Thread] WARNING: unable to create file '/run/user/1000/dconf/user': Read-only file system.  dconf will not work properly.: 'glib warning', file /build/firefox-144.0/toolkit/xre/nsSigHandlers.cpp:201

(firefox:919466): dconf-CRITICAL **: 15:27:46.582: unable to create file '/run/user/1000/dconf/user': Read-only file system.  dconf will not work properly.
[Parent 919466, Main Thread] WARNING: unable to create file '/run/user/1000/dconf/user': Read-only file system.  dconf will not work properly.: 'glib warning', file /build/firefox-144.0/toolkit/xre/nsSigHandlers.cpp:201

(firefox:919466): dconf-CRITICAL **: 15:27:46.582: unable to create file '/run/user/1000/dconf/user': Read-only file system.  dconf will not work properly.
[Parent 919466, Main Thread] WARNING: unable to create file '/run/user/1000/dconf/user': Read-only file system.  dconf will not work properly.: 'glib warning', file /build/firefox-144.0/toolkit/xre/nsSigHandlers.cpp:201

(firefox:919466): dconf-CRITICAL **: 15:27:47.258: unable to create file '/run/user/1000/dconf/user': Read-only file system.  dconf will not work properly.
[Parent 919466, Main Thread] WARNING: unable to create file '/run/user/1000/dconf/user': Read-only file system.  dconf will not work properly.: 'glib warning', file /build/firefox-144.0/toolkit/xre/nsSigHandlers.cpp:201

(firefox:919466): dconf-CRITICAL **: 15:27:47.258: unable to create file '/run/user/1000/dconf/user': Read-only file system.  dconf will not work properly.
[Parent 919466, Main Thread] WARNING: unable to create file '/run/user/1000/dconf/user': Read-only file system.  dconf will not work properly.: 'glib warning', file /build/firefox-144.0/toolkit/xre/nsSigHandlers.cpp:201

(firefox:919466): dconf-CRITICAL **: 15:27:48.359: unable to create file '/run/user/1000/dconf/user': Read-only file system.  dconf will not work properly.
[Parent 919466, Main Thread] WARNING: unable to create file '/run/user/1000/dconf/user': Read-only file system.  dconf will not work properly.: 'glib warning', file /build/firefox-144.0/toolkit/xre/nsSigHandlers.cpp:201

(firefox:919466): dconf-CRITICAL **: 15:27:48.359: unable to create file '/run/user/1000/dconf/user': Read-only file system.  dconf will not work properly.
[Parent 919466, Main Thread] WARNING: unable to create file '/run/user/1000/dconf/user': Read-only file system.  dconf will not work properly.: 'glib warning', file /build/firefox-144.0/toolkit/xre/nsSigHandlers.cpp:201

(firefox:919466): dconf-CRITICAL **: 15:27:48.367: unable to create file '/run/user/1000/dconf/user': Read-only file system.  dconf will not work properly.
[Parent 919466, Main Thread] WARNING: unable to create file '/run/user/1000/dconf/user': Read-only file system.  dconf will not work properly.: 'glib warning', file /build/firefox-144.0/toolkit/xre/nsSigHandlers.cpp:201

(firefox:919466): dconf-CRITICAL **: 15:27:48.367: unable to create file '/run/user/1000/dconf/user': Read-only file system.  dconf will not work properly.
[Parent 919466, Main Thread] WARNING: unable to create file '/run/user/1000/dconf/user': Read-only file system.  dconf will not work properly.: 'glib warning', file /build/firefox-144.0/toolkit/xre/nsSigHandlers.cpp:201

(firefox:919466): dconf-CRITICAL **: 15:27:48.879: unable to create file '/run/user/1000/dconf/user': Read-only file system.  dconf will not work properly.
[Parent 919466, Main Thread] WARNING: unable to create file '/run/user/1000/dconf/user': Read-only file system.  dconf will not work properly.: 'glib warning', file /build/firefox-144.0/toolkit/xre/nsSigHandlers.cpp:201

(firefox:919466): dconf-CRITICAL **: 15:27:48.879: unable to create file '/run/user/1000/dconf/user': Read-only file system.  dconf will not work properly.
[Parent 919466, Main Thread] WARNING: unable to create file '/run/user/1000/dconf/user': Read-only file system.  dconf will not work properly.: 'glib warning', file /build/firefox-144.0/toolkit/xre/nsSigHandlers.cpp:201

(firefox:919466): dconf-CRITICAL **: 15:27:48.879: unable to create file '/run/user/1000/dconf/user': Read-only file system.  dconf will not work properly.
[Parent 919466, Main Thread] WARNING: unable to create file '/run/user/1000/dconf/user': Read-only file system.  dconf will not work properly.: 'glib warning', file /build/firefox-144.0/toolkit/xre/nsSigHandlers.cpp:201

(firefox:919466): dconf-CRITICAL **: 15:27:48.880: unable to create file '/run/user/1000/dconf/user': Read-only file system.  dconf will not work properly.
console.warn: "[web-runtime] connection lost, retry #6"
[Parent 919466, Main Thread] WARNING: unable to create file '/run/user/1000/dconf/user': Read-only file system.  dconf will not work properly.: 'glib warning', file /build/firefox-144.0/toolkit/xre/nsSigHandlers.cpp:201

(firefox:919466): dconf-CRITICAL **: 15:27:49.369: unable to create file '/run/user/1000/dconf/user': Read-only file system.  dconf will not work properly.
[Parent 919466, Main Thread] WARNING: unable to create file '/run/user/1000/dconf/user': Read-only file system.  dconf will not work properly.: 'glib warning', file /build/firefox-144.0/toolkit/xre/nsSigHandlers.cpp:201

(firefox:919466): dconf-CRITICAL **: 15:27:49.369: unable to create file '/run/user/1000/dconf/user': Read-only file system.  dconf will not work properly.
[Parent 919466, Main Thread] WARNING: unable to create file '/run/user/1000/dconf/user': Read-only file system.  dconf will not work properly.: 'glib warning', file /build/firefox-144.0/toolkit/xre/nsSigHandlers.cpp:201

(firefox:919466): dconf-CRITICAL **: 15:27:49.378: unable to create file '/run/user/1000/dconf/user': Read-only file system.  dconf will not work properly.
[Parent 919466, Main Thread] WARNING: unable to create file '/run/user/1000/dconf/user': Read-only file system.  dconf will not work properly.: 'glib warning', file /build/firefox-144.0/toolkit/xre/nsSigHandlers.cpp:201

(firefox:919466): dconf-CRITICAL **: 15:27:49.378: unable to create file '/run/user/1000/dconf/user': Read-only file system.  dconf will not work properly.
[Parent 919466, Main Thread] WARNING: unable to create file '/run/user/1000/dconf/user': Read-only file system.  dconf will not work properly.: 'glib warning', file /build/firefox-144.0/toolkit/xre/nsSigHandlers.cpp:201

(firefox:919466): dconf-CRITICAL **: 15:27:50.373: unable to create file '/run/user/1000/dconf/user': Read-only file system.  dconf will not work properly.
[Parent 919466, Main Thread] WARNING: unable to create file '/run/user/1000/dconf/user': Read-only file system.  dconf will not work properly.: 'glib warning', file /build/firefox-144.0/toolkit/xre/nsSigHandlers.cpp:201

(firefox:919466): dconf-CRITICAL **: 15:27:50.373: unable to create file '/run/user/1000/dconf/user': Read-only file system.  dconf will not work properly.
[Parent 919466, Main Thread] WARNING: unable to create file '/run/user/1000/dconf/user': Read-only file system.  dconf will not work properly.: 'glib warning', file /build/firefox-144.0/toolkit/xre/nsSigHandlers.cpp:201

(firefox:919466): dconf-CRITICAL **: 15:27:52.384: unable to create file '/run/user/1000/dconf/user': Read-only file system.  dconf will not work properly.
[Parent 919466, Main Thread] WARNING: unable to create file '/run/user/1000/dconf/user': Read-only file system.  dconf will not work properly.: 'glib warning', file /build/firefox-144.0/toolkit/xre/nsSigHandlers.cpp:201

(firefox:919466): dconf-CRITICAL **: 15:27:52.384: unable to create file '/run/user/1000/dconf/user': Read-only file system.  dconf will not work properly.
[Parent 919466, Main Thread] WARNING: unable to create file '/run/user/1000/dconf/user': Read-only file system.  dconf will not work properly.: 'glib warning', file /build/firefox-144.0/toolkit/xre/nsSigHandlers.cpp:201

(firefox:919466): dconf-CRITICAL **: 15:27:53.386: unable to create file '/run/user/1000/dconf/user': Read-only file system.  dconf will not work properly.
[Parent 919466, Main Thread] WARNING: unable to create file '/run/user/1000/dconf/user': Read-only file system.  dconf will not work properly.: 'glib warning', file /build/firefox-144.0/toolkit/xre/nsSigHandlers.cpp:201

(firefox:919466): dconf-CRITICAL **: 15:27:53.386: unable to create file '/run/user/1000/dconf/user': Read-only file system.  dconf will not work properly.
[Parent 919466, Main Thread] WARNING: unable to create file '/run/user/1000/dconf/user': Read-only file system.  dconf will not work properly.: 'glib warning', file /build/firefox-144.0/toolkit/xre/nsSigHandlers.cpp:201

(firefox:919466): dconf-CRITICAL **: 15:27:54.390: unable to create file '/run/user/1000/dconf/user': Read-only file system.  dconf will not work properly.
[Parent 919466, Main Thread] WARNING: unable to create file '/run/user/1000/dconf/user': Read-only file system.  dconf will not work properly.: 'glib warning', file /build/firefox-144.0/toolkit/xre/nsSigHandlers.cpp:201

(firefox:919466): dconf-CRITICAL **: 15:27:54.390: unable to create file '/run/user/1000/dconf/user': Read-only file system.  dconf will not work properly.
[Parent 919466, Main Thread] WARNING: unable to create file '/run/user/1000/dconf/user': Read-only file system.  dconf will not work properly.: 'glib warning', file /build/firefox-144.0/toolkit/xre/nsSigHandlers.cpp:201

(firefox:919466): dconf-CRITICAL **: 15:27:54.851: unable to create file '/run/user/1000/dconf/user': Read-only file system.  dconf will not work properly.
[Parent 919466, Main Thread] WARNING: unable to create file '/run/user/1000/dconf/user': Read-only file system.  dconf will not work properly.: 'glib warning', file /build/firefox-144.0/toolkit/xre/nsSigHandlers.cpp:201

(firefox:919466): dconf-CRITICAL **: 15:27:54.851: unable to create file '/run/user/1000/dconf/user': Read-only file system.  dconf will not work properly.
[Parent 919466, Main Thread] WARNING: unable to create file '/run/user/1000/dconf/user': Read-only file system.  dconf will not work properly.: 'glib warning', file /build/firefox-144.0/toolkit/xre/nsSigHandlers.cpp:201

(firefox:919466): dconf-CRITICAL **: 15:27:54.865: unable to create file '/run/user/1000/dconf/user': Read-only file system.  dconf will not work properly.
[Parent 919466, Main Thread] WARNING: unable to create file '/run/user/1000/dconf/user': Read-only file system.  dconf will not work properly.: 'glib warning', file /build/firefox-144.0/toolkit/xre/nsSigHandlers.cpp:201

(firefox:919466): dconf-CRITICAL **: 15:27:54.865: unable to create file '/run/user/1000/dconf/user': Read-only file system.  dconf will not work properly.
[Parent 919466, Main Thread] WARNING: unable to create file '/run/user/1000/dconf/user': Read-only file system.  dconf will not work properly.: 'glib warning', file /build/firefox-144.0/toolkit/xre/nsSigHandlers.cpp:201

(firefox:919466): dconf-CRITICAL **: 15:27:54.987: unable to create file '/run/user/1000/dconf/user': Read-only file system.  dconf will not work properly.
[Parent 919466, Main Thread] WARNING: unable to create file '/run/user/1000/dconf/user': Read-only file system.  dconf will not work properly.: 'glib warning', file /build/firefox-144.0/toolkit/xre/nsSigHandlers.cpp:201

(firefox:919466): dconf-CRITICAL **: 15:27:54.988: unable to create file '/run/user/1000/dconf/user': Read-only file system.  dconf will not work properly.
[Parent 919466, Main Thread] WARNING: unable to create file '/run/user/1000/dconf/user': Read-only file system.  dconf will not work properly.: 'glib warning', file /build/firefox-144.0/toolkit/xre/nsSigHandlers.cpp:201

(firefox:919466): dconf-CRITICAL **: 15:27:54.989: unable to create file '/run/user/1000/dconf/user': Read-only file system.  dconf will not work properly.
[Parent 919466, Main Thread] WARNING: unable to create file '/run/user/1000/dconf/user': Read-only file system.  dconf will not work properly.: 'glib warning', file /build/firefox-144.0/toolkit/xre/nsSigHandlers.cpp:201

(firefox:919466): dconf-CRITICAL **: 15:27:54.989: unable to create file '/run/user/1000/dconf/user': Read-only file system.  dconf will not work properly.
[Parent 919466, Main Thread] WARNING: unable to create file '/run/user/1000/dconf/user': Read-only file system.  dconf will not work properly.: 'glib warning', file /build/firefox-144.0/toolkit/xre/nsSigHandlers.cpp:201

(firefox:919466): dconf-CRITICAL **: 15:27:55.029: unable to create file '/run/user/1000/dconf/user': Read-only file system.  dconf will not work properly.
[Parent 919466, Main Thread] WARNING: unable to create file '/run/user/1000/dconf/user': Read-only file system.  dconf will not work properly.: 'glib warning', file /build/firefox-144.0/toolkit/xre/nsSigHandlers.cpp:201

(firefox:919466): dconf-CRITICAL **: 15:27:55.030: unable to create file '/run/user/1000/dconf/user': Read-only file system.  dconf will not work properly.
[Parent 919466, Main Thread] WARNING: unable to create file '/run/user/1000/dconf/user': Read-only file system.  dconf will not work properly.: 'glib warning', file /build/firefox-144.0/toolkit/xre/nsSigHandlers.cpp:201

(firefox:919466): dconf-CRITICAL **: 15:27:55.183: unable to create file '/run/user/1000/dconf/user': Read-only file system.  dconf will not work properly.
[Parent 919466, Main Thread] WARNING: unable to create file '/run/user/1000/dconf/user': Read-only file system.  dconf will not work properly.: 'glib warning', file /build/firefox-144.0/toolkit/xre/nsSigHandlers.cpp:201

(firefox:919466): dconf-CRITICAL **: 15:27:55.184: unable to create file '/run/user/1000/dconf/user': Read-only file system.  dconf will not work properly.
[Parent 919466, Main Thread] WARNING: unable to create file '/run/user/1000/dconf/user': Read-only file system.  dconf will not work properly.: 'glib warning', file /build/firefox-144.0/toolkit/xre/nsSigHandlers.cpp:201

(firefox:919466): dconf-CRITICAL **: 15:27:55.224: unable to create file '/run/user/1000/dconf/user': Read-only file system.  dconf will not work properly.
[Parent 919466, Main Thread] WARNING: unable to create file '/run/user/1000/dconf/user': Read-only file system.  dconf will not work properly.: 'glib warning', file /build/firefox-144.0/toolkit/xre/nsSigHandlers.cpp:201

(firefox:919466): dconf-CRITICAL **: 15:27:55.224: unable to create file '/run/user/1000/dconf/user': Read-only file system.  dconf will not work properly.
[Parent 919466, Main Thread] WARNING: unable to create file '/run/user/1000/dconf/user': Read-only file system.  dconf will not work properly.: 'glib warning', file /build/firefox-144.0/toolkit/xre/nsSigHandlers.cpp:201

(firefox:919466): dconf-CRITICAL **: 15:27:55.225: unable to create file '/run/user/1000/dconf/user': Read-only file system.  dconf will not work properly.
[Parent 919466, Main Thread] WARNING: unable to create file '/run/user/1000/dconf/user': Read-only file system.  dconf will not work properly.: 'glib warning', file /build/firefox-144.0/toolkit/xre/nsSigHandlers.cpp:201

(firefox:919466): dconf-CRITICAL **: 15:27:55.225: unable to create file '/run/user/1000/dconf/user': Read-only file system.  dconf will not work properly.
[Parent 919466, Main Thread] WARNING: unable to create file '/run/user/1000/dconf/user': Read-only file system.  dconf will not work properly.: 'glib warning', file /build/firefox-144.0/toolkit/xre/nsSigHandlers.cpp:201

(firefox:919466): dconf-CRITICAL **: 15:27:55.297: unable to create file '/run/user/1000/dconf/user': Read-only file system.  dconf will not work properly.
[Parent 919466, Main Thread] WARNING: unable to create file '/run/user/1000/dconf/user': Read-only file system.  dconf will not work properly.: 'glib warning', file /build/firefox-144.0/toolkit/xre/nsSigHandlers.cpp:201

(firefox:919466): dconf-CRITICAL **: 15:27:55.297: unable to create file '/run/user/1000/dconf/user': Read-only file system.  dconf will not work properly.
[Parent 919466, Main Thread] WARNING: unable to create file '/run/user/1000/dconf/user': Read-only file system.  dconf will not work properly.: 'glib warning', file /build/firefox-144.0/toolkit/xre/nsSigHandlers.cpp:201

(firefox:919466): dconf-CRITICAL **: 15:27:55.350: unable to create file '/run/user/1000/dconf/user': Read-only file system.  dconf will not work properly.
[Parent 919466, Main Thread] WARNING: unable to create file '/run/user/1000/dconf/user': Read-only file system.  dconf will not work properly.: 'glib warning', file /build/firefox-144.0/toolkit/xre/nsSigHandlers.cpp:201

(firefox:919466): dconf-CRITICAL **: 15:27:55.350: unable to create file '/run/user/1000/dconf/user': Read-only file system.  dconf will not work properly.
[Parent 919466, Main Thread] WARNING: unable to create file '/run/user/1000/dconf/user': Read-only file system.  dconf will not work properly.: 'glib warning', file /build/firefox-144.0/toolkit/xre/nsSigHandlers.cpp:201

(firefox:919466): dconf-CRITICAL **: 15:27:55.874: unable to create file '/run/user/1000/dconf/user': Read-only file system.  dconf will not work properly.
[Parent 919466, Main Thread] WARNING: unable to create file '/run/user/1000/dconf/user': Read-only file system.  dconf will not work properly.: 'glib warning', file /build/firefox-144.0/toolkit/xre/nsSigHandlers.cpp:201

(firefox:919466): dconf-CRITICAL **: 15:27:55.875: unable to create file '/run/user/1000/dconf/user': Read-only file system.  dconf will not work properly.
[Parent 919466, Main Thread] WARNING: unable to create file '/run/user/1000/dconf/user': Read-only file system.  dconf will not work properly.: 'glib warning', file /build/firefox-144.0/toolkit/xre/nsSigHandlers.cpp:201

(firefox:919466): dconf-CRITICAL **: 15:27:56.088: unable to create file '/run/user/1000/dconf/user': Read-only file system.  dconf will not work properly.
[Parent 919466, Main Thread] WARNING: unable to create file '/run/user/1000/dconf/user': Read-only file system.  dconf will not work properly.: 'glib warning', file /build/firefox-144.0/toolkit/xre/nsSigHandlers.cpp:201

(firefox:919466): dconf-CRITICAL **: 15:27:56.089: unable to create file '/run/user/1000/dconf/user': Read-only file system.  dconf will not work properly.
[Parent 919466, Main Thread] WARNING: unable to create file '/run/user/1000/dconf/user': Read-only file system.  dconf will not work properly.: 'glib warning', file /build/firefox-144.0/toolkit/xre/nsSigHandlers.cpp:201

(firefox:919466): dconf-CRITICAL **: 15:27:56.305: unable to create file '/run/user/1000/dconf/user': Read-only file system.  dconf will not work properly.
[Parent 919466, Main Thread] WARNING: unable to create file '/run/user/1000/dconf/user': Read-only file system.  dconf will not work properly.: 'glib warning', file /build/firefox-144.0/toolkit/xre/nsSigHandlers.cpp:201

(firefox:919466): dconf-CRITICAL **: 15:27:56.305: unable to create file '/run/user/1000/dconf/user': Read-only file system.  dconf will not work properly.
[Parent 919466, Main Thread] WARNING: unable to create file '/run/user/1000/dconf/user': Read-only file system.  dconf will not work properly.: 'glib warning', file /build/firefox-144.0/toolkit/xre/nsSigHandlers.cpp:201

(firefox:919466): dconf-CRITICAL **: 15:27:56.378: unable to create file '/run/user/1000/dconf/user': Read-only file system.  dconf will not work properly.
[Parent 919466, Main Thread] WARNING: unable to create file '/run/user/1000/dconf/user': Read-only file system.  dconf will not work properly.: 'glib warning', file /build/firefox-144.0/toolkit/xre/nsSigHandlers.cpp:201

(firefox:919466): dconf-CRITICAL **: 15:27:56.378: unable to create file '/run/user/1000/dconf/user': Read-only file system.  dconf will not work properly.
[Parent 919466, Main Thread] WARNING: unable to create file '/run/user/1000/dconf/user': Read-only file system.  dconf will not work properly.: 'glib warning', file /build/firefox-144.0/toolkit/xre/nsSigHandlers.cpp:201

(firefox:919466): dconf-CRITICAL **: 15:27:56.397: unable to create file '/run/user/1000/dconf/user': Read-only file system.  dconf will not work properly.
[Parent 919466, Main Thread] WARNING: unable to create file '/run/user/1000/dconf/user': Read-only file system.  dconf will not work properly.: 'glib warning', file /build/firefox-144.0/toolkit/xre/nsSigHandlers.cpp:201

(firefox:919466): dconf-CRITICAL **: 15:27:56.397: unable to create file '/run/user/1000/dconf/user': Read-only file system.  dconf will not work properly.
[Parent 919466, Main Thread] WARNING: unable to create file '/run/user/1000/dconf/user': Read-only file system.  dconf will not work properly.: 'glib warning', file /build/firefox-144.0/toolkit/xre/nsSigHandlers.cpp:201

(firefox:919466): dconf-CRITICAL **: 15:27:56.491: unable to create file '/run/user/1000/dconf/user': Read-only file system.  dconf will not work properly.
[Parent 919466, Main Thread] WARNING: unable to create file '/run/user/1000/dconf/user': Read-only file system.  dconf will not work properly.: 'glib warning', file /build/firefox-144.0/toolkit/xre/nsSigHandlers.cpp:201

(firefox:919466): dconf-CRITICAL **: 15:27:56.491: unable to create file '/run/user/1000/dconf/user': Read-only file system.  dconf will not work properly.
[Parent 919466, Main Thread] WARNING: unable to create file '/run/user/1000/dconf/user': Read-only file system.  dconf will not work properly.: 'glib warning', file /build/firefox-144.0/toolkit/xre/nsSigHandlers.cpp:201

(firefox:919466): dconf-CRITICAL **: 15:27:56.535: unable to create file '/run/user/1000/dconf/user': Read-only file system.  dconf will not work properly.
[Parent 919466, Main Thread] WARNING: unable to create file '/run/user/1000/dconf/user': Read-only file system.  dconf will not work properly.: 'glib warning', file /build/firefox-144.0/toolkit/xre/nsSigHandlers.cpp:201

(firefox:919466): dconf-CRITICAL **: 15:27:56.535: unable to create file '/run/user/1000/dconf/user': Read-only file system.  dconf will not work properly.
[Parent 919466, Main Thread] WARNING: unable to create file '/run/user/1000/dconf/user': Read-only file system.  dconf will not work properly.: 'glib warning', file /build/firefox-144.0/toolkit/xre/nsSigHandlers.cpp:201

(firefox:919466): dconf-CRITICAL **: 15:27:56.556: unable to create file '/run/user/1000/dconf/user': Read-only file system.  dconf will not work properly.
[Parent 919466, Main Thread] WARNING: unable to create file '/run/user/1000/dconf/user': Read-only file system.  dconf will not work properly.: 'glib warning', file /build/firefox-144.0/toolkit/xre/nsSigHandlers.cpp:201

(firefox:919466): dconf-CRITICAL **: 15:27:56.556: unable to create file '/run/user/1000/dconf/user': Read-only file system.  dconf will not work properly.
[Parent 919466, Main Thread] WARNING: unable to create file '/run/user/1000/dconf/user': Read-only file system.  dconf will not work properly.: 'glib warning', file /build/firefox-144.0/toolkit/xre/nsSigHandlers.cpp:201

(firefox:919466): dconf-CRITICAL **: 15:27:56.579: unable to create file '/run/user/1000/dconf/user': Read-only file system.  dconf will not work properly.
[Parent 919466, Main Thread] WARNING: unable to create file '/run/user/1000/dconf/user': Read-only file system.  dconf will not work properly.: 'glib warning', file /build/firefox-144.0/toolkit/xre/nsSigHandlers.cpp:201

(firefox:919466): dconf-CRITICAL **: 15:27:56.579: unable to create file '/run/user/1000/dconf/user': Read-only file system.  dconf will not work properly.
[Parent 919466, Main Thread] WARNING: unable to create file '/run/user/1000/dconf/user': Read-only file system.  dconf will not work properly.: 'glib warning', file /build/firefox-144.0/toolkit/xre/nsSigHandlers.cpp:201

(firefox:919466): dconf-CRITICAL **: 15:27:56.612: unable to create file '/run/user/1000/dconf/user': Read-only file system.  dconf will not work properly.
[Parent 919466, Main Thread] WARNING: unable to create file '/run/user/1000/dconf/user': Read-only file system.  dconf will not work properly.: 'glib warning', file /build/firefox-144.0/toolkit/xre/nsSigHandlers.cpp:201

(firefox:919466): dconf-CRITICAL **: 15:27:56.612: unable to create file '/run/user/1000/dconf/user': Read-only file system.  dconf will not work properly.
[Parent 919466, Main Thread] WARNING: unable to create file '/run/user/1000/dconf/user': Read-only file system.  dconf will not work properly.: 'glib warning', file /build/firefox-144.0/toolkit/xre/nsSigHandlers.cpp:201

(firefox:919466): dconf-CRITICAL **: 15:27:56.641: unable to create file '/run/user/1000/dconf/user': Read-only file system.  dconf will not work properly.
[Parent 919466, Main Thread] WARNING: unable to create file '/run/user/1000/dconf/user': Read-only file system.  dconf will not work properly.: 'glib warning', file /build/firefox-144.0/toolkit/xre/nsSigHandlers.cpp:201

(firefox:919466): dconf-CRITICAL **: 15:27:56.641: unable to create file '/run/user/1000/dconf/user': Read-only file system.  dconf will not work properly.
[Parent 919466, Main Thread] WARNING: unable to create file '/run/user/1000/dconf/user': Read-only file system.  dconf will not work properly.: 'glib warning', file /build/firefox-144.0/toolkit/xre/nsSigHandlers.cpp:201

(firefox:919466): dconf-CRITICAL **: 15:27:56.689: unable to create file '/run/user/1000/dconf/user': Read-only file system.  dconf will not work properly.
[Parent 919466, Main Thread] WARNING: unable to create file '/run/user/1000/dconf/user': Read-only file system.  dconf will not work properly.: 'glib warning', file /build/firefox-144.0/toolkit/xre/nsSigHandlers.cpp:201

(firefox:919466): dconf-CRITICAL **: 15:27:56.689: unable to create file '/run/user/1000/dconf/user': Read-only file system.  dconf will not work properly.
[Parent 919466, Main Thread] WARNING: unable to create file '/run/user/1000/dconf/user': Read-only file system.  dconf will not work properly.: 'glib warning', file /build/firefox-144.0/toolkit/xre/nsSigHandlers.cpp:201

(firefox:919466): dconf-CRITICAL **: 15:27:56.714: unable to create file '/run/user/1000/dconf/user': Read-only file system.  dconf will not work properly.
[Parent 919466, Main Thread] WARNING: unable to create file '/run/user/1000/dconf/user': Read-only file system.  dconf will not work properly.: 'glib warning', file /build/firefox-144.0/toolkit/xre/nsSigHandlers.cpp:201

(firefox:919466): dconf-CRITICAL **: 15:27:56.714: unable to create file '/run/user/1000/dconf/user': Read-only file system.  dconf will not work properly.
[Parent 919466, Main Thread] WARNING: unable to create file '/run/user/1000/dconf/user': Read-only file system.  dconf will not work properly.: 'glib warning', file /build/firefox-144.0/toolkit/xre/nsSigHandlers.cpp:201

(firefox:919466): dconf-CRITICAL **: 15:27:56.737: unable to create file '/run/user/1000/dconf/user': Read-only file system.  dconf will not work properly.
[Parent 919466, Main Thread] WARNING: unable to create file '/run/user/1000/dconf/user': Read-only file system.  dconf will not work properly.: 'glib warning', file /build/firefox-144.0/toolkit/xre/nsSigHandlers.cpp:201

(firefox:919466): dconf-CRITICAL **: 15:27:56.737: unable to create file '/run/user/1000/dconf/user': Read-only file system.  dconf will not work properly.
[Parent 919466, Main Thread] WARNING: unable to create file '/run/user/1000/dconf/user': Read-only file system.  dconf will not work properly.: 'glib warning', file /build/firefox-144.0/toolkit/xre/nsSigHandlers.cpp:201

(firefox:919466): dconf-CRITICAL **: 15:27:56.766: unable to create file '/run/user/1000/dconf/user': Read-only file system.  dconf will not work properly.
[Parent 919466, Main Thread] WARNING: unable to create file '/run/user/1000/dconf/user': Read-only file system.  dconf will not work properly.: 'glib warning', file /build/firefox-144.0/toolkit/xre/nsSigHandlers.cpp:201

(firefox:919466): dconf-CRITICAL **: 15:27:56.766: unable to create file '/run/user/1000/dconf/user': Read-only file system.  dconf will not work properly.
[Parent 919466, Main Thread] WARNING: unable to create file '/run/user/1000/dconf/user': Read-only file system.  dconf will not work properly.: 'glib warning', file /build/firefox-144.0/toolkit/xre/nsSigHandlers.cpp:201

(firefox:919466): dconf-CRITICAL **: 15:27:57.169: unable to create file '/run/user/1000/dconf/user': Read-only file system.  dconf will not work properly.
[Parent 919466, Main Thread] WARNING: unable to create file '/run/user/1000/dconf/user': Read-only file system.  dconf will not work properly.: 'glib warning', file /build/firefox-144.0/toolkit/xre/nsSigHandlers.cpp:201

(firefox:919466): dconf-CRITICAL **: 15:27:57.169: unable to create file '/run/user/1000/dconf/user': Read-only file system.  dconf will not work properly.
[Parent 919466, Main Thread] WARNING: unable to create file '/run/user/1000/dconf/user': Read-only file system.  dconf will not work properly.: 'glib warning', file /build/firefox-144.0/toolkit/xre/nsSigHandlers.cpp:201

(firefox:919466): dconf-CRITICAL **: 15:27:57.262: unable to create file '/run/user/1000/dconf/user': Read-only file system.  dconf will not work properly.
[Parent 919466, Main Thread] WARNING: unable to create file '/run/user/1000/dconf/user': Read-only file system.  dconf will not work properly.: 'glib warning', file /build/firefox-144.0/toolkit/xre/nsSigHandlers.cpp:201

(firefox:919466): dconf-CRITICAL **: 15:27:57.262: unable to create file '/run/user/1000/dconf/user': Read-only file system.  dconf will not work properly.
[Parent 919466, Main Thread] WARNING: unable to create file '/run/user/1000/dconf/user': Read-only file system.  dconf will not work properly.: 'glib warning', file /build/firefox-144.0/toolkit/xre/nsSigHandlers.cpp:201

(firefox:919466): dconf-CRITICAL **: 15:27:57.405: unable to create file '/run/user/1000/dconf/user': Read-only file system.  dconf will not work properly.
[Parent 919466, Main Thread] WARNING: unable to create file '/run/user/1000/dconf/user': Read-only file system.  dconf will not work properly.: 'glib warning', file /build/firefox-144.0/toolkit/xre/nsSigHandlers.cpp:201

(firefox:919466): dconf-CRITICAL **: 15:27:57.405: unable to create file '/run/user/1000/dconf/user': Read-only file system.  dconf will not work properly.
[Parent 919466, Main Thread] WARNING: unable to create file '/run/user/1000/dconf/user': Read-only file system.  dconf will not work properly.: 'glib warning', file /build/firefox-144.0/toolkit/xre/nsSigHandlers.cpp:201

(firefox:919466): dconf-CRITICAL **: 15:27:57.416: unable to create file '/run/user/1000/dconf/user': Read-only file system.  dconf will not work properly.
[Parent 919466, Main Thread] WARNING: unable to create file '/run/user/1000/dconf/user': Read-only file system.  dconf will not work properly.: 'glib warning', file /build/firefox-144.0/toolkit/xre/nsSigHandlers.cpp:201

(firefox:919466): dconf-CRITICAL **: 15:27:57.416: unable to create file '/run/user/1000/dconf/user': Read-only file system.  dconf will not work properly.
[Parent 919466, Main Thread] WARNING: unable to create file '/run/user/1000/dconf/user': Read-only file system.  dconf will not work properly.: 'glib warning', file /build/firefox-144.0/toolkit/xre/nsSigHandlers.cpp:201

(firefox:919466): dconf-CRITICAL **: 15:27:57.563: unable to create file '/run/user/1000/dconf/user': Read-only file system.  dconf will not work properly.
[Parent 919466, Main Thread] WARNING: unable to create file '/run/user/1000/dconf/user': Read-only file system.  dconf will not work properly.: 'glib warning', file /build/firefox-144.0/toolkit/xre/nsSigHandlers.cpp:201

(firefox:919466): dconf-CRITICAL **: 15:27:57.563: unable to create file '/run/user/1000/dconf/user': Read-only file system.  dconf will not work properly.
[Parent 919466, Main Thread] WARNING: unable to create file '/run/user/1000/dconf/user': Read-only file system.  dconf will not work properly.: 'glib warning', file /build/firefox-144.0/toolkit/xre/nsSigHandlers.cpp:201

(firefox:919466): dconf-CRITICAL **: 15:27:57.595: unable to create file '/run/user/1000/dconf/user': Read-only file system.  dconf will not work properly.
[Parent 919466, Main Thread] WARNING: unable to create file '/run/user/1000/dconf/user': Read-only file system.  dconf will not work properly.: 'glib warning', file /build/firefox-144.0/toolkit/xre/nsSigHandlers.cpp:201

(firefox:919466): dconf-CRITICAL **: 15:27:57.595: unable to create file '/run/user/1000/dconf/user': Read-only file system.  dconf will not work properly.
[Parent 919466, Main Thread] WARNING: unable to create file '/run/user/1000/dconf/user': Read-only file system.  dconf will not work properly.: 'glib warning', file /build/firefox-144.0/toolkit/xre/nsSigHandlers.cpp:201

(firefox:919466): dconf-CRITICAL **: 15:27:57.616: unable to create file '/run/user/1000/dconf/user': Read-only file system.  dconf will not work properly.
[Parent 919466, Main Thread] WARNING: unable to create file '/run/user/1000/dconf/user': Read-only file system.  dconf will not work properly.: 'glib warning', file /build/firefox-144.0/toolkit/xre/nsSigHandlers.cpp:201

(firefox:919466): dconf-CRITICAL **: 15:27:57.616: unable to create file '/run/user/1000/dconf/user': Read-only file system.  dconf will not work properly.
[Parent 919466, Main Thread] WARNING: unable to create file '/run/user/1000/dconf/user': Read-only file system.  dconf will not work properly.: 'glib warning', file /build/firefox-144.0/toolkit/xre/nsSigHandlers.cpp:201

(firefox:919466): dconf-CRITICAL **: 15:27:57.626: unable to create file '/run/user/1000/dconf/user': Read-only file system.  dconf will not work properly.
[Parent 919466, Main Thread] WARNING: unable to create file '/run/user/1000/dconf/user': Read-only file system.  dconf will not work properly.: 'glib warning', file /build/firefox-144.0/toolkit/xre/nsSigHandlers.cpp:201

(firefox:919466): dconf-CRITICAL **: 15:27:57.626: unable to create file '/run/user/1000/dconf/user': Read-only file system.  dconf will not work properly.
[Parent 919466, Main Thread] WARNING: unable to create file '/run/user/1000/dconf/user': Read-only file system.  dconf will not work properly.: 'glib warning', file /build/firefox-144.0/toolkit/xre/nsSigHandlers.cpp:201

(firefox:919466): dconf-CRITICAL **: 15:27:57.674: unable to create file '/run/user/1000/dconf/user': Read-only file system.  dconf will not work properly.
[Parent 919466, Main Thread] WARNING: unable to create file '/run/user/1000/dconf/user': Read-only file system.  dconf will not work properly.: 'glib warning', file /build/firefox-144.0/toolkit/xre/nsSigHandlers.cpp:201

(firefox:919466): dconf-CRITICAL **: 15:27:57.674: unable to create file '/run/user/1000/dconf/user': Read-only file system.  dconf will not work properly.
[Parent 919466, Main Thread] WARNING: unable to create file '/run/user/1000/dconf/user': Read-only file system.  dconf will not work properly.: 'glib warning', file /build/firefox-144.0/toolkit/xre/nsSigHandlers.cpp:201

(firefox:919466): dconf-CRITICAL **: 15:27:57.701: unable to create file '/run/user/1000/dconf/user': Read-only file system.  dconf will not work properly.
[Parent 919466, Main Thread] WARNING: unable to create file '/run/user/1000/dconf/user': Read-only file system.  dconf will not work properly.: 'glib warning', file /build/firefox-144.0/toolkit/xre/nsSigHandlers.cpp:201

(firefox:919466): dconf-CRITICAL **: 15:27:57.701: unable to create file '/run/user/1000/dconf/user': Read-only file system.  dconf will not work properly.
[Parent 919466, Main Thread] WARNING: unable to create file '/run/user/1000/dconf/user': Read-only file system.  dconf will not work properly.: 'glib warning', file /build/firefox-144.0/toolkit/xre/nsSigHandlers.cpp:201

(firefox:919466): dconf-CRITICAL **: 15:27:57.713: unable to create file '/run/user/1000/dconf/user': Read-only file system.  dconf will not work properly.
[Parent 919466, Main Thread] WARNING: unable to create file '/run/user/1000/dconf/user': Read-only file system.  dconf will not work properly.: 'glib warning', file /build/firefox-144.0/toolkit/xre/nsSigHandlers.cpp:201

(firefox:919466): dconf-CRITICAL **: 15:27:57.713: unable to create file '/run/user/1000/dconf/user': Read-only file system.  dconf will not work properly.
[Parent 919466, Main Thread] WARNING: unable to create file '/run/user/1000/dconf/user': Read-only file system.  dconf will not work properly.: 'glib warning', file /build/firefox-144.0/toolkit/xre/nsSigHandlers.cpp:201

(firefox:919466): dconf-CRITICAL **: 15:27:57.747: unable to create file '/run/user/1000/dconf/user': Read-only file system.  dconf will not work properly.
[Parent 919466, Main Thread] WARNING: unable to create file '/run/user/1000/dconf/user': Read-only file system.  dconf will not work properly.: 'glib warning', file /build/firefox-144.0/toolkit/xre/nsSigHandlers.cpp:201

(firefox:919466): dconf-CRITICAL **: 15:27:57.747: unable to create file '/run/user/1000/dconf/user': Read-only file system.  dconf will not work properly.
[Parent 919466, Main Thread] WARNING: unable to create file '/run/user/1000/dconf/user': Read-only file system.  dconf will not work properly.: 'glib warning', file /build/firefox-144.0/toolkit/xre/nsSigHandlers.cpp:201

(firefox:919466): dconf-CRITICAL **: 15:27:57.756: unable to create file '/run/user/1000/dconf/user': Read-only file system.  dconf will not work properly.
[Parent 919466, Main Thread] WARNING: unable to create file '/run/user/1000/dconf/user': Read-only file system.  dconf will not work properly.: 'glib warning', file /build/firefox-144.0/toolkit/xre/nsSigHandlers.cpp:201

(firefox:919466): dconf-CRITICAL **: 15:27:57.756: unable to create file '/run/user/1000/dconf/user': Read-only file system.  dconf will not work properly.
[Parent 919466, Main Thread] WARNING: unable to create file '/run/user/1000/dconf/user': Read-only file system.  dconf will not work properly.: 'glib warning', file /build/firefox-144.0/toolkit/xre/nsSigHandlers.cpp:201

(firefox:919466): dconf-CRITICAL **: 15:27:57.781: unable to create file '/run/user/1000/dconf/user': Read-only file system.  dconf will not work properly.
[Parent 919466, Main Thread] WARNING: unable to create file '/run/user/1000/dconf/user': Read-only file system.  dconf will not work properly.: 'glib warning', file /build/firefox-144.0/toolkit/xre/nsSigHandlers.cpp:201

(firefox:919466): dconf-CRITICAL **: 15:27:57.781: unable to create file '/run/user/1000/dconf/user': Read-only file system.  dconf will not work properly.
[Parent 919466, Main Thread] WARNING: unable to create file '/run/user/1000/dconf/user': Read-only file system.  dconf will not work properly.: 'glib warning', file /build/firefox-144.0/toolkit/xre/nsSigHandlers.cpp:201

(firefox:919466): dconf-CRITICAL **: 15:27:57.822: unable to create file '/run/user/1000/dconf/user': Read-only file system.  dconf will not work properly.
[Parent 919466, Main Thread] WARNING: unable to create file '/run/user/1000/dconf/user': Read-only file system.  dconf will not work properly.: 'glib warning', file /build/firefox-144.0/toolkit/xre/nsSigHandlers.cpp:201

(firefox:919466): dconf-CRITICAL **: 15:27:57.822: unable to create file '/run/user/1000/dconf/user': Read-only file system.  dconf will not work properly.
[Parent 919466, Main Thread] WARNING: unable to create file '/run/user/1000/dconf/user': Read-only file system.  dconf will not work properly.: 'glib warning', file /build/firefox-144.0/toolkit/xre/nsSigHandlers.cpp:201

(firefox:919466): dconf-CRITICAL **: 15:27:57.865: unable to create file '/run/user/1000/dconf/user': Read-only file system.  dconf will not work properly.
[Parent 919466, Main Thread] WARNING: unable to create file '/run/user/1000/dconf/user': Read-only file system.  dconf will not work properly.: 'glib warning', file /build/firefox-144.0/toolkit/xre/nsSigHandlers.cpp:201

(firefox:919466): dconf-CRITICAL **: 15:27:57.866: unable to create file '/run/user/1000/dconf/user': Read-only file system.  dconf will not work properly.
[Parent 919466, Main Thread] WARNING: unable to create file '/run/user/1000/dconf/user': Read-only file system.  dconf will not work properly.: 'glib warning', file /build/firefox-144.0/toolkit/xre/nsSigHandlers.cpp:201

(firefox:919466): dconf-CRITICAL **: 15:27:57.898: unable to create file '/run/user/1000/dconf/user': Read-only file system.  dconf will not work properly.
[Parent 919466, Main Thread] WARNING: unable to create file '/run/user/1000/dconf/user': Read-only file system.  dconf will not work properly.: 'glib warning', file /build/firefox-144.0/toolkit/xre/nsSigHandlers.cpp:201

(firefox:919466): dconf-CRITICAL **: 15:27:57.898: unable to create file '/run/user/1000/dconf/user': Read-only file system.  dconf will not work properly.
[Parent 919466, Main Thread] WARNING: unable to create file '/run/user/1000/dconf/user': Read-only file system.  dconf will not work properly.: 'glib warning', file /build/firefox-144.0/toolkit/xre/nsSigHandlers.cpp:201

(firefox:919466): dconf-CRITICAL **: 15:27:57.928: unable to create file '/run/user/1000/dconf/user': Read-only file system.  dconf will not work properly.
[Parent 919466, Main Thread] WARNING: unable to create file '/run/user/1000/dconf/user': Read-only file system.  dconf will not work properly.: 'glib warning', file /build/firefox-144.0/toolkit/xre/nsSigHandlers.cpp:201

(firefox:919466): dconf-CRITICAL **: 15:27:57.928: unable to create file '/run/user/1000/dconf/user': Read-only file system.  dconf will not work properly.
[Parent 919466, Main Thread] WARNING: unable to create file '/run/user/1000/dconf/user': Read-only file system.  dconf will not work properly.: 'glib warning', file /build/firefox-144.0/toolkit/xre/nsSigHandlers.cpp:201

(firefox:919466): dconf-CRITICAL **: 15:27:58.031: unable to create file '/run/user/1000/dconf/user': Read-only file system.  dconf will not work properly.
[Parent 919466, Main Thread] WARNING: unable to create file '/run/user/1000/dconf/user': Read-only file system.  dconf will not work properly.: 'glib warning', file /build/firefox-144.0/toolkit/xre/nsSigHandlers.cpp:201

(firefox:919466): dconf-CRITICAL **: 15:27:58.031: unable to create file '/run/user/1000/dconf/user': Read-only file system.  dconf will not work properly.
[Parent 919466, Main Thread] WARNING: unable to create file '/run/user/1000/dconf/user': Read-only file system.  dconf will not work properly.: 'glib warning', file /build/firefox-144.0/toolkit/xre/nsSigHandlers.cpp:201

(firefox:919466): dconf-CRITICAL **: 15:27:58.076: unable to create file '/run/user/1000/dconf/user': Read-only file system.  dconf will not work properly.
[Parent 919466, Main Thread] WARNING: unable to create file '/run/user/1000/dconf/user': Read-only file system.  dconf will not work properly.: 'glib warning', file /build/firefox-144.0/toolkit/xre/nsSigHandlers.cpp:201

(firefox:919466): dconf-CRITICAL **: 15:27:58.076: unable to create file '/run/user/1000/dconf/user': Read-only file system.  dconf will not work properly.
[Parent 919466, Main Thread] WARNING: unable to create file '/run/user/1000/dconf/user': Read-only file system.  dconf will not work properly.: 'glib warning', file /build/firefox-144.0/toolkit/xre/nsSigHandlers.cpp:201

(firefox:919466): dconf-CRITICAL **: 15:27:58.093: unable to create file '/run/user/1000/dconf/user': Read-only file system.  dconf will not work properly.
[Parent 919466, Main Thread] WARNING: unable to create file '/run/user/1000/dconf/user': Read-only file system.  dconf will not work properly.: 'glib warning', file /build/firefox-144.0/toolkit/xre/nsSigHandlers.cpp:201

(firefox:919466): dconf-CRITICAL **: 15:27:58.093: unable to create file '/run/user/1000/dconf/user': Read-only file system.  dconf will not work properly.
[Parent 919466, Main Thread] WARNING: unable to create file '/run/user/1000/dconf/user': Read-only file system.  dconf will not work properly.: 'glib warning', file /build/firefox-144.0/toolkit/xre/nsSigHandlers.cpp:201

(firefox:919466): dconf-CRITICAL **: 15:27:58.115: unable to create file '/run/user/1000/dconf/user': Read-only file system.  dconf will not work properly.
[Parent 919466, Main Thread] WARNING: unable to create file '/run/user/1000/dconf/user': Read-only file system.  dconf will not work properly.: 'glib warning', file /build/firefox-144.0/toolkit/xre/nsSigHandlers.cpp:201

(firefox:919466): dconf-CRITICAL **: 15:27:58.115: unable to create file '/run/user/1000/dconf/user': Read-only file system.  dconf will not work properly.
[Parent 919466, Main Thread] WARNING: unable to create file '/run/user/1000/dconf/user': Read-only file system.  dconf will not work properly.: 'glib warning', file /build/firefox-144.0/toolkit/xre/nsSigHandlers.cpp:201

(firefox:919466): dconf-CRITICAL **: 15:27:58.159: unable to create file '/run/user/1000/dconf/user': Read-only file system.  dconf will not work properly.
[Parent 919466, Main Thread] WARNING: unable to create file '/run/user/1000/dconf/user': Read-only file system.  dconf will not work properly.: 'glib warning', file /build/firefox-144.0/toolkit/xre/nsSigHandlers.cpp:201

(firefox:919466): dconf-CRITICAL **: 15:27:58.159: unable to create file '/run/user/1000/dconf/user': Read-only file system.  dconf will not work properly.
[Parent 919466, Main Thread] WARNING: unable to create file '/run/user/1000/dconf/user': Read-only file system.  dconf will not work properly.: 'glib warning', file /build/firefox-144.0/toolkit/xre/nsSigHandlers.cpp:201

(firefox:919466): dconf-CRITICAL **: 15:27:58.199: unable to create file '/run/user/1000/dconf/user': Read-only file system.  dconf will not work properly.
[Parent 919466, Main Thread] WARNING: unable to create file '/run/user/1000/dconf/user': Read-only file system.  dconf will not work properly.: 'glib warning', file /build/firefox-144.0/toolkit/xre/nsSigHandlers.cpp:201

(firefox:919466): dconf-CRITICAL **: 15:27:58.199: unable to create file '/run/user/1000/dconf/user': Read-only file system.  dconf will not work properly.
[Parent 919466, Main Thread] WARNING: unable to create file '/run/user/1000/dconf/user': Read-only file system.  dconf will not work properly.: 'glib warning', file /build/firefox-144.0/toolkit/xre/nsSigHandlers.cpp:201

(firefox:919466): dconf-CRITICAL **: 15:27:58.226: unable to create file '/run/user/1000/dconf/user': Read-only file system.  dconf will not work properly.
[Parent 919466, Main Thread] WARNING: unable to create file '/run/user/1000/dconf/user': Read-only file system.  dconf will not work properly.: 'glib warning', file /build/firefox-144.0/toolkit/xre/nsSigHandlers.cpp:201

(firefox:919466): dconf-CRITICAL **: 15:27:58.226: unable to create file '/run/user/1000/dconf/user': Read-only file system.  dconf will not work properly.
[Parent 919466, Main Thread] WARNING: unable to create file '/run/user/1000/dconf/user': Read-only file system.  dconf will not work properly.: 'glib warning', file /build/firefox-144.0/toolkit/xre/nsSigHandlers.cpp:201

(firefox:919466): dconf-CRITICAL **: 15:27:58.249: unable to create file '/run/user/1000/dconf/user': Read-only file system.  dconf will not work properly.
[Parent 919466, Main Thread] WARNING: unable to create file '/run/user/1000/dconf/user': Read-only file system.  dconf will not work properly.: 'glib warning', file /build/firefox-144.0/toolkit/xre/nsSigHandlers.cpp:201

(firefox:919466): dconf-CRITICAL **: 15:27:58.249: unable to create file '/run/user/1000/dconf/user': Read-only file system.  dconf will not work properly.
[Parent 919466, Main Thread] WARNING: unable to create file '/run/user/1000/dconf/user': Read-only file system.  dconf will not work properly.: 'glib warning', file /build/firefox-144.0/toolkit/xre/nsSigHandlers.cpp:201

(firefox:919466): dconf-CRITICAL **: 15:27:58.410: unable to create file '/run/user/1000/dconf/user': Read-only file system.  dconf will not work properly.
[Parent 919466, Main Thread] WARNING: unable to create file '/run/user/1000/dconf/user': Read-only file system.  dconf will not work properly.: 'glib warning', file /build/firefox-144.0/toolkit/xre/nsSigHandlers.cpp:201

(firefox:919466): dconf-CRITICAL **: 15:27:58.410: unable to create file '/run/user/1000/dconf/user': Read-only file system.  dconf will not work properly.
[Parent 919466, Main Thread] WARNING: unable to create file '/run/user/1000/dconf/user': Read-only file system.  dconf will not work properly.: 'glib warning', file /build/firefox-144.0/toolkit/xre/nsSigHandlers.cpp:201

(firefox:919466): dconf-CRITICAL **: 15:27:58.449: unable to create file '/run/user/1000/dconf/user': Read-only file system.  dconf will not work properly.
[Parent 919466, Main Thread] WARNING: unable to create file '/run/user/1000/dconf/user': Read-only file system.  dconf will not work properly.: 'glib warning', file /build/firefox-144.0/toolkit/xre/nsSigHandlers.cpp:201

(firefox:919466): dconf-CRITICAL **: 15:27:58.449: unable to create file '/run/user/1000/dconf/user': Read-only file system.  dconf will not work properly.
[Parent 919466, Main Thread] WARNING: unable to create file '/run/user/1000/dconf/user': Read-only file system.  dconf will not work properly.: 'glib warning', file /build/firefox-144.0/toolkit/xre/nsSigHandlers.cpp:201

(firefox:919466): dconf-CRITICAL **: 15:27:58.471: unable to create file '/run/user/1000/dconf/user': Read-only file system.  dconf will not work properly.
[Parent 919466, Main Thread] WARNING: unable to create file '/run/user/1000/dconf/user': Read-only file system.  dconf will not work properly.: 'glib warning', file /build/firefox-144.0/toolkit/xre/nsSigHandlers.cpp:201

(firefox:919466): dconf-CRITICAL **: 15:27:58.471: unable to create file '/run/user/1000/dconf/user': Read-only file system.  dconf will not work properly.
[Parent 919466, Main Thread] WARNING: unable to create file '/run/user/1000/dconf/user': Read-only file system.  dconf will not work properly.: 'glib warning', file /build/firefox-144.0/toolkit/xre/nsSigHandlers.cpp:201

(firefox:919466): dconf-CRITICAL **: 15:27:58.482: unable to create file '/run/user/1000/dconf/user': Read-only file system.  dconf will not work properly.
[Parent 919466, Main Thread] WARNING: unable to create file '/run/user/1000/dconf/user': Read-only file system.  dconf will not work properly.: 'glib warning', file /build/firefox-144.0/toolkit/xre/nsSigHandlers.cpp:201

(firefox:919466): dconf-CRITICAL **: 15:27:58.482: unable to create file '/run/user/1000/dconf/user': Read-only file system.  dconf will not work properly.
[Parent 919466, Main Thread] WARNING: unable to create file '/run/user/1000/dconf/user': Read-only file system.  dconf will not work properly.: 'glib warning', file /build/firefox-144.0/toolkit/xre/nsSigHandlers.cpp:201

(firefox:919466): dconf-CRITICAL **: 15:27:58.502: unable to create file '/run/user/1000/dconf/user': Read-only file system.  dconf will not work properly.
[Parent 919466, Main Thread] WARNING: unable to create file '/run/user/1000/dconf/user': Read-only file system.  dconf will not work properly.: 'glib warning', file /build/firefox-144.0/toolkit/xre/nsSigHandlers.cpp:201

(firefox:919466): dconf-CRITICAL **: 15:27:58.502: unable to create file '/run/user/1000/dconf/user': Read-only file system.  dconf will not work properly.
[Parent 919466, Main Thread] WARNING: unable to create file '/run/user/1000/dconf/user': Read-only file system.  dconf will not work properly.: 'glib warning', file /build/firefox-144.0/toolkit/xre/nsSigHandlers.cpp:201

(firefox:919466): dconf-CRITICAL **: 15:27:58.531: unable to create file '/run/user/1000/dconf/user': Read-only file system.  dconf will not work properly.
[Parent 919466, Main Thread] WARNING: unable to create file '/run/user/1000/dconf/user': Read-only file system.  dconf will not work properly.: 'glib warning', file /build/firefox-144.0/toolkit/xre/nsSigHandlers.cpp:201

(firefox:919466): dconf-CRITICAL **: 15:27:58.531: unable to create file '/run/user/1000/dconf/user': Read-only file system.  dconf will not work properly.
[Parent 919466, Main Thread] WARNING: unable to create file '/run/user/1000/dconf/user': Read-only file system.  dconf will not work properly.: 'glib warning', file /build/firefox-144.0/toolkit/xre/nsSigHandlers.cpp:201

(firefox:919466): dconf-CRITICAL **: 15:27:58.551: unable to create file '/run/user/1000/dconf/user': Read-only file system.  dconf will not work properly.
[Parent 919466, Main Thread] WARNING: unable to create file '/run/user/1000/dconf/user': Read-only file system.  dconf will not work properly.: 'glib warning', file /build/firefox-144.0/toolkit/xre/nsSigHandlers.cpp:201

(firefox:919466): dconf-CRITICAL **: 15:27:58.551: unable to create file '/run/user/1000/dconf/user': Read-only file system.  dconf will not work properly.
[Parent 919466, Main Thread] WARNING: unable to create file '/run/user/1000/dconf/user': Read-only file system.  dconf will not work properly.: 'glib warning', file /build/firefox-144.0/toolkit/xre/nsSigHandlers.cpp:201

(firefox:919466): dconf-CRITICAL **: 15:27:58.551: unable to create file '/run/user/1000/dconf/user': Read-only file system.  dconf will not work properly.
[Parent 919466, Main Thread] WARNING: unable to create file '/run/user/1000/dconf/user': Read-only file system.  dconf will not work properly.: 'glib warning', file /build/firefox-144.0/toolkit/xre/nsSigHandlers.cpp:201

(firefox:919466): dconf-CRITICAL **: 15:27:58.551: unable to create file '/run/user/1000/dconf/user': Read-only file system.  dconf will not work properly.
console.warn: "[web-runtime] connection lost, retry #7"
[Parent 919466, Main Thread] WARNING: unable to create file '/run/user/1000/dconf/user': Read-only file system.  dconf will not work properly.: 'glib warning', file /build/firefox-144.0/toolkit/xre/nsSigHandlers.cpp:201

(firefox:919466): dconf-CRITICAL **: 15:27:58.597: unable to create file '/run/user/1000/dconf/user': Read-only file system.  dconf will not work properly.
[Parent 919466, Main Thread] WARNING: unable to create file '/run/user/1000/dconf/user': Read-only file system.  dconf will not work properly.: 'glib warning', file /build/firefox-144.0/toolkit/xre/nsSigHandlers.cpp:201

(firefox:919466): dconf-CRITICAL **: 15:27:58.597: unable to create file '/run/user/1000/dconf/user': Read-only file system.  dconf will not work properly.
[Parent 919466, Main Thread] WARNING: unable to create file '/run/user/1000/dconf/user': Read-only file system.  dconf will not work properly.: 'glib warning', file /build/firefox-144.0/toolkit/xre/nsSigHandlers.cpp:201

(firefox:919466): dconf-CRITICAL **: 15:27:58.632: unable to create file '/run/user/1000/dconf/user': Read-only file system.  dconf will not work properly.
[Parent 919466, Main Thread] WARNING: unable to create file '/run/user/1000/dconf/user': Read-only file system.  dconf will not work properly.: 'glib warning', file /build/firefox-144.0/toolkit/xre/nsSigHandlers.cpp:201

(firefox:919466): dconf-CRITICAL **: 15:27:58.633: unable to create file '/run/user/1000/dconf/user': Read-only file system.  dconf will not work properly.
[Parent 919466, Main Thread] WARNING: unable to create file '/run/user/1000/dconf/user': Read-only file system.  dconf will not work properly.: 'glib warning', file /build/firefox-144.0/toolkit/xre/nsSigHandlers.cpp:201

(firefox:919466): dconf-CRITICAL **: 15:27:58.652: unable to create file '/run/user/1000/dconf/user': Read-only file system.  dconf will not work properly.
[Parent 919466, Main Thread] WARNING: unable to create file '/run/user/1000/dconf/user': Read-only file system.  dconf will not work properly.: 'glib warning', file /build/firefox-144.0/toolkit/xre/nsSigHandlers.cpp:201

(firefox:919466): dconf-CRITICAL **: 15:27:58.652: unable to create file '/run/user/1000/dconf/user': Read-only file system.  dconf will not work properly.
[Parent 919466, Main Thread] WARNING: unable to create file '/run/user/1000/dconf/user': Read-only file system.  dconf will not work properly.: 'glib warning', file /build/firefox-144.0/toolkit/xre/nsSigHandlers.cpp:201

(firefox:919466): dconf-CRITICAL **: 15:27:58.663: unable to create file '/run/user/1000/dconf/user': Read-only file system.  dconf will not work properly.
[Parent 919466, Main Thread] WARNING: unable to create file '/run/user/1000/dconf/user': Read-only file system.  dconf will not work properly.: 'glib warning', file /build/firefox-144.0/toolkit/xre/nsSigHandlers.cpp:201

(firefox:919466): dconf-CRITICAL **: 15:27:58.663: unable to create file '/run/user/1000/dconf/user': Read-only file system.  dconf will not work properly.
[Parent 919466, Main Thread] WARNING: unable to create file '/run/user/1000/dconf/user': Read-only file system.  dconf will not work properly.: 'glib warning', file /build/firefox-144.0/toolkit/xre/nsSigHandlers.cpp:201

(firefox:919466): dconf-CRITICAL **: 15:27:58.681: unable to create file '/run/user/1000/dconf/user': Read-only file system.  dconf will not work properly.
[Parent 919466, Main Thread] WARNING: unable to create file '/run/user/1000/dconf/user': Read-only file system.  dconf will not work properly.: 'glib warning', file /build/firefox-144.0/toolkit/xre/nsSigHandlers.cpp:201

(firefox:919466): dconf-CRITICAL **: 15:27:58.681: unable to create file '/run/user/1000/dconf/user': Read-only file system.  dconf will not work properly.
[Parent 919466, Main Thread] WARNING: unable to create file '/run/user/1000/dconf/user': Read-only file system.  dconf will not work properly.: 'glib warning', file /build/firefox-144.0/toolkit/xre/nsSigHandlers.cpp:201

(firefox:919466): dconf-CRITICAL **: 15:27:58.711: unable to create file '/run/user/1000/dconf/user': Read-only file system.  dconf will not work properly.
[Parent 919466, Main Thread] WARNING: unable to create file '/run/user/1000/dconf/user': Read-only file system.  dconf will not work properly.: 'glib warning', file /build/firefox-144.0/toolkit/xre/nsSigHandlers.cpp:201

(firefox:919466): dconf-CRITICAL **: 15:27:58.711: unable to create file '/run/user/1000/dconf/user': Read-only file system.  dconf will not work properly.
[Parent 919466, Main Thread] WARNING: unable to create file '/run/user/1000/dconf/user': Read-only file system.  dconf will not work properly.: 'glib warning', file /build/firefox-144.0/toolkit/xre/nsSigHandlers.cpp:201

(firefox:919466): dconf-CRITICAL **: 15:27:58.780: unable to create file '/run/user/1000/dconf/user': Read-only file system.  dconf will not work properly.
[Parent 919466, Main Thread] WARNING: unable to create file '/run/user/1000/dconf/user': Read-only file system.  dconf will not work properly.: 'glib warning', file /build/firefox-144.0/toolkit/xre/nsSigHandlers.cpp:201

(firefox:919466): dconf-CRITICAL **: 15:27:58.780: unable to create file '/run/user/1000/dconf/user': Read-only file system.  dconf will not work properly.
[Parent 919466, Main Thread] WARNING: unable to create file '/run/user/1000/dconf/user': Read-only file system.  dconf will not work properly.: 'glib warning', file /build/firefox-144.0/toolkit/xre/nsSigHandlers.cpp:201

(firefox:919466): dconf-CRITICAL **: 15:27:58.787: unable to create file '/run/user/1000/dconf/user': Read-only file system.  dconf will not work properly.
[Parent 919466, Main Thread] WARNING: unable to create file '/run/user/1000/dconf/user': Read-only file system.  dconf will not work properly.: 'glib warning', file /build/firefox-144.0/toolkit/xre/nsSigHandlers.cpp:201

(firefox:919466): dconf-CRITICAL **: 15:27:58.787: unable to create file '/run/user/1000/dconf/user': Read-only file system.  dconf will not work properly.
[Parent 919466, Main Thread] WARNING: unable to create file '/run/user/1000/dconf/user': Read-only file system.  dconf will not work properly.: 'glib warning', file /build/firefox-144.0/toolkit/xre/nsSigHandlers.cpp:201

(firefox:919466): dconf-CRITICAL **: 15:27:59.070: unable to create file '/run/user/1000/dconf/user': Read-only file system.  dconf will not work properly.
[Parent 919466, Main Thread] WARNING: unable to create file '/run/user/1000/dconf/user': Read-only file system.  dconf will not work properly.: 'glib warning', file /build/firefox-144.0/toolkit/xre/nsSigHandlers.cpp:201

(firefox:919466): dconf-CRITICAL **: 15:27:59.070: unable to create file '/run/user/1000/dconf/user': Read-only file system.  dconf will not work properly.
[Parent 919466, Main Thread] WARNING: unable to create file '/run/user/1000/dconf/user': Read-only file system.  dconf will not work properly.: 'glib warning', file /build/firefox-144.0/toolkit/xre/nsSigHandlers.cpp:201

(firefox:919466): dconf-CRITICAL **: 15:27:59.091: unable to create file '/run/user/1000/dconf/user': Read-only file system.  dconf will not work properly.
[Parent 919466, Main Thread] WARNING: unable to create file '/run/user/1000/dconf/user': Read-only file system.  dconf will not work properly.: 'glib warning', file /build/firefox-144.0/toolkit/xre/nsSigHandlers.cpp:201

(firefox:919466): dconf-CRITICAL **: 15:27:59.091: unable to create file '/run/user/1000/dconf/user': Read-only file system.  dconf will not work properly.
[Parent 919466, Main Thread] WARNING: unable to create file '/run/user/1000/dconf/user': Read-only file system.  dconf will not work properly.: 'glib warning', file /build/firefox-144.0/toolkit/xre/nsSigHandlers.cpp:201

(firefox:919466): dconf-CRITICAL **: 15:27:59.117: unable to create file '/run/user/1000/dconf/user': Read-only file system.  dconf will not work properly.
[Parent 919466, Main Thread] WARNING: unable to create file '/run/user/1000/dconf/user': Read-only file system.  dconf will not work properly.: 'glib warning', file /build/firefox-144.0/toolkit/xre/nsSigHandlers.cpp:201

(firefox:919466): dconf-CRITICAL **: 15:27:59.117: unable to create file '/run/user/1000/dconf/user': Read-only file system.  dconf will not work properly.
[Parent 919466, Main Thread] WARNING: unable to create file '/run/user/1000/dconf/user': Read-only file system.  dconf will not work properly.: 'glib warning', file /build/firefox-144.0/toolkit/xre/nsSigHandlers.cpp:201

(firefox:919466): dconf-CRITICAL **: 15:27:59.135: unable to create file '/run/user/1000/dconf/user': Read-only file system.  dconf will not work properly.
[Parent 919466, Main Thread] WARNING: unable to create file '/run/user/1000/dconf/user': Read-only file system.  dconf will not work properly.: 'glib warning', file /build/firefox-144.0/toolkit/xre/nsSigHandlers.cpp:201

(firefox:919466): dconf-CRITICAL **: 15:27:59.135: unable to create file '/run/user/1000/dconf/user': Read-only file system.  dconf will not work properly.
[Parent 919466, Main Thread] WARNING: unable to create file '/run/user/1000/dconf/user': Read-only file system.  dconf will not work properly.: 'glib warning', file /build/firefox-144.0/toolkit/xre/nsSigHandlers.cpp:201

(firefox:919466): dconf-CRITICAL **: 15:27:59.153: unable to create file '/run/user/1000/dconf/user': Read-only file system.  dconf will not work properly.
[Parent 919466, Main Thread] WARNING: unable to create file '/run/user/1000/dconf/user': Read-only file system.  dconf will not work properly.: 'glib warning', file /build/firefox-144.0/toolkit/xre/nsSigHandlers.cpp:201

(firefox:919466): dconf-CRITICAL **: 15:27:59.153: unable to create file '/run/user/1000/dconf/user': Read-only file system.  dconf will not work properly.
[Parent 919466, Main Thread] WARNING: unable to create file '/run/user/1000/dconf/user': Read-only file system.  dconf will not work properly.: 'glib warning', file /build/firefox-144.0/toolkit/xre/nsSigHandlers.cpp:201

(firefox:919466): dconf-CRITICAL **: 15:27:59.171: unable to create file '/run/user/1000/dconf/user': Read-only file system.  dconf will not work properly.
[Parent 919466, Main Thread] WARNING: unable to create file '/run/user/1000/dconf/user': Read-only file system.  dconf will not work properly.: 'glib warning', file /build/firefox-144.0/toolkit/xre/nsSigHandlers.cpp:201

(firefox:919466): dconf-CRITICAL **: 15:27:59.171: unable to create file '/run/user/1000/dconf/user': Read-only file system.  dconf will not work properly.
[Parent 919466, Main Thread] WARNING: unable to create file '/run/user/1000/dconf/user': Read-only file system.  dconf will not work properly.: 'glib warning', file /build/firefox-144.0/toolkit/xre/nsSigHandlers.cpp:201

(firefox:919466): dconf-CRITICAL **: 15:27:59.192: unable to create file '/run/user/1000/dconf/user': Read-only file system.  dconf will not work properly.
[Parent 919466, Main Thread] WARNING: unable to create file '/run/user/1000/dconf/user': Read-only file system.  dconf will not work properly.: 'glib warning', file /build/firefox-144.0/toolkit/xre/nsSigHandlers.cpp:201

(firefox:919466): dconf-CRITICAL **: 15:27:59.192: unable to create file '/run/user/1000/dconf/user': Read-only file system.  dconf will not work properly.
[Parent 919466, Main Thread] WARNING: unable to create file '/run/user/1000/dconf/user': Read-only file system.  dconf will not work properly.: 'glib warning', file /build/firefox-144.0/toolkit/xre/nsSigHandlers.cpp:201

(firefox:919466): dconf-CRITICAL **: 15:27:59.215: unable to create file '/run/user/1000/dconf/user': Read-only file system.  dconf will not work properly.
[Parent 919466, Main Thread] WARNING: unable to create file '/run/user/1000/dconf/user': Read-only file system.  dconf will not work properly.: 'glib warning', file /build/firefox-144.0/toolkit/xre/nsSigHandlers.cpp:201

(firefox:919466): dconf-CRITICAL **: 15:27:59.216: unable to create file '/run/user/1000/dconf/user': Read-only file system.  dconf will not work properly.
[Parent 919466, Main Thread] WARNING: unable to create file '/run/user/1000/dconf/user': Read-only file system.  dconf will not work properly.: 'glib warning', file /build/firefox-144.0/toolkit/xre/nsSigHandlers.cpp:201

(firefox:919466): dconf-CRITICAL **: 15:27:59.238: unable to create file '/run/user/1000/dconf/user': Read-only file system.  dconf will not work properly.
[Parent 919466, Main Thread] WARNING: unable to create file '/run/user/1000/dconf/user': Read-only file system.  dconf will not work properly.: 'glib warning', file /build/firefox-144.0/toolkit/xre/nsSigHandlers.cpp:201

(firefox:919466): dconf-CRITICAL **: 15:27:59.238: unable to create file '/run/user/1000/dconf/user': Read-only file system.  dconf will not work properly.
[Parent 919466, Main Thread] WARNING: unable to create file '/run/user/1000/dconf/user': Read-only file system.  dconf will not work properly.: 'glib warning', file /build/firefox-144.0/toolkit/xre/nsSigHandlers.cpp:201

(firefox:919466): dconf-CRITICAL **: 15:27:59.271: unable to create file '/run/user/1000/dconf/user': Read-only file system.  dconf will not work properly.
[Parent 919466, Main Thread] WARNING: unable to create file '/run/user/1000/dconf/user': Read-only file system.  dconf will not work properly.: 'glib warning', file /build/firefox-144.0/toolkit/xre/nsSigHandlers.cpp:201

(firefox:919466): dconf-CRITICAL **: 15:27:59.271: unable to create file '/run/user/1000/dconf/user': Read-only file system.  dconf will not work properly.
[Parent 919466, Main Thread] WARNING: unable to create file '/run/user/1000/dconf/user': Read-only file system.  dconf will not work properly.: 'glib warning', file /build/firefox-144.0/toolkit/xre/nsSigHandlers.cpp:201

(firefox:919466): dconf-CRITICAL **: 15:27:59.290: unable to create file '/run/user/1000/dconf/user': Read-only file system.  dconf will not work properly.
[Parent 919466, Main Thread] WARNING: unable to create file '/run/user/1000/dconf/user': Read-only file system.  dconf will not work properly.: 'glib warning', file /build/firefox-144.0/toolkit/xre/nsSigHandlers.cpp:201

(firefox:919466): dconf-CRITICAL **: 15:27:59.290: unable to create file '/run/user/1000/dconf/user': Read-only file system.  dconf will not work properly.
[Parent 919466, Main Thread] WARNING: unable to create file '/run/user/1000/dconf/user': Read-only file system.  dconf will not work properly.: 'glib warning', file /build/firefox-144.0/toolkit/xre/nsSigHandlers.cpp:201

(firefox:919466): dconf-CRITICAL **: 15:27:59.313: unable to create file '/run/user/1000/dconf/user': Read-only file system.  dconf will not work properly.
[Parent 919466, Main Thread] WARNING: unable to create file '/run/user/1000/dconf/user': Read-only file system.  dconf will not work properly.: 'glib warning', file /build/firefox-144.0/toolkit/xre/nsSigHandlers.cpp:201

(firefox:919466): dconf-CRITICAL **: 15:27:59.313: unable to create file '/run/user/1000/dconf/user': Read-only file system.  dconf will not work properly.
[Parent 919466, Main Thread] WARNING: unable to create file '/run/user/1000/dconf/user': Read-only file system.  dconf will not work properly.: 'glib warning', file /build/firefox-144.0/toolkit/xre/nsSigHandlers.cpp:201

(firefox:919466): dconf-CRITICAL **: 15:27:59.336: unable to create file '/run/user/1000/dconf/user': Read-only file system.  dconf will not work properly.
[Parent 919466, Main Thread] WARNING: unable to create file '/run/user/1000/dconf/user': Read-only file system.  dconf will not work properly.: 'glib warning', file /build/firefox-144.0/toolkit/xre/nsSigHandlers.cpp:201

(firefox:919466): dconf-CRITICAL **: 15:27:59.336: unable to create file '/run/user/1000/dconf/user': Read-only file system.  dconf will not work properly.
[Parent 919466, Main Thread] WARNING: unable to create file '/run/user/1000/dconf/user': Read-only file system.  dconf will not work properly.: 'glib warning', file /build/firefox-144.0/toolkit/xre/nsSigHandlers.cpp:201

(firefox:919466): dconf-CRITICAL **: 15:27:59.362: unable to create file '/run/user/1000/dconf/user': Read-only file system.  dconf will not work properly.
[Parent 919466, Main Thread] WARNING: unable to create file '/run/user/1000/dconf/user': Read-only file system.  dconf will not work properly.: 'glib warning', file /build/firefox-144.0/toolkit/xre/nsSigHandlers.cpp:201

(firefox:919466): dconf-CRITICAL **: 15:27:59.362: unable to create file '/run/user/1000/dconf/user': Read-only file system.  dconf will not work properly.
[Parent 919466, Main Thread] WARNING: unable to create file '/run/user/1000/dconf/user': Read-only file system.  dconf will not work properly.: 'glib warning', file /build/firefox-144.0/toolkit/xre/nsSigHandlers.cpp:201

(firefox:919466): dconf-CRITICAL **: 15:27:59.396: unable to create file '/run/user/1000/dconf/user': Read-only file system.  dconf will not work properly.
[Parent 919466, Main Thread] WARNING: unable to create file '/run/user/1000/dconf/user': Read-only file system.  dconf will not work properly.: 'glib warning', file /build/firefox-144.0/toolkit/xre/nsSigHandlers.cpp:201

(firefox:919466): dconf-CRITICAL **: 15:27:59.396: unable to create file '/run/user/1000/dconf/user': Read-only file system.  dconf will not work properly.
[Parent 919466, Main Thread] WARNING: unable to create file '/run/user/1000/dconf/user': Read-only file system.  dconf will not work properly.: 'glib warning', file /build/firefox-144.0/toolkit/xre/nsSigHandlers.cpp:201

(firefox:919466): dconf-CRITICAL **: 15:27:59.411: unable to create file '/run/user/1000/dconf/user': Read-only file system.  dconf will not work properly.
[Parent 919466, Main Thread] WARNING: unable to create file '/run/user/1000/dconf/user': Read-only file system.  dconf will not work properly.: 'glib warning', file /build/firefox-144.0/toolkit/xre/nsSigHandlers.cpp:201

(firefox:919466): dconf-CRITICAL **: 15:27:59.411: unable to create file '/run/user/1000/dconf/user': Read-only file system.  dconf will not work properly.
[Parent 919466, Main Thread] WARNING: unable to create file '/run/user/1000/dconf/user': Read-only file system.  dconf will not work properly.: 'glib warning', file /build/firefox-144.0/toolkit/xre/nsSigHandlers.cpp:201

(firefox:919466): dconf-CRITICAL **: 15:27:59.421: unable to create file '/run/user/1000/dconf/user': Read-only file system.  dconf will not work properly.
[Parent 919466, Main Thread] WARNING: unable to create file '/run/user/1000/dconf/user': Read-only file system.  dconf will not work properly.: 'glib warning', file /build/firefox-144.0/toolkit/xre/nsSigHandlers.cpp:201

(firefox:919466): dconf-CRITICAL **: 15:27:59.421: unable to create file '/run/user/1000/dconf/user': Read-only file system.  dconf will not work properly.
[Parent 919466, Main Thread] WARNING: unable to create file '/run/user/1000/dconf/user': Read-only file system.  dconf will not work properly.: 'glib warning', file /build/firefox-144.0/toolkit/xre/nsSigHandlers.cpp:201

(firefox:919466): dconf-CRITICAL **: 15:27:59.450: unable to create file '/run/user/1000/dconf/user': Read-only file system.  dconf will not work properly.
[Parent 919466, Main Thread] WARNING: unable to create file '/run/user/1000/dconf/user': Read-only file system.  dconf will not work properly.: 'glib warning', file /build/firefox-144.0/toolkit/xre/nsSigHandlers.cpp:201

(firefox:919466): dconf-CRITICAL **: 15:27:59.450: unable to create file '/run/user/1000/dconf/user': Read-only file system.  dconf will not work properly.
[Parent 919466, Main Thread] WARNING: unable to create file '/run/user/1000/dconf/user': Read-only file system.  dconf will not work properly.: 'glib warning', file /build/firefox-144.0/toolkit/xre/nsSigHandlers.cpp:201

(firefox:919466): dconf-CRITICAL **: 15:27:59.480: unable to create file '/run/user/1000/dconf/user': Read-only file system.  dconf will not work properly.
[Parent 919466, Main Thread] WARNING: unable to create file '/run/user/1000/dconf/user': Read-only file system.  dconf will not work properly.: 'glib warning', file /build/firefox-144.0/toolkit/xre/nsSigHandlers.cpp:201

(firefox:919466): dconf-CRITICAL **: 15:27:59.480: unable to create file '/run/user/1000/dconf/user': Read-only file system.  dconf will not work properly.
[Parent 919466, Main Thread] WARNING: unable to create file '/run/user/1000/dconf/user': Read-only file system.  dconf will not work properly.: 'glib warning', file /build/firefox-144.0/toolkit/xre/nsSigHandlers.cpp:201

(firefox:919466): dconf-CRITICAL **: 15:27:59.514: unable to create file '/run/user/1000/dconf/user': Read-only file system.  dconf will not work properly.
[Parent 919466, Main Thread] WARNING: unable to create file '/run/user/1000/dconf/user': Read-only file system.  dconf will not work properly.: 'glib warning', file /build/firefox-144.0/toolkit/xre/nsSigHandlers.cpp:201

(firefox:919466): dconf-CRITICAL **: 15:27:59.514: unable to create file '/run/user/1000/dconf/user': Read-only file system.  dconf will not work properly.
[Parent 919466, Main Thread] WARNING: unable to create file '/run/user/1000/dconf/user': Read-only file system.  dconf will not work properly.: 'glib warning', file /build/firefox-144.0/toolkit/xre/nsSigHandlers.cpp:201

(firefox:919466): dconf-CRITICAL **: 15:27:59.530: unable to create file '/run/user/1000/dconf/user': Read-only file system.  dconf will not work properly.
[Parent 919466, Main Thread] WARNING: unable to create file '/run/user/1000/dconf/user': Read-only file system.  dconf will not work properly.: 'glib warning', file /build/firefox-144.0/toolkit/xre/nsSigHandlers.cpp:201

(firefox:919466): dconf-CRITICAL **: 15:27:59.530: unable to create file '/run/user/1000/dconf/user': Read-only file system.  dconf will not work properly.
[Parent 919466, Main Thread] WARNING: unable to create file '/run/user/1000/dconf/user': Read-only file system.  dconf will not work properly.: 'glib warning', file /build/firefox-144.0/toolkit/xre/nsSigHandlers.cpp:201

(firefox:919466): dconf-CRITICAL **: 15:27:59.549: unable to create file '/run/user/1000/dconf/user': Read-only file system.  dconf will not work properly.
[Parent 919466, Main Thread] WARNING: unable to create file '/run/user/1000/dconf/user': Read-only file system.  dconf will not work properly.: 'glib warning', file /build/firefox-144.0/toolkit/xre/nsSigHandlers.cpp:201

(firefox:919466): dconf-CRITICAL **: 15:27:59.549: unable to create file '/run/user/1000/dconf/user': Read-only file system.  dconf will not work properly.
[Parent 919466, Main Thread] WARNING: unable to create file '/run/user/1000/dconf/user': Read-only file system.  dconf will not work properly.: 'glib warning', file /build/firefox-144.0/toolkit/xre/nsSigHandlers.cpp:201

(firefox:919466): dconf-CRITICAL **: 15:27:59.573: unable to create file '/run/user/1000/dconf/user': Read-only file system.  dconf will not work properly.
[Parent 919466, Main Thread] WARNING: unable to create file '/run/user/1000/dconf/user': Read-only file system.  dconf will not work properly.: 'glib warning', file /build/firefox-144.0/toolkit/xre/nsSigHandlers.cpp:201

(firefox:919466): dconf-CRITICAL **: 15:27:59.573: unable to create file '/run/user/1000/dconf/user': Read-only file system.  dconf will not work properly.
[Parent 919466, Main Thread] WARNING: unable to create file '/run/user/1000/dconf/user': Read-only file system.  dconf will not work properly.: 'glib warning', file /build/firefox-144.0/toolkit/xre/nsSigHandlers.cpp:201

(firefox:919466): dconf-CRITICAL **: 15:27:59.594: unable to create file '/run/user/1000/dconf/user': Read-only file system.  dconf will not work properly.
[Parent 919466, Main Thread] WARNING: unable to create file '/run/user/1000/dconf/user': Read-only file system.  dconf will not work properly.: 'glib warning', file /build/firefox-144.0/toolkit/xre/nsSigHandlers.cpp:201

(firefox:919466): dconf-CRITICAL **: 15:27:59.594: unable to create file '/run/user/1000/dconf/user': Read-only file system.  dconf will not work properly.
[Parent 919466, Main Thread] WARNING: unable to create file '/run/user/1000/dconf/user': Read-only file system.  dconf will not work properly.: 'glib warning', file /build/firefox-144.0/toolkit/xre/nsSigHandlers.cpp:201

(firefox:919466): dconf-CRITICAL **: 15:27:59.631: unable to create file '/run/user/1000/dconf/user': Read-only file system.  dconf will not work properly.
[Parent 919466, Main Thread] WARNING: unable to create file '/run/user/1000/dconf/user': Read-only file system.  dconf will not work properly.: 'glib warning', file /build/firefox-144.0/toolkit/xre/nsSigHandlers.cpp:201

(firefox:919466): dconf-CRITICAL **: 15:27:59.631: unable to create file '/run/user/1000/dconf/user': Read-only file system.  dconf will not work properly.
[Parent 919466, Main Thread] WARNING: unable to create file '/run/user/1000/dconf/user': Read-only file system.  dconf will not work properly.: 'glib warning', file /build/firefox-144.0/toolkit/xre/nsSigHandlers.cpp:201

(firefox:919466): dconf-CRITICAL **: 15:27:59.655: unable to create file '/run/user/1000/dconf/user': Read-only file system.  dconf will not work properly.
[Parent 919466, Main Thread] WARNING: unable to create file '/run/user/1000/dconf/user': Read-only file system.  dconf will not work properly.: 'glib warning', file /build/firefox-144.0/toolkit/xre/nsSigHandlers.cpp:201

(firefox:919466): dconf-CRITICAL **: 15:27:59.655: unable to create file '/run/user/1000/dconf/user': Read-only file system.  dconf will not work properly.
[Parent 919466, Main Thread] WARNING: unable to create file '/run/user/1000/dconf/user': Read-only file system.  dconf will not work properly.: 'glib warning', file /build/firefox-144.0/toolkit/xre/nsSigHandlers.cpp:201

(firefox:919466): dconf-CRITICAL **: 15:27:59.681: unable to create file '/run/user/1000/dconf/user': Read-only file system.  dconf will not work properly.
[Parent 919466, Main Thread] WARNING: unable to create file '/run/user/1000/dconf/user': Read-only file system.  dconf will not work properly.: 'glib warning', file /build/firefox-144.0/toolkit/xre/nsSigHandlers.cpp:201

(firefox:919466): dconf-CRITICAL **: 15:27:59.681: unable to create file '/run/user/1000/dconf/user': Read-only file system.  dconf will not work properly.
[Parent 919466, Main Thread] WARNING: unable to create file '/run/user/1000/dconf/user': Read-only file system.  dconf will not work properly.: 'glib warning', file /build/firefox-144.0/toolkit/xre/nsSigHandlers.cpp:201

(firefox:919466): dconf-CRITICAL **: 15:27:59.704: unable to create file '/run/user/1000/dconf/user': Read-only file system.  dconf will not work properly.
[Parent 919466, Main Thread] WARNING: unable to create file '/run/user/1000/dconf/user': Read-only file system.  dconf will not work properly.: 'glib warning', file /build/firefox-144.0/toolkit/xre/nsSigHandlers.cpp:201

(firefox:919466): dconf-CRITICAL **: 15:27:59.704: unable to create file '/run/user/1000/dconf/user': Read-only file system.  dconf will not work properly.
[Parent 919466, Main Thread] WARNING: unable to create file '/run/user/1000/dconf/user': Read-only file system.  dconf will not work properly.: 'glib warning', file /build/firefox-144.0/toolkit/xre/nsSigHandlers.cpp:201

(firefox:919466): dconf-CRITICAL **: 15:27:59.729: unable to create file '/run/user/1000/dconf/user': Read-only file system.  dconf will not work properly.
[Parent 919466, Main Thread] WARNING: unable to create file '/run/user/1000/dconf/user': Read-only file system.  dconf will not work properly.: 'glib warning', file /build/firefox-144.0/toolkit/xre/nsSigHandlers.cpp:201

(firefox:919466): dconf-CRITICAL **: 15:27:59.729: unable to create file '/run/user/1000/dconf/user': Read-only file system.  dconf will not work properly.
[Parent 919466, Main Thread] WARNING: unable to create file '/run/user/1000/dconf/user': Read-only file system.  dconf will not work properly.: 'glib warning', file /build/firefox-144.0/toolkit/xre/nsSigHandlers.cpp:201

(firefox:919466): dconf-CRITICAL **: 15:27:59.749: unable to create file '/run/user/1000/dconf/user': Read-only file system.  dconf will not work properly.
[Parent 919466, Main Thread] WARNING: unable to create file '/run/user/1000/dconf/user': Read-only file system.  dconf will not work properly.: 'glib warning', file /build/firefox-144.0/toolkit/xre/nsSigHandlers.cpp:201

(firefox:919466): dconf-CRITICAL **: 15:27:59.749: unable to create file '/run/user/1000/dconf/user': Read-only file system.  dconf will not work properly.
[Parent 919466, Main Thread] WARNING: unable to create file '/run/user/1000/dconf/user': Read-only file system.  dconf will not work properly.: 'glib warning', file /build/firefox-144.0/toolkit/xre/nsSigHandlers.cpp:201

(firefox:919466): dconf-CRITICAL **: 15:27:59.769: unable to create file '/run/user/1000/dconf/user': Read-only file system.  dconf will not work properly.
[Parent 919466, Main Thread] WARNING: unable to create file '/run/user/1000/dconf/user': Read-only file system.  dconf will not work properly.: 'glib warning', file /build/firefox-144.0/toolkit/xre/nsSigHandlers.cpp:201

(firefox:919466): dconf-CRITICAL **: 15:27:59.769: unable to create file '/run/user/1000/dconf/user': Read-only file system.  dconf will not work properly.
[Parent 919466, Main Thread] WARNING: unable to create file '/run/user/1000/dconf/user': Read-only file system.  dconf will not work properly.: 'glib warning', file /build/firefox-144.0/toolkit/xre/nsSigHandlers.cpp:201

(firefox:919466): dconf-CRITICAL **: 15:27:59.790: unable to create file '/run/user/1000/dconf/user': Read-only file system.  dconf will not work properly.
[Parent 919466, Main Thread] WARNING: unable to create file '/run/user/1000/dconf/user': Read-only file system.  dconf will not work properly.: 'glib warning', file /build/firefox-144.0/toolkit/xre/nsSigHandlers.cpp:201

(firefox:919466): dconf-CRITICAL **: 15:27:59.790: unable to create file '/run/user/1000/dconf/user': Read-only file system.  dconf will not work properly.
[Parent 919466, Main Thread] WARNING: unable to create file '/run/user/1000/dconf/user': Read-only file system.  dconf will not work properly.: 'glib warning', file /build/firefox-144.0/toolkit/xre/nsSigHandlers.cpp:201

(firefox:919466): dconf-CRITICAL **: 15:27:59.816: unable to create file '/run/user/1000/dconf/user': Read-only file system.  dconf will not work properly.
[Parent 919466, Main Thread] WARNING: unable to create file '/run/user/1000/dconf/user': Read-only file system.  dconf will not work properly.: 'glib warning', file /build/firefox-144.0/toolkit/xre/nsSigHandlers.cpp:201

(firefox:919466): dconf-CRITICAL **: 15:27:59.816: unable to create file '/run/user/1000/dconf/user': Read-only file system.  dconf will not work properly.
[Parent 919466, Main Thread] WARNING: unable to create file '/run/user/1000/dconf/user': Read-only file system.  dconf will not work properly.: 'glib warning', file /build/firefox-144.0/toolkit/xre/nsSigHandlers.cpp:201

(firefox:919466): dconf-CRITICAL **: 15:27:59.853: unable to create file '/run/user/1000/dconf/user': Read-only file system.  dconf will not work properly.
[Parent 919466, Main Thread] WARNING: unable to create file '/run/user/1000/dconf/user': Read-only file system.  dconf will not work properly.: 'glib warning', file /build/firefox-144.0/toolkit/xre/nsSigHandlers.cpp:201

(firefox:919466): dconf-CRITICAL **: 15:27:59.854: unable to create file '/run/user/1000/dconf/user': Read-only file system.  dconf will not work properly.
[Parent 919466, Main Thread] WARNING: unable to create file '/run/user/1000/dconf/user': Read-only file system.  dconf will not work properly.: 'glib warning', file /build/firefox-144.0/toolkit/xre/nsSigHandlers.cpp:201

(firefox:919466): dconf-CRITICAL **: 15:27:59.874: unable to create file '/run/user/1000/dconf/user': Read-only file system.  dconf will not work properly.
[Parent 919466, Main Thread] WARNING: unable to create file '/run/user/1000/dconf/user': Read-only file system.  dconf will not work properly.: 'glib warning', file /build/firefox-144.0/toolkit/xre/nsSigHandlers.cpp:201

(firefox:919466): dconf-CRITICAL **: 15:27:59.875: unable to create file '/run/user/1000/dconf/user': Read-only file system.  dconf will not work properly.
[Parent 919466, Main Thread] WARNING: unable to create file '/run/user/1000/dconf/user': Read-only file system.  dconf will not work properly.: 'glib warning', file /build/firefox-144.0/toolkit/xre/nsSigHandlers.cpp:201

(firefox:919466): dconf-CRITICAL **: 15:27:59.892: unable to create file '/run/user/1000/dconf/user': Read-only file system.  dconf will not work properly.
[Parent 919466, Main Thread] WARNING: unable to create file '/run/user/1000/dconf/user': Read-only file system.  dconf will not work properly.: 'glib warning', file /build/firefox-144.0/toolkit/xre/nsSigHandlers.cpp:201

(firefox:919466): dconf-CRITICAL **: 15:27:59.892: unable to create file '/run/user/1000/dconf/user': Read-only file system.  dconf will not work properly.
[Parent 919466, Main Thread] WARNING: unable to create file '/run/user/1000/dconf/user': Read-only file system.  dconf will not work properly.: 'glib warning', file /build/firefox-144.0/toolkit/xre/nsSigHandlers.cpp:201

(firefox:919466): dconf-CRITICAL **: 15:27:59.919: unable to create file '/run/user/1000/dconf/user': Read-only file system.  dconf will not work properly.
[Parent 919466, Main Thread] WARNING: unable to create file '/run/user/1000/dconf/user': Read-only file system.  dconf will not work properly.: 'glib warning', file /build/firefox-144.0/toolkit/xre/nsSigHandlers.cpp:201

(firefox:919466): dconf-CRITICAL **: 15:27:59.920: unable to create file '/run/user/1000/dconf/user': Read-only file system.  dconf will not work properly.
[Parent 919466, Main Thread] WARNING: unable to create file '/run/user/1000/dconf/user': Read-only file system.  dconf will not work properly.: 'glib warning', file /build/firefox-144.0/toolkit/xre/nsSigHandlers.cpp:201

(firefox:919466): dconf-CRITICAL **: 15:27:59.937: unable to create file '/run/user/1000/dconf/user': Read-only file system.  dconf will not work properly.
[Parent 919466, Main Thread] WARNING: unable to create file '/run/user/1000/dconf/user': Read-only file system.  dconf will not work properly.: 'glib warning', file /build/firefox-144.0/toolkit/xre/nsSigHandlers.cpp:201

(firefox:919466): dconf-CRITICAL **: 15:27:59.937: unable to create file '/run/user/1000/dconf/user': Read-only file system.  dconf will not work properly.
[Parent 919466, Main Thread] WARNING: unable to create file '/run/user/1000/dconf/user': Read-only file system.  dconf will not work properly.: 'glib warning', file /build/firefox-144.0/toolkit/xre/nsSigHandlers.cpp:201

(firefox:919466): dconf-CRITICAL **: 15:27:59.968: unable to create file '/run/user/1000/dconf/user': Read-only file system.  dconf will not work properly.
[Parent 919466, Main Thread] WARNING: unable to create file '/run/user/1000/dconf/user': Read-only file system.  dconf will not work properly.: 'glib warning', file /build/firefox-144.0/toolkit/xre/nsSigHandlers.cpp:201

(firefox:919466): dconf-CRITICAL **: 15:27:59.968: unable to create file '/run/user/1000/dconf/user': Read-only file system.  dconf will not work properly.
[Parent 919466, Main Thread] WARNING: unable to create file '/run/user/1000/dconf/user': Read-only file system.  dconf will not work properly.: 'glib warning', file /build/firefox-144.0/toolkit/xre/nsSigHandlers.cpp:201

(firefox:919466): dconf-CRITICAL **: 15:27:59.992: unable to create file '/run/user/1000/dconf/user': Read-only file system.  dconf will not work properly.
[Parent 919466, Main Thread] WARNING: unable to create file '/run/user/1000/dconf/user': Read-only file system.  dconf will not work properly.: 'glib warning', file /build/firefox-144.0/toolkit/xre/nsSigHandlers.cpp:201

(firefox:919466): dconf-CRITICAL **: 15:27:59.992: unable to create file '/run/user/1000/dconf/user': Read-only file system.  dconf will not work properly.
[Parent 919466, Main Thread] WARNING: unable to create file '/run/user/1000/dconf/user': Read-only file system.  dconf will not work properly.: 'glib warning', file /build/firefox-144.0/toolkit/xre/nsSigHandlers.cpp:201

(firefox:919466): dconf-CRITICAL **: 15:28:00.022: unable to create file '/run/user/1000/dconf/user': Read-only file system.  dconf will not work properly.
[Parent 919466, Main Thread] WARNING: unable to create file '/run/user/1000/dconf/user': Read-only file system.  dconf will not work properly.: 'glib warning', file /build/firefox-144.0/toolkit/xre/nsSigHandlers.cpp:201

(firefox:919466): dconf-CRITICAL **: 15:28:00.022: unable to create file '/run/user/1000/dconf/user': Read-only file system.  dconf will not work properly.
[Parent 919466, Main Thread] WARNING: unable to create file '/run/user/1000/dconf/user': Read-only file system.  dconf will not work properly.: 'glib warning', file /build/firefox-144.0/toolkit/xre/nsSigHandlers.cpp:201

(firefox:919466): dconf-CRITICAL **: 15:28:00.051: unable to create file '/run/user/1000/dconf/user': Read-only file system.  dconf will not work properly.
[Parent 919466, Main Thread] WARNING: unable to create file '/run/user/1000/dconf/user': Read-only file system.  dconf will not work properly.: 'glib warning', file /build/firefox-144.0/toolkit/xre/nsSigHandlers.cpp:201

(firefox:919466): dconf-CRITICAL **: 15:28:00.051: unable to create file '/run/user/1000/dconf/user': Read-only file system.  dconf will not work properly.
[Parent 919466, Main Thread] WARNING: unable to create file '/run/user/1000/dconf/user': Read-only file system.  dconf will not work properly.: 'glib warning', file /build/firefox-144.0/toolkit/xre/nsSigHandlers.cpp:201

(firefox:919466): dconf-CRITICAL **: 15:28:00.075: unable to create file '/run/user/1000/dconf/user': Read-only file system.  dconf will not work properly.
[Parent 919466, Main Thread] WARNING: unable to create file '/run/user/1000/dconf/user': Read-only file system.  dconf will not work properly.: 'glib warning', file /build/firefox-144.0/toolkit/xre/nsSigHandlers.cpp:201

(firefox:919466): dconf-CRITICAL **: 15:28:00.075: unable to create file '/run/user/1000/dconf/user': Read-only file system.  dconf will not work properly.
[Parent 919466, Main Thread] WARNING: unable to create file '/run/user/1000/dconf/user': Read-only file system.  dconf will not work properly.: 'glib warning', file /build/firefox-144.0/toolkit/xre/nsSigHandlers.cpp:201

(firefox:919466): dconf-CRITICAL **: 15:28:00.094: unable to create file '/run/user/1000/dconf/user': Read-only file system.  dconf will not work properly.
[Parent 919466, Main Thread] WARNING: unable to create file '/run/user/1000/dconf/user': Read-only file system.  dconf will not work properly.: 'glib warning', file /build/firefox-144.0/toolkit/xre/nsSigHandlers.cpp:201

(firefox:919466): dconf-CRITICAL **: 15:28:00.095: unable to create file '/run/user/1000/dconf/user': Read-only file system.  dconf will not work properly.
[Parent 919466, Main Thread] WARNING: unable to create file '/run/user/1000/dconf/user': Read-only file system.  dconf will not work properly.: 'glib warning', file /build/firefox-144.0/toolkit/xre/nsSigHandlers.cpp:201

(firefox:919466): dconf-CRITICAL **: 15:28:00.113: unable to create file '/run/user/1000/dconf/user': Read-only file system.  dconf will not work properly.
[Parent 919466, Main Thread] WARNING: unable to create file '/run/user/1000/dconf/user': Read-only file system.  dconf will not work properly.: 'glib warning', file /build/firefox-144.0/toolkit/xre/nsSigHandlers.cpp:201

(firefox:919466): dconf-CRITICAL **: 15:28:00.113: unable to create file '/run/user/1000/dconf/user': Read-only file system.  dconf will not work properly.
[Parent 919466, Main Thread] WARNING: unable to create file '/run/user/1000/dconf/user': Read-only file system.  dconf will not work properly.: 'glib warning', file /build/firefox-144.0/toolkit/xre/nsSigHandlers.cpp:201

(firefox:919466): dconf-CRITICAL **: 15:28:00.141: unable to create file '/run/user/1000/dconf/user': Read-only file system.  dconf will not work properly.
[Parent 919466, Main Thread] WARNING: unable to create file '/run/user/1000/dconf/user': Read-only file system.  dconf will not work properly.: 'glib warning', file /build/firefox-144.0/toolkit/xre/nsSigHandlers.cpp:201

(firefox:919466): dconf-CRITICAL **: 15:28:00.141: unable to create file '/run/user/1000/dconf/user': Read-only file system.  dconf will not work properly.
[Parent 919466, Main Thread] WARNING: unable to create file '/run/user/1000/dconf/user': Read-only file system.  dconf will not work properly.: 'glib warning', file /build/firefox-144.0/toolkit/xre/nsSigHandlers.cpp:201

(firefox:919466): dconf-CRITICAL **: 15:28:00.165: unable to create file '/run/user/1000/dconf/user': Read-only file system.  dconf will not work properly.
[Parent 919466, Main Thread] WARNING: unable to create file '/run/user/1000/dconf/user': Read-only file system.  dconf will not work properly.: 'glib warning', file /build/firefox-144.0/toolkit/xre/nsSigHandlers.cpp:201

(firefox:919466): dconf-CRITICAL **: 15:28:00.165: unable to create file '/run/user/1000/dconf/user': Read-only file system.  dconf will not work properly.
[Parent 919466, Main Thread] WARNING: unable to create file '/run/user/1000/dconf/user': Read-only file system.  dconf will not work properly.: 'glib warning', file /build/firefox-144.0/toolkit/xre/nsSigHandlers.cpp:201

(firefox:919466): dconf-CRITICAL **: 15:28:00.212: unable to create file '/run/user/1000/dconf/user': Read-only file system.  dconf will not work properly.
[Parent 919466, Main Thread] WARNING: unable to create file '/run/user/1000/dconf/user': Read-only file system.  dconf will not work properly.: 'glib warning', file /build/firefox-144.0/toolkit/xre/nsSigHandlers.cpp:201

(firefox:919466): dconf-CRITICAL **: 15:28:00.212: unable to create file '/run/user/1000/dconf/user': Read-only file system.  dconf will not work properly.
[Parent 919466, Main Thread] WARNING: unable to create file '/run/user/1000/dconf/user': Read-only file system.  dconf will not work properly.: 'glib warning', file /build/firefox-144.0/toolkit/xre/nsSigHandlers.cpp:201

(firefox:919466): dconf-CRITICAL **: 15:28:00.270: unable to create file '/run/user/1000/dconf/user': Read-only file system.  dconf will not work properly.
[Parent 919466, Main Thread] WARNING: unable to create file '/run/user/1000/dconf/user': Read-only file system.  dconf will not work properly.: 'glib warning', file /build/firefox-144.0/toolkit/xre/nsSigHandlers.cpp:201

(firefox:919466): dconf-CRITICAL **: 15:28:00.270: unable to create file '/run/user/1000/dconf/user': Read-only file system.  dconf will not work properly.
[Parent 919466, Main Thread] WARNING: unable to create file '/run/user/1000/dconf/user': Read-only file system.  dconf will not work properly.: 'glib warning', file /build/firefox-144.0/toolkit/xre/nsSigHandlers.cpp:201

(firefox:919466): dconf-CRITICAL **: 15:28:00.293: unable to create file '/run/user/1000/dconf/user': Read-only file system.  dconf will not work properly.
[Parent 919466, Main Thread] WARNING: unable to create file '/run/user/1000/dconf/user': Read-only file system.  dconf will not work properly.: 'glib warning', file /build/firefox-144.0/toolkit/xre/nsSigHandlers.cpp:201

(firefox:919466): dconf-CRITICAL **: 15:28:00.293: unable to create file '/run/user/1000/dconf/user': Read-only file system.  dconf will not work properly.
[Parent 919466, Main Thread] WARNING: unable to create file '/run/user/1000/dconf/user': Read-only file system.  dconf will not work properly.: 'glib warning', file /build/firefox-144.0/toolkit/xre/nsSigHandlers.cpp:201

(firefox:919466): dconf-CRITICAL **: 15:28:00.314: unable to create file '/run/user/1000/dconf/user': Read-only file system.  dconf will not work properly.
[Parent 919466, Main Thread] WARNING: unable to create file '/run/user/1000/dconf/user': Read-only file system.  dconf will not work properly.: 'glib warning', file /build/firefox-144.0/toolkit/xre/nsSigHandlers.cpp:201

(firefox:919466): dconf-CRITICAL **: 15:28:00.314: unable to create file '/run/user/1000/dconf/user': Read-only file system.  dconf will not work properly.
[Parent 919466, Main Thread] WARNING: unable to create file '/run/user/1000/dconf/user': Read-only file system.  dconf will not work properly.: 'glib warning', file /build/firefox-144.0/toolkit/xre/nsSigHandlers.cpp:201

(firefox:919466): dconf-CRITICAL **: 15:28:00.340: unable to create file '/run/user/1000/dconf/user': Read-only file system.  dconf will not work properly.
[Parent 919466, Main Thread] WARNING: unable to create file '/run/user/1000/dconf/user': Read-only file system.  dconf will not work properly.: 'glib warning', file /build/firefox-144.0/toolkit/xre/nsSigHandlers.cpp:201

(firefox:919466): dconf-CRITICAL **: 15:28:00.340: unable to create file '/run/user/1000/dconf/user': Read-only file system.  dconf will not work properly.
[Parent 919466, Main Thread] WARNING: unable to create file '/run/user/1000/dconf/user': Read-only file system.  dconf will not work properly.: 'glib warning', file /build/firefox-144.0/toolkit/xre/nsSigHandlers.cpp:201

(firefox:919466): dconf-CRITICAL **: 15:28:00.365: unable to create file '/run/user/1000/dconf/user': Read-only file system.  dconf will not work properly.
[Parent 919466, Main Thread] WARNING: unable to create file '/run/user/1000/dconf/user': Read-only file system.  dconf will not work properly.: 'glib warning', file /build/firefox-144.0/toolkit/xre/nsSigHandlers.cpp:201

(firefox:919466): dconf-CRITICAL **: 15:28:00.365: unable to create file '/run/user/1000/dconf/user': Read-only file system.  dconf will not work properly.
[Parent 919466, Main Thread] WARNING: unable to create file '/run/user/1000/dconf/user': Read-only file system.  dconf will not work properly.: 'glib warning', file /build/firefox-144.0/toolkit/xre/nsSigHandlers.cpp:201

(firefox:919466): dconf-CRITICAL **: 15:28:00.389: unable to create file '/run/user/1000/dconf/user': Read-only file system.  dconf will not work properly.
[Parent 919466, Main Thread] WARNING: unable to create file '/run/user/1000/dconf/user': Read-only file system.  dconf will not work properly.: 'glib warning', file /build/firefox-144.0/toolkit/xre/nsSigHandlers.cpp:201

(firefox:919466): dconf-CRITICAL **: 15:28:00.389: unable to create file '/run/user/1000/dconf/user': Read-only file system.  dconf will not work properly.
[Parent 919466, Main Thread] WARNING: unable to create file '/run/user/1000/dconf/user': Read-only file system.  dconf will not work properly.: 'glib warning', file /build/firefox-144.0/toolkit/xre/nsSigHandlers.cpp:201

(firefox:919466): dconf-CRITICAL **: 15:28:00.408: unable to create file '/run/user/1000/dconf/user': Read-only file system.  dconf will not work properly.
[Parent 919466, Main Thread] WARNING: unable to create file '/run/user/1000/dconf/user': Read-only file system.  dconf will not work properly.: 'glib warning', file /build/firefox-144.0/toolkit/xre/nsSigHandlers.cpp:201

(firefox:919466): dconf-CRITICAL **: 15:28:00.408: unable to create file '/run/user/1000/dconf/user': Read-only file system.  dconf will not work properly.
[Parent 919466, Main Thread] WARNING: unable to create file '/run/user/1000/dconf/user': Read-only file system.  dconf will not work properly.: 'glib warning', file /build/firefox-144.0/toolkit/xre/nsSigHandlers.cpp:201

(firefox:919466): dconf-CRITICAL **: 15:28:00.414: unable to create file '/run/user/1000/dconf/user': Read-only file system.  dconf will not work properly.
[Parent 919466, Main Thread] WARNING: unable to create file '/run/user/1000/dconf/user': Read-only file system.  dconf will not work properly.: 'glib warning', file /build/firefox-144.0/toolkit/xre/nsSigHandlers.cpp:201

(firefox:919466): dconf-CRITICAL **: 15:28:00.414: unable to create file '/run/user/1000/dconf/user': Read-only file system.  dconf will not work properly.
[Parent 919466, Main Thread] WARNING: unable to create file '/run/user/1000/dconf/user': Read-only file system.  dconf will not work properly.: 'glib warning', file /build/firefox-144.0/toolkit/xre/nsSigHandlers.cpp:201

(firefox:919466): dconf-CRITICAL **: 15:28:00.442: unable to create file '/run/user/1000/dconf/user': Read-only file system.  dconf will not work properly.
[Parent 919466, Main Thread] WARNING: unable to create file '/run/user/1000/dconf/user': Read-only file system.  dconf will not work properly.: 'glib warning', file /build/firefox-144.0/toolkit/xre/nsSigHandlers.cpp:201

(firefox:919466): dconf-CRITICAL **: 15:28:00.442: unable to create file '/run/user/1000/dconf/user': Read-only file system.  dconf will not work properly.
[Parent 919466, Main Thread] WARNING: unable to create file '/run/user/1000/dconf/user': Read-only file system.  dconf will not work properly.: 'glib warning', file /build/firefox-144.0/toolkit/xre/nsSigHandlers.cpp:201

(firefox:919466): dconf-CRITICAL **: 15:28:00.463: unable to create file '/run/user/1000/dconf/user': Read-only file system.  dconf will not work properly.
[Parent 919466, Main Thread] WARNING: unable to create file '/run/user/1000/dconf/user': Read-only file system.  dconf will not work properly.: 'glib warning', file /build/firefox-144.0/toolkit/xre/nsSigHandlers.cpp:201

(firefox:919466): dconf-CRITICAL **: 15:28:00.463: unable to create file '/run/user/1000/dconf/user': Read-only file system.  dconf will not work properly.
[Parent 919466, Main Thread] WARNING: unable to create file '/run/user/1000/dconf/user': Read-only file system.  dconf will not work properly.: 'glib warning', file /build/firefox-144.0/toolkit/xre/nsSigHandlers.cpp:201

(firefox:919466): dconf-CRITICAL **: 15:28:00.482: unable to create file '/run/user/1000/dconf/user': Read-only file system.  dconf will not work properly.
[Parent 919466, Main Thread] WARNING: unable to create file '/run/user/1000/dconf/user': Read-only file system.  dconf will not work properly.: 'glib warning', file /build/firefox-144.0/toolkit/xre/nsSigHandlers.cpp:201

(firefox:919466): dconf-CRITICAL **: 15:28:00.482: unable to create file '/run/user/1000/dconf/user': Read-only file system.  dconf will not work properly.
[Parent 919466, Main Thread] WARNING: unable to create file '/run/user/1000/dconf/user': Read-only file system.  dconf will not work properly.: 'glib warning', file /build/firefox-144.0/toolkit/xre/nsSigHandlers.cpp:201

(firefox:919466): dconf-CRITICAL **: 15:28:00.504: unable to create file '/run/user/1000/dconf/user': Read-only file system.  dconf will not work properly.
[Parent 919466, Main Thread] WARNING: unable to create file '/run/user/1000/dconf/user': Read-only file system.  dconf will not work properly.: 'glib warning', file /build/firefox-144.0/toolkit/xre/nsSigHandlers.cpp:201

(firefox:919466): dconf-CRITICAL **: 15:28:00.504: unable to create file '/run/user/1000/dconf/user': Read-only file system.  dconf will not work properly.
[Parent 919466, Main Thread] WARNING: unable to create file '/run/user/1000/dconf/user': Read-only file system.  dconf will not work properly.: 'glib warning', file /build/firefox-144.0/toolkit/xre/nsSigHandlers.cpp:201

(firefox:919466): dconf-CRITICAL **: 15:28:00.524: unable to create file '/run/user/1000/dconf/user': Read-only file system.  dconf will not work properly.
[Parent 919466, Main Thread] WARNING: unable to create file '/run/user/1000/dconf/user': Read-only file system.  dconf will not work properly.: 'glib warning', file /build/firefox-144.0/toolkit/xre/nsSigHandlers.cpp:201

(firefox:919466): dconf-CRITICAL **: 15:28:00.524: unable to create file '/run/user/1000/dconf/user': Read-only file system.  dconf will not work properly.
[Parent 919466, Main Thread] WARNING: unable to create file '/run/user/1000/dconf/user': Read-only file system.  dconf will not work properly.: 'glib warning', file /build/firefox-144.0/toolkit/xre/nsSigHandlers.cpp:201

(firefox:919466): dconf-CRITICAL **: 15:28:00.549: unable to create file '/run/user/1000/dconf/user': Read-only file system.  dconf will not work properly.
[Parent 919466, Main Thread] WARNING: unable to create file '/run/user/1000/dconf/user': Read-only file system.  dconf will not work properly.: 'glib warning', file /build/firefox-144.0/toolkit/xre/nsSigHandlers.cpp:201

(firefox:919466): dconf-CRITICAL **: 15:28:00.550: unable to create file '/run/user/1000/dconf/user': Read-only file system.  dconf will not work properly.
[Parent 919466, Main Thread] WARNING: unable to create file '/run/user/1000/dconf/user': Read-only file system.  dconf will not work properly.: 'glib warning', file /build/firefox-144.0/toolkit/xre/nsSigHandlers.cpp:201

(firefox:919466): dconf-CRITICAL **: 15:28:00.574: unable to create file '/run/user/1000/dconf/user': Read-only file system.  dconf will not work properly.
[Parent 919466, Main Thread] WARNING: unable to create file '/run/user/1000/dconf/user': Read-only file system.  dconf will not work properly.: 'glib warning', file /build/firefox-144.0/toolkit/xre/nsSigHandlers.cpp:201

(firefox:919466): dconf-CRITICAL **: 15:28:00.574: unable to create file '/run/user/1000/dconf/user': Read-only file system.  dconf will not work properly.
[Parent 919466, Main Thread] WARNING: unable to create file '/run/user/1000/dconf/user': Read-only file system.  dconf will not work properly.: 'glib warning', file /build/firefox-144.0/toolkit/xre/nsSigHandlers.cpp:201

(firefox:919466): dconf-CRITICAL **: 15:28:00.592: unable to create file '/run/user/1000/dconf/user': Read-only file system.  dconf will not work properly.
[Parent 919466, Main Thread] WARNING: unable to create file '/run/user/1000/dconf/user': Read-only file system.  dconf will not work properly.: 'glib warning', file /build/firefox-144.0/toolkit/xre/nsSigHandlers.cpp:201

(firefox:919466): dconf-CRITICAL **: 15:28:00.592: unable to create file '/run/user/1000/dconf/user': Read-only file system.  dconf will not work properly.
[Parent 919466, Main Thread] WARNING: unable to create file '/run/user/1000/dconf/user': Read-only file system.  dconf will not work properly.: 'glib warning', file /build/firefox-144.0/toolkit/xre/nsSigHandlers.cpp:201

(firefox:919466): dconf-CRITICAL **: 15:28:00.620: unable to create file '/run/user/1000/dconf/user': Read-only file system.  dconf will not work properly.
[Parent 919466, Main Thread] WARNING: unable to create file '/run/user/1000/dconf/user': Read-only file system.  dconf will not work properly.: 'glib warning', file /build/firefox-144.0/toolkit/xre/nsSigHandlers.cpp:201

(firefox:919466): dconf-CRITICAL **: 15:28:00.620: unable to create file '/run/user/1000/dconf/user': Read-only file system.  dconf will not work properly.
[Parent 919466, Main Thread] WARNING: unable to create file '/run/user/1000/dconf/user': Read-only file system.  dconf will not work properly.: 'glib warning', file /build/firefox-144.0/toolkit/xre/nsSigHandlers.cpp:201

(firefox:919466): dconf-CRITICAL **: 15:28:00.657: unable to create file '/run/user/1000/dconf/user': Read-only file system.  dconf will not work properly.
[Parent 919466, Main Thread] WARNING: unable to create file '/run/user/1000/dconf/user': Read-only file system.  dconf will not work properly.: 'glib warning', file /build/firefox-144.0/toolkit/xre/nsSigHandlers.cpp:201

(firefox:919466): dconf-CRITICAL **: 15:28:00.657: unable to create file '/run/user/1000/dconf/user': Read-only file system.  dconf will not work properly.
[Parent 919466, Main Thread] WARNING: unable to create file '/run/user/1000/dconf/user': Read-only file system.  dconf will not work properly.: 'glib warning', file /build/firefox-144.0/toolkit/xre/nsSigHandlers.cpp:201

(firefox:919466): dconf-CRITICAL **: 15:28:00.685: unable to create file '/run/user/1000/dconf/user': Read-only file system.  dconf will not work properly.
[Parent 919466, Main Thread] WARNING: unable to create file '/run/user/1000/dconf/user': Read-only file system.  dconf will not work properly.: 'glib warning', file /build/firefox-144.0/toolkit/xre/nsSigHandlers.cpp:201

(firefox:919466): dconf-CRITICAL **: 15:28:00.685: unable to create file '/run/user/1000/dconf/user': Read-only file system.  dconf will not work properly.
[Parent 919466, Main Thread] WARNING: unable to create file '/run/user/1000/dconf/user': Read-only file system.  dconf will not work properly.: 'glib warning', file /build/firefox-144.0/toolkit/xre/nsSigHandlers.cpp:201

(firefox:919466): dconf-CRITICAL **: 15:28:00.710: unable to create file '/run/user/1000/dconf/user': Read-only file system.  dconf will not work properly.
[Parent 919466, Main Thread] WARNING: unable to create file '/run/user/1000/dconf/user': Read-only file system.  dconf will not work properly.: 'glib warning', file /build/firefox-144.0/toolkit/xre/nsSigHandlers.cpp:201

(firefox:919466): dconf-CRITICAL **: 15:28:00.710: unable to create file '/run/user/1000/dconf/user': Read-only file system.  dconf will not work properly.
[Parent 919466, Main Thread] WARNING: unable to create file '/run/user/1000/dconf/user': Read-only file system.  dconf will not work properly.: 'glib warning', file /build/firefox-144.0/toolkit/xre/nsSigHandlers.cpp:201

(firefox:919466): dconf-CRITICAL **: 15:28:00.741: unable to create file '/run/user/1000/dconf/user': Read-only file system.  dconf will not work properly.
[Parent 919466, Main Thread] WARNING: unable to create file '/run/user/1000/dconf/user': Read-only file system.  dconf will not work properly.: 'glib warning', file /build/firefox-144.0/toolkit/xre/nsSigHandlers.cpp:201

(firefox:919466): dconf-CRITICAL **: 15:28:00.741: unable to create file '/run/user/1000/dconf/user': Read-only file system.  dconf will not work properly.
[Parent 919466, Main Thread] WARNING: unable to create file '/run/user/1000/dconf/user': Read-only file system.  dconf will not work properly.: 'glib warning', file /build/firefox-144.0/toolkit/xre/nsSigHandlers.cpp:201

(firefox:919466): dconf-CRITICAL **: 15:28:00.767: unable to create file '/run/user/1000/dconf/user': Read-only file system.  dconf will not work properly.
[Parent 919466, Main Thread] WARNING: unable to create file '/run/user/1000/dconf/user': Read-only file system.  dconf will not work properly.: 'glib warning', file /build/firefox-144.0/toolkit/xre/nsSigHandlers.cpp:201

(firefox:919466): dconf-CRITICAL **: 15:28:00.767: unable to create file '/run/user/1000/dconf/user': Read-only file system.  dconf will not work properly.
[Parent 919466, Main Thread] WARNING: unable to create file '/run/user/1000/dconf/user': Read-only file system.  dconf will not work properly.: 'glib warning', file /build/firefox-144.0/toolkit/xre/nsSigHandlers.cpp:201

(firefox:919466): dconf-CRITICAL **: 15:28:00.790: unable to create file '/run/user/1000/dconf/user': Read-only file system.  dconf will not work properly.
[Parent 919466, Main Thread] WARNING: unable to create file '/run/user/1000/dconf/user': Read-only file system.  dconf will not work properly.: 'glib warning', file /build/firefox-144.0/toolkit/xre/nsSigHandlers.cpp:201

(firefox:919466): dconf-CRITICAL **: 15:28:00.790: unable to create file '/run/user/1000/dconf/user': Read-only file system.  dconf will not work properly.
[Parent 919466, Main Thread] WARNING: unable to create file '/run/user/1000/dconf/user': Read-only file system.  dconf will not work properly.: 'glib warning', file /build/firefox-144.0/toolkit/xre/nsSigHandlers.cpp:201

(firefox:919466): dconf-CRITICAL **: 15:28:00.811: unable to create file '/run/user/1000/dconf/user': Read-only file system.  dconf will not work properly.
[Parent 919466, Main Thread] WARNING: unable to create file '/run/user/1000/dconf/user': Read-only file system.  dconf will not work properly.: 'glib warning', file /build/firefox-144.0/toolkit/xre/nsSigHandlers.cpp:201

(firefox:919466): dconf-CRITICAL **: 15:28:00.812: unable to create file '/run/user/1000/dconf/user': Read-only file system.  dconf will not work properly.
[Parent 919466, Main Thread] WARNING: unable to create file '/run/user/1000/dconf/user': Read-only file system.  dconf will not work properly.: 'glib warning', file /build/firefox-144.0/toolkit/xre/nsSigHandlers.cpp:201

(firefox:919466): dconf-CRITICAL **: 15:28:00.828: unable to create file '/run/user/1000/dconf/user': Read-only file system.  dconf will not work properly.
[Parent 919466, Main Thread] WARNING: unable to create file '/run/user/1000/dconf/user': Read-only file system.  dconf will not work properly.: 'glib warning', file /build/firefox-144.0/toolkit/xre/nsSigHandlers.cpp:201

(firefox:919466): dconf-CRITICAL **: 15:28:00.828: unable to create file '/run/user/1000/dconf/user': Read-only file system.  dconf will not work properly.
[Parent 919466, Main Thread] WARNING: unable to create file '/run/user/1000/dconf/user': Read-only file system.  dconf will not work properly.: 'glib warning', file /build/firefox-144.0/toolkit/xre/nsSigHandlers.cpp:201

(firefox:919466): dconf-CRITICAL **: 15:28:00.851: unable to create file '/run/user/1000/dconf/user': Read-only file system.  dconf will not work properly.
[Parent 919466, Main Thread] WARNING: unable to create file '/run/user/1000/dconf/user': Read-only file system.  dconf will not work properly.: 'glib warning', file /build/firefox-144.0/toolkit/xre/nsSigHandlers.cpp:201

(firefox:919466): dconf-CRITICAL **: 15:28:00.851: unable to create file '/run/user/1000/dconf/user': Read-only file system.  dconf will not work properly.
[Parent 919466, Main Thread] WARNING: unable to create file '/run/user/1000/dconf/user': Read-only file system.  dconf will not work properly.: 'glib warning', file /build/firefox-144.0/toolkit/xre/nsSigHandlers.cpp:201

(firefox:919466): dconf-CRITICAL **: 15:28:00.875: unable to create file '/run/user/1000/dconf/user': Read-only file system.  dconf will not work properly.
[Parent 919466, Main Thread] WARNING: unable to create file '/run/user/1000/dconf/user': Read-only file system.  dconf will not work properly.: 'glib warning', file /build/firefox-144.0/toolkit/xre/nsSigHandlers.cpp:201

(firefox:919466): dconf-CRITICAL **: 15:28:00.875: unable to create file '/run/user/1000/dconf/user': Read-only file system.  dconf will not work properly.
[Parent 919466, Main Thread] WARNING: unable to create file '/run/user/1000/dconf/user': Read-only file system.  dconf will not work properly.: 'glib warning', file /build/firefox-144.0/toolkit/xre/nsSigHandlers.cpp:201

(firefox:919466): dconf-CRITICAL **: 15:28:00.900: unable to create file '/run/user/1000/dconf/user': Read-only file system.  dconf will not work properly.
[Parent 919466, Main Thread] WARNING: unable to create file '/run/user/1000/dconf/user': Read-only file system.  dconf will not work properly.: 'glib warning', file /build/firefox-144.0/toolkit/xre/nsSigHandlers.cpp:201

(firefox:919466): dconf-CRITICAL **: 15:28:00.900: unable to create file '/run/user/1000/dconf/user': Read-only file system.  dconf will not work properly.
[Parent 919466, Main Thread] WARNING: unable to create file '/run/user/1000/dconf/user': Read-only file system.  dconf will not work properly.: 'glib warning', file /build/firefox-144.0/toolkit/xre/nsSigHandlers.cpp:201

(firefox:919466): dconf-CRITICAL **: 15:28:00.918: unable to create file '/run/user/1000/dconf/user': Read-only file system.  dconf will not work properly.
[Parent 919466, Main Thread] WARNING: unable to create file '/run/user/1000/dconf/user': Read-only file system.  dconf will not work properly.: 'glib warning', file /build/firefox-144.0/toolkit/xre/nsSigHandlers.cpp:201

(firefox:919466): dconf-CRITICAL **: 15:28:00.919: unable to create file '/run/user/1000/dconf/user': Read-only file system.  dconf will not work properly.
[Parent 919466, Main Thread] WARNING: unable to create file '/run/user/1000/dconf/user': Read-only file system.  dconf will not work properly.: 'glib warning', file /build/firefox-144.0/toolkit/xre/nsSigHandlers.cpp:201

(firefox:919466): dconf-CRITICAL **: 15:28:00.934: unable to create file '/run/user/1000/dconf/user': Read-only file system.  dconf will not work properly.
[Parent 919466, Main Thread] WARNING: unable to create file '/run/user/1000/dconf/user': Read-only file system.  dconf will not work properly.: 'glib warning', file /build/firefox-144.0/toolkit/xre/nsSigHandlers.cpp:201

(firefox:919466): dconf-CRITICAL **: 15:28:00.934: unable to create file '/run/user/1000/dconf/user': Read-only file system.  dconf will not work properly.
[Parent 919466, Main Thread] WARNING: unable to create file '/run/user/1000/dconf/user': Read-only file system.  dconf will not work properly.: 'glib warning', file /build/firefox-144.0/toolkit/xre/nsSigHandlers.cpp:201

(firefox:919466): dconf-CRITICAL **: 15:28:00.955: unable to create file '/run/user/1000/dconf/user': Read-only file system.  dconf will not work properly.
[Parent 919466, Main Thread] WARNING: unable to create file '/run/user/1000/dconf/user': Read-only file system.  dconf will not work properly.: 'glib warning', file /build/firefox-144.0/toolkit/xre/nsSigHandlers.cpp:201

(firefox:919466): dconf-CRITICAL **: 15:28:00.955: unable to create file '/run/user/1000/dconf/user': Read-only file system.  dconf will not work properly.
[Parent 919466, Main Thread] WARNING: unable to create file '/run/user/1000/dconf/user': Read-only file system.  dconf will not work properly.: 'glib warning', file /build/firefox-144.0/toolkit/xre/nsSigHandlers.cpp:201

(firefox:919466): dconf-CRITICAL **: 15:28:00.975: unable to create file '/run/user/1000/dconf/user': Read-only file system.  dconf will not work properly.
[Parent 919466, Main Thread] WARNING: unable to create file '/run/user/1000/dconf/user': Read-only file system.  dconf will not work properly.: 'glib warning', file /build/firefox-144.0/toolkit/xre/nsSigHandlers.cpp:201

(firefox:919466): dconf-CRITICAL **: 15:28:00.975: unable to create file '/run/user/1000/dconf/user': Read-only file system.  dconf will not work properly.
[Parent 919466, Main Thread] WARNING: unable to create file '/run/user/1000/dconf/user': Read-only file system.  dconf will not work properly.: 'glib warning', file /build/firefox-144.0/toolkit/xre/nsSigHandlers.cpp:201

(firefox:919466): dconf-CRITICAL **: 15:28:00.992: unable to create file '/run/user/1000/dconf/user': Read-only file system.  dconf will not work properly.
[Parent 919466, Main Thread] WARNING: unable to create file '/run/user/1000/dconf/user': Read-only file system.  dconf will not work properly.: 'glib warning', file /build/firefox-144.0/toolkit/xre/nsSigHandlers.cpp:201

(firefox:919466): dconf-CRITICAL **: 15:28:00.992: unable to create file '/run/user/1000/dconf/user': Read-only file system.  dconf will not work properly.
[Parent 919466, Main Thread] WARNING: unable to create file '/run/user/1000/dconf/user': Read-only file system.  dconf will not work properly.: 'glib warning', file /build/firefox-144.0/toolkit/xre/nsSigHandlers.cpp:201

(firefox:919466): dconf-CRITICAL **: 15:28:01.010: unable to create file '/run/user/1000/dconf/user': Read-only file system.  dconf will not work properly.
[Parent 919466, Main Thread] WARNING: unable to create file '/run/user/1000/dconf/user': Read-only file system.  dconf will not work properly.: 'glib warning', file /build/firefox-144.0/toolkit/xre/nsSigHandlers.cpp:201

(firefox:919466): dconf-CRITICAL **: 15:28:01.010: unable to create file '/run/user/1000/dconf/user': Read-only file system.  dconf will not work properly.
[Parent 919466, Main Thread] WARNING: unable to create file '/run/user/1000/dconf/user': Read-only file system.  dconf will not work properly.: 'glib warning', file /build/firefox-144.0/toolkit/xre/nsSigHandlers.cpp:201

(firefox:919466): dconf-CRITICAL **: 15:28:01.034: unable to create file '/run/user/1000/dconf/user': Read-only file system.  dconf will not work properly.
[Parent 919466, Main Thread] WARNING: unable to create file '/run/user/1000/dconf/user': Read-only file system.  dconf will not work properly.: 'glib warning', file /build/firefox-144.0/toolkit/xre/nsSigHandlers.cpp:201

(firefox:919466): dconf-CRITICAL **: 15:28:01.035: unable to create file '/run/user/1000/dconf/user': Read-only file system.  dconf will not work properly.
[Parent 919466, Main Thread] WARNING: unable to create file '/run/user/1000/dconf/user': Read-only file system.  dconf will not work properly.: 'glib warning', file /build/firefox-144.0/toolkit/xre/nsSigHandlers.cpp:201

(firefox:919466): dconf-CRITICAL **: 15:28:01.057: unable to create file '/run/user/1000/dconf/user': Read-only file system.  dconf will not work properly.
[Parent 919466, Main Thread] WARNING: unable to create file '/run/user/1000/dconf/user': Read-only file system.  dconf will not work properly.: 'glib warning', file /build/firefox-144.0/toolkit/xre/nsSigHandlers.cpp:201

(firefox:919466): dconf-CRITICAL **: 15:28:01.057: unable to create file '/run/user/1000/dconf/user': Read-only file system.  dconf will not work properly.
[Parent 919466, Main Thread] WARNING: unable to create file '/run/user/1000/dconf/user': Read-only file system.  dconf will not work properly.: 'glib warning', file /build/firefox-144.0/toolkit/xre/nsSigHandlers.cpp:201

(firefox:919466): dconf-CRITICAL **: 15:28:01.083: unable to create file '/run/user/1000/dconf/user': Read-only file system.  dconf will not work properly.
[Parent 919466, Main Thread] WARNING: unable to create file '/run/user/1000/dconf/user': Read-only file system.  dconf will not work properly.: 'glib warning', file /build/firefox-144.0/toolkit/xre/nsSigHandlers.cpp:201

(firefox:919466): dconf-CRITICAL **: 15:28:01.083: unable to create file '/run/user/1000/dconf/user': Read-only file system.  dconf will not work properly.
[Parent 919466, Main Thread] WARNING: unable to create file '/run/user/1000/dconf/user': Read-only file system.  dconf will not work properly.: 'glib warning', file /build/firefox-144.0/toolkit/xre/nsSigHandlers.cpp:201

(firefox:919466): dconf-CRITICAL **: 15:28:01.107: unable to create file '/run/user/1000/dconf/user': Read-only file system.  dconf will not work properly.
[Parent 919466, Main Thread] WARNING: unable to create file '/run/user/1000/dconf/user': Read-only file system.  dconf will not work properly.: 'glib warning', file /build/firefox-144.0/toolkit/xre/nsSigHandlers.cpp:201

(firefox:919466): dconf-CRITICAL **: 15:28:01.107: unable to create file '/run/user/1000/dconf/user': Read-only file system.  dconf will not work properly.
[Parent 919466, Main Thread] WARNING: unable to create file '/run/user/1000/dconf/user': Read-only file system.  dconf will not work properly.: 'glib warning', file /build/firefox-144.0/toolkit/xre/nsSigHandlers.cpp:201

(firefox:919466): dconf-CRITICAL **: 15:28:01.128: unable to create file '/run/user/1000/dconf/user': Read-only file system.  dconf will not work properly.
[Parent 919466, Main Thread] WARNING: unable to create file '/run/user/1000/dconf/user': Read-only file system.  dconf will not work properly.: 'glib warning', file /build/firefox-144.0/toolkit/xre/nsSigHandlers.cpp:201

(firefox:919466): dconf-CRITICAL **: 15:28:01.128: unable to create file '/run/user/1000/dconf/user': Read-only file system.  dconf will not work properly.
[Parent 919466, Main Thread] WARNING: unable to create file '/run/user/1000/dconf/user': Read-only file system.  dconf will not work properly.: 'glib warning', file /build/firefox-144.0/toolkit/xre/nsSigHandlers.cpp:201

(firefox:919466): dconf-CRITICAL **: 15:28:01.153: unable to create file '/run/user/1000/dconf/user': Read-only file system.  dconf will not work properly.
[Parent 919466, Main Thread] WARNING: unable to create file '/run/user/1000/dconf/user': Read-only file system.  dconf will not work properly.: 'glib warning', file /build/firefox-144.0/toolkit/xre/nsSigHandlers.cpp:201

(firefox:919466): dconf-CRITICAL **: 15:28:01.153: unable to create file '/run/user/1000/dconf/user': Read-only file system.  dconf will not work properly.
[Parent 919466, Main Thread] WARNING: unable to create file '/run/user/1000/dconf/user': Read-only file system.  dconf will not work properly.: 'glib warning', file /build/firefox-144.0/toolkit/xre/nsSigHandlers.cpp:201

(firefox:919466): dconf-CRITICAL **: 15:28:01.421: unable to create file '/run/user/1000/dconf/user': Read-only file system.  dconf will not work properly.
[Parent 919466, Main Thread] WARNING: unable to create file '/run/user/1000/dconf/user': Read-only file system.  dconf will not work properly.: 'glib warning', file /build/firefox-144.0/toolkit/xre/nsSigHandlers.cpp:201

(firefox:919466): dconf-CRITICAL **: 15:28:01.421: unable to create file '/run/user/1000/dconf/user': Read-only file system.  dconf will not work properly.
[Parent 919466, Main Thread] WARNING: unable to create file '/run/user/1000/dconf/user': Read-only file system.  dconf will not work properly.: 'glib warning', file /build/firefox-144.0/toolkit/xre/nsSigHandlers.cpp:201

(firefox:919466): dconf-CRITICAL **: 15:28:05.587: unable to create file '/run/user/1000/dconf/user': Read-only file system.  dconf will not work properly.
[Parent 919466, Main Thread] WARNING: unable to create file '/run/user/1000/dconf/user': Read-only file system.  dconf will not work properly.: 'glib warning', file /build/firefox-144.0/toolkit/xre/nsSigHandlers.cpp:201

(firefox:919466): dconf-CRITICAL **: 15:28:05.587: unable to create file '/run/user/1000/dconf/user': Read-only file system.  dconf will not work properly.
[Parent 919466, Main Thread] WARNING: unable to create file '/run/user/1000/dconf/user': Read-only file system.  dconf will not work properly.: 'glib warning', file /build/firefox-144.0/toolkit/xre/nsSigHandlers.cpp:201

(firefox:919466): dconf-CRITICAL **: 15:28:05.591: unable to create file '/run/user/1000/dconf/user': Read-only file system.  dconf will not work properly.
[Parent 919466, Main Thread] WARNING: unable to create file '/run/user/1000/dconf/user': Read-only file system.  dconf will not work properly.: 'glib warning', file /build/firefox-144.0/toolkit/xre/nsSigHandlers.cpp:201

(firefox:919466): dconf-CRITICAL **: 15:28:05.591: unable to create file '/run/user/1000/dconf/user': Read-only file system.  dconf will not work properly.
[Parent 919466, Main Thread] WARNING: unable to create file '/run/user/1000/dconf/user': Read-only file system.  dconf will not work properly.: 'glib warning', file /build/firefox-144.0/toolkit/xre/nsSigHandlers.cpp:201

(firefox:919466): dconf-CRITICAL **: 15:28:05.592: unable to create file '/run/user/1000/dconf/user': Read-only file system.  dconf will not work properly.
[Parent 919466, Main Thread] WARNING: unable to create file '/run/user/1000/dconf/user': Read-only file system.  dconf will not work properly.: 'glib warning', file /build/firefox-144.0/toolkit/xre/nsSigHandlers.cpp:201

(firefox:919466): dconf-CRITICAL **: 15:28:05.592: unable to create file '/run/user/1000/dconf/user': Read-only file system.  dconf will not work properly.
[Parent 919466, Main Thread] WARNING: unable to create file '/run/user/1000/dconf/user': Read-only file system.  dconf will not work properly.: 'glib warning', file /build/firefox-144.0/toolkit/xre/nsSigHandlers.cpp:201

(firefox:919466): dconf-CRITICAL **: 15:28:05.598: unable to create file '/run/user/1000/dconf/user': Read-only file system.  dconf will not work properly.
[Parent 919466, Main Thread] WARNING: unable to create file '/run/user/1000/dconf/user': Read-only file system.  dconf will not work properly.: 'glib warning', file /build/firefox-144.0/toolkit/xre/nsSigHandlers.cpp:201

(firefox:919466): dconf-CRITICAL **: 15:28:05.598: unable to create file '/run/user/1000/dconf/user': Read-only file system.  dconf will not work properly.
[Parent 919466, Main Thread] WARNING: unable to create file '/run/user/1000/dconf/user': Read-only file system.  dconf will not work properly.: 'glib warning', file /build/firefox-144.0/toolkit/xre/nsSigHandlers.cpp:201

(firefox:919466): dconf-CRITICAL **: 15:28:05.687: unable to create file '/run/user/1000/dconf/user': Read-only file system.  dconf will not work properly.
[Parent 919466, Main Thread] WARNING: unable to create file '/run/user/1000/dconf/user': Read-only file system.  dconf will not work properly.: 'glib warning', file /build/firefox-144.0/toolkit/xre/nsSigHandlers.cpp:201

(firefox:919466): dconf-CRITICAL **: 15:28:05.688: unable to create file '/run/user/1000/dconf/user': Read-only file system.  dconf will not work properly.
[Parent 919466, Main Thread] WARNING: unable to create file '/run/user/1000/dconf/user': Read-only file system.  dconf will not work properly.: 'glib warning', file /build/firefox-144.0/toolkit/xre/nsSigHandlers.cpp:201

(firefox:919466): dconf-CRITICAL **: 15:28:05.763: unable to create file '/run/user/1000/dconf/user': Read-only file system.  dconf will not work properly.
[Parent 919466, Main Thread] WARNING: unable to create file '/run/user/1000/dconf/user': Read-only file system.  dconf will not work properly.: 'glib warning', file /build/firefox-144.0/toolkit/xre/nsSigHandlers.cpp:201

(firefox:919466): dconf-CRITICAL **: 15:28:05.763: unable to create file '/run/user/1000/dconf/user': Read-only file system.  dconf will not work properly.
[Parent 919466, Main Thread] WARNING: unable to create file '/run/user/1000/dconf/user': Read-only file system.  dconf will not work properly.: 'glib warning', file /build/firefox-144.0/toolkit/xre/nsSigHandlers.cpp:201

(firefox:919466): dconf-CRITICAL **: 15:28:06.028: unable to create file '/run/user/1000/dconf/user': Read-only file system.  dconf will not work properly.
[Parent 919466, Main Thread] WARNING: unable to create file '/run/user/1000/dconf/user': Read-only file system.  dconf will not work properly.: 'glib warning', file /build/firefox-144.0/toolkit/xre/nsSigHandlers.cpp:201

(firefox:919466): dconf-CRITICAL **: 15:28:06.028: unable to create file '/run/user/1000/dconf/user': Read-only file system.  dconf will not work properly.
[Parent 919466, Main Thread] WARNING: unable to create file '/run/user/1000/dconf/user': Read-only file system.  dconf will not work properly.: 'glib warning', file /build/firefox-144.0/toolkit/xre/nsSigHandlers.cpp:201

(firefox:919466): dconf-CRITICAL **: 15:28:06.030: unable to create file '/run/user/1000/dconf/user': Read-only file system.  dconf will not work properly.
[Parent 919466, Main Thread] WARNING: unable to create file '/run/user/1000/dconf/user': Read-only file system.  dconf will not work properly.: 'glib warning', file /build/firefox-144.0/toolkit/xre/nsSigHandlers.cpp:201

(firefox:919466): dconf-CRITICAL **: 15:28:06.030: unable to create file '/run/user/1000/dconf/user': Read-only file system.  dconf will not work properly.
[Parent 919466, Main Thread] WARNING: unable to create file '/run/user/1000/dconf/user': Read-only file system.  dconf will not work properly.: 'glib warning', file /build/firefox-144.0/toolkit/xre/nsSigHandlers.cpp:201

(firefox:919466): dconf-CRITICAL **: 15:28:06.278: unable to create file '/run/user/1000/dconf/user': Read-only file system.  dconf will not work properly.
[Parent 919466, Main Thread] WARNING: unable to create file '/run/user/1000/dconf/user': Read-only file system.  dconf will not work properly.: 'glib warning', file /build/firefox-144.0/toolkit/xre/nsSigHandlers.cpp:201

(firefox:919466): dconf-CRITICAL **: 15:28:06.278: unable to create file '/run/user/1000/dconf/user': Read-only file system.  dconf will not work properly.
[Parent 919466, Main Thread] WARNING: unable to create file '/run/user/1000/dconf/user': Read-only file system.  dconf will not work properly.: 'glib warning', file /build/firefox-144.0/toolkit/xre/nsSigHandlers.cpp:201

(firefox:919466): dconf-CRITICAL **: 15:28:06.287: unable to create file '/run/user/1000/dconf/user': Read-only file system.  dconf will not work properly.
[Parent 919466, Main Thread] WARNING: unable to create file '/run/user/1000/dconf/user': Read-only file system.  dconf will not work properly.: 'glib warning', file /build/firefox-144.0/toolkit/xre/nsSigHandlers.cpp:201

(firefox:919466): dconf-CRITICAL **: 15:28:06.287: unable to create file '/run/user/1000/dconf/user': Read-only file system.  dconf will not work properly.
[Parent 919466, Main Thread] WARNING: unable to create file '/run/user/1000/dconf/user': Read-only file system.  dconf will not work properly.: 'glib warning', file /build/firefox-144.0/toolkit/xre/nsSigHandlers.cpp:201

(firefox:919466): dconf-CRITICAL **: 15:28:06.535: unable to create file '/run/user/1000/dconf/user': Read-only file system.  dconf will not work properly.
[Parent 919466, Main Thread] WARNING: unable to create file '/run/user/1000/dconf/user': Read-only file system.  dconf will not work properly.: 'glib warning', file /build/firefox-144.0/toolkit/xre/nsSigHandlers.cpp:201

(firefox:919466): dconf-CRITICAL **: 15:28:06.535: unable to create file '/run/user/1000/dconf/user': Read-only file system.  dconf will not work properly.
[Parent 919466, Main Thread] WARNING: unable to create file '/run/user/1000/dconf/user': Read-only file system.  dconf will not work properly.: 'glib warning', file /build/firefox-144.0/toolkit/xre/nsSigHandlers.cpp:201

(firefox:919466): dconf-CRITICAL **: 15:28:06.536: unable to create file '/run/user/1000/dconf/user': Read-only file system.  dconf will not work properly.
[Parent 919466, Main Thread] WARNING: unable to create file '/run/user/1000/dconf/user': Read-only file system.  dconf will not work properly.: 'glib warning', file /build/firefox-144.0/toolkit/xre/nsSigHandlers.cpp:201

(firefox:919466): dconf-CRITICAL **: 15:28:06.536: unable to create file '/run/user/1000/dconf/user': Read-only file system.  dconf will not work properly.
[Parent 919466, Main Thread] WARNING: unable to create file '/run/user/1000/dconf/user': Read-only file system.  dconf will not work properly.: 'glib warning', file /build/firefox-144.0/toolkit/xre/nsSigHandlers.cpp:201

(firefox:919466): dconf-CRITICAL **: 15:28:06.774: unable to create file '/run/user/1000/dconf/user': Read-only file system.  dconf will not work properly.
[Parent 919466, Main Thread] WARNING: unable to create file '/run/user/1000/dconf/user': Read-only file system.  dconf will not work properly.: 'glib warning', file /build/firefox-144.0/toolkit/xre/nsSigHandlers.cpp:201

(firefox:919466): dconf-CRITICAL **: 15:28:06.774: unable to create file '/run/user/1000/dconf/user': Read-only file system.  dconf will not work properly.
[Parent 919466, Main Thread] WARNING: unable to create file '/run/user/1000/dconf/user': Read-only file system.  dconf will not work properly.: 'glib warning', file /build/firefox-144.0/toolkit/xre/nsSigHandlers.cpp:201

(firefox:919466): dconf-CRITICAL **: 15:28:06.775: unable to create file '/run/user/1000/dconf/user': Read-only file system.  dconf will not work properly.
[Parent 919466, Main Thread] WARNING: unable to create file '/run/user/1000/dconf/user': Read-only file system.  dconf will not work properly.: 'glib warning', file /build/firefox-144.0/toolkit/xre/nsSigHandlers.cpp:201

(firefox:919466): dconf-CRITICAL **: 15:28:06.775: unable to create file '/run/user/1000/dconf/user': Read-only file system.  dconf will not work properly.
[Parent 919466, Main Thread] WARNING: unable to create file '/run/user/1000/dconf/user': Read-only file system.  dconf will not work properly.: 'glib warning', file /build/firefox-144.0/toolkit/xre/nsSigHandlers.cpp:201

(firefox:919466): dconf-CRITICAL **: 15:28:06.775: unable to create file '/run/user/1000/dconf/user': Read-only file system.  dconf will not work properly.
[Parent 919466, Main Thread] WARNING: unable to create file '/run/user/1000/dconf/user': Read-only file system.  dconf will not work properly.: 'glib warning', file /build/firefox-144.0/toolkit/xre/nsSigHandlers.cpp:201

(firefox:919466): dconf-CRITICAL **: 15:28:06.775: unable to create file '/run/user/1000/dconf/user': Read-only file system.  dconf will not work properly.
[Parent 919466, Main Thread] WARNING: unable to create file '/run/user/1000/dconf/user': Read-only file system.  dconf will not work properly.: 'glib warning', file /build/firefox-144.0/toolkit/xre/nsSigHandlers.cpp:201

(firefox:919466): dconf-CRITICAL **: 15:28:07.014: unable to create file '/run/user/1000/dconf/user': Read-only file system.  dconf will not work properly.
[Parent 919466, Main Thread] WARNING: unable to create file '/run/user/1000/dconf/user': Read-only file system.  dconf will not work properly.: 'glib warning', file /build/firefox-144.0/toolkit/xre/nsSigHandlers.cpp:201

(firefox:919466): dconf-CRITICAL **: 15:28:07.015: unable to create file '/run/user/1000/dconf/user': Read-only file system.  dconf will not work properly.
[Parent 919466, Main Thread] WARNING: unable to create file '/run/user/1000/dconf/user': Read-only file system.  dconf will not work properly.: 'glib warning', file /build/firefox-144.0/toolkit/xre/nsSigHandlers.cpp:201

(firefox:919466): dconf-CRITICAL **: 15:28:07.016: unable to create file '/run/user/1000/dconf/user': Read-only file system.  dconf will not work properly.
[Parent 919466, Main Thread] WARNING: unable to create file '/run/user/1000/dconf/user': Read-only file system.  dconf will not work properly.: 'glib warning', file /build/firefox-144.0/toolkit/xre/nsSigHandlers.cpp:201

(firefox:919466): dconf-CRITICAL **: 15:28:07.016: unable to create file '/run/user/1000/dconf/user': Read-only file system.  dconf will not work properly.
[Parent 919466, Main Thread] WARNING: unable to create file '/run/user/1000/dconf/user': Read-only file system.  dconf will not work properly.: 'glib warning', file /build/firefox-144.0/toolkit/xre/nsSigHandlers.cpp:201

(firefox:919466): dconf-CRITICAL **: 15:28:07.256: unable to create file '/run/user/1000/dconf/user': Read-only file system.  dconf will not work properly.
[Parent 919466, Main Thread] WARNING: unable to create file '/run/user/1000/dconf/user': Read-only file system.  dconf will not work properly.: 'glib warning', file /build/firefox-144.0/toolkit/xre/nsSigHandlers.cpp:201

(firefox:919466): dconf-CRITICAL **: 15:28:07.256: unable to create file '/run/user/1000/dconf/user': Read-only file system.  dconf will not work properly.
[Parent 919466, Main Thread] WARNING: unable to create file '/run/user/1000/dconf/user': Read-only file system.  dconf will not work properly.: 'glib warning', file /build/firefox-144.0/toolkit/xre/nsSigHandlers.cpp:201

(firefox:919466): dconf-CRITICAL **: 15:28:07.257: unable to create file '/run/user/1000/dconf/user': Read-only file system.  dconf will not work properly.
[Parent 919466, Main Thread] WARNING: unable to create file '/run/user/1000/dconf/user': Read-only file system.  dconf will not work properly.: 'glib warning', file /build/firefox-144.0/toolkit/xre/nsSigHandlers.cpp:201

(firefox:919466): dconf-CRITICAL **: 15:28:07.257: unable to create file '/run/user/1000/dconf/user': Read-only file system.  dconf will not work properly.
[Parent 919466, Main Thread] WARNING: unable to create file '/run/user/1000/dconf/user': Read-only file system.  dconf will not work properly.: 'glib warning', file /build/firefox-144.0/toolkit/xre/nsSigHandlers.cpp:201

(firefox:919466): dconf-CRITICAL **: 15:28:07.509: unable to create file '/run/user/1000/dconf/user': Read-only file system.  dconf will not work properly.
[Parent 919466, Main Thread] WARNING: unable to create file '/run/user/1000/dconf/user': Read-only file system.  dconf will not work properly.: 'glib warning', file /build/firefox-144.0/toolkit/xre/nsSigHandlers.cpp:201

(firefox:919466): dconf-CRITICAL **: 15:28:07.509: unable to create file '/run/user/1000/dconf/user': Read-only file system.  dconf will not work properly.
[Parent 919466, Main Thread] WARNING: unable to create file '/run/user/1000/dconf/user': Read-only file system.  dconf will not work properly.: 'glib warning', file /build/firefox-144.0/toolkit/xre/nsSigHandlers.cpp:201

(firefox:919466): dconf-CRITICAL **: 15:28:07.529: unable to create file '/run/user/1000/dconf/user': Read-only file system.  dconf will not work properly.
[Parent 919466, Main Thread] WARNING: unable to create file '/run/user/1000/dconf/user': Read-only file system.  dconf will not work properly.: 'glib warning', file /build/firefox-144.0/toolkit/xre/nsSigHandlers.cpp:201

(firefox:919466): dconf-CRITICAL **: 15:28:07.530: unable to create file '/run/user/1000/dconf/user': Read-only file system.  dconf will not work properly.
[Parent 919466, Main Thread] WARNING: unable to create file '/run/user/1000/dconf/user': Read-only file system.  dconf will not work properly.: 'glib warning', file /build/firefox-144.0/toolkit/xre/nsSigHandlers.cpp:201

(firefox:919466): dconf-CRITICAL **: 15:28:07.530: unable to create file '/run/user/1000/dconf/user': Read-only file system.  dconf will not work properly.
[Parent 919466, Main Thread] WARNING: unable to create file '/run/user/1000/dconf/user': Read-only file system.  dconf will not work properly.: 'glib warning', file /build/firefox-144.0/toolkit/xre/nsSigHandlers.cpp:201

(firefox:919466): dconf-CRITICAL **: 15:28:07.531: unable to create file '/run/user/1000/dconf/user': Read-only file system.  dconf will not work properly.
[Parent 919466, Main Thread] WARNING: unable to create file '/run/user/1000/dconf/user': Read-only file system.  dconf will not work properly.: 'glib warning', file /build/firefox-144.0/toolkit/xre/nsSigHandlers.cpp:201

(firefox:919466): dconf-CRITICAL **: 15:28:07.772: unable to create file '/run/user/1000/dconf/user': Read-only file system.  dconf will not work properly.
[Parent 919466, Main Thread] WARNING: unable to create file '/run/user/1000/dconf/user': Read-only file system.  dconf will not work properly.: 'glib warning', file /build/firefox-144.0/toolkit/xre/nsSigHandlers.cpp:201

(firefox:919466): dconf-CRITICAL **: 15:28:07.772: unable to create file '/run/user/1000/dconf/user': Read-only file system.  dconf will not work properly.
[Parent 919466, Main Thread] WARNING: unable to create file '/run/user/1000/dconf/user': Read-only file system.  dconf will not work properly.: 'glib warning', file /build/firefox-144.0/toolkit/xre/nsSigHandlers.cpp:201

(firefox:919466): dconf-CRITICAL **: 15:28:07.773: unable to create file '/run/user/1000/dconf/user': Read-only file system.  dconf will not work properly.
[Parent 919466, Main Thread] WARNING: unable to create file '/run/user/1000/dconf/user': Read-only file system.  dconf will not work properly.: 'glib warning', file /build/firefox-144.0/toolkit/xre/nsSigHandlers.cpp:201

(firefox:919466): dconf-CRITICAL **: 15:28:07.773: unable to create file '/run/user/1000/dconf/user': Read-only file system.  dconf will not work properly.
[Parent 919466, Main Thread] WARNING: unable to create file '/run/user/1000/dconf/user': Read-only file system.  dconf will not work properly.: 'glib warning', file /build/firefox-144.0/toolkit/xre/nsSigHandlers.cpp:201

(firefox:919466): dconf-CRITICAL **: 15:28:08.007: unable to create file '/run/user/1000/dconf/user': Read-only file system.  dconf will not work properly.
[Parent 919466, Main Thread] WARNING: unable to create file '/run/user/1000/dconf/user': Read-only file system.  dconf will not work properly.: 'glib warning', file /build/firefox-144.0/toolkit/xre/nsSigHandlers.cpp:201

(firefox:919466): dconf-CRITICAL **: 15:28:08.007: unable to create file '/run/user/1000/dconf/user': Read-only file system.  dconf will not work properly.
[Parent 919466, Main Thread] WARNING: unable to create file '/run/user/1000/dconf/user': Read-only file system.  dconf will not work properly.: 'glib warning', file /build/firefox-144.0/toolkit/xre/nsSigHandlers.cpp:201

(firefox:919466): dconf-CRITICAL **: 15:28:08.313: unable to create file '/run/user/1000/dconf/user': Read-only file system.  dconf will not work properly.
[Parent 919466, Main Thread] WARNING: unable to create file '/run/user/1000/dconf/user': Read-only file system.  dconf will not work properly.: 'glib warning', file /build/firefox-144.0/toolkit/xre/nsSigHandlers.cpp:201

(firefox:919466): dconf-CRITICAL **: 15:28:08.313: unable to create file '/run/user/1000/dconf/user': Read-only file system.  dconf will not work properly.
[Parent 919466, Main Thread] WARNING: unable to create file '/run/user/1000/dconf/user': Read-only file system.  dconf will not work properly.: 'glib warning', file /build/firefox-144.0/toolkit/xre/nsSigHandlers.cpp:201

(firefox:919466): dconf-CRITICAL **: 15:28:08.313: unable to create file '/run/user/1000/dconf/user': Read-only file system.  dconf will not work properly.
[Parent 919466, Main Thread] WARNING: unable to create file '/run/user/1000/dconf/user': Read-only file system.  dconf will not work properly.: 'glib warning', file /build/firefox-144.0/toolkit/xre/nsSigHandlers.cpp:201

(firefox:919466): dconf-CRITICAL **: 15:28:08.313: unable to create file '/run/user/1000/dconf/user': Read-only file system.  dconf will not work properly.
console.warn: "[web-runtime] connection lost, retry #8"
[Parent 919466, Main Thread] WARNING: unable to create file '/run/user/1000/dconf/user': Read-only file system.  dconf will not work properly.: 'glib warning', file /build/firefox-144.0/toolkit/xre/nsSigHandlers.cpp:201

(firefox:919466): dconf-CRITICAL **: 15:28:08.416: unable to create file '/run/user/1000/dconf/user': Read-only file system.  dconf will not work properly.
[Parent 919466, Main Thread] WARNING: unable to create file '/run/user/1000/dconf/user': Read-only file system.  dconf will not work properly.: 'glib warning', file /build/firefox-144.0/toolkit/xre/nsSigHandlers.cpp:201

(firefox:919466): dconf-CRITICAL **: 15:28:08.416: unable to create file '/run/user/1000/dconf/user': Read-only file system.  dconf will not work properly.
[Parent 919466, Main Thread] WARNING: unable to create file '/run/user/1000/dconf/user': Read-only file system.  dconf will not work properly.: 'glib warning', file /build/firefox-144.0/toolkit/xre/nsSigHandlers.cpp:201

(firefox:919466): dconf-CRITICAL **: 15:28:08.426: unable to create file '/run/user/1000/dconf/user': Read-only file system.  dconf will not work properly.
[Parent 919466, Main Thread] WARNING: unable to create file '/run/user/1000/dconf/user': Read-only file system.  dconf will not work properly.: 'glib warning', file /build/firefox-144.0/toolkit/xre/nsSigHandlers.cpp:201

(firefox:919466): dconf-CRITICAL **: 15:28:08.426: unable to create file '/run/user/1000/dconf/user': Read-only file system.  dconf will not work properly.
[Parent 919466, Main Thread] WARNING: unable to create file '/run/user/1000/dconf/user': Read-only file system.  dconf will not work properly.: 'glib warning', file /build/firefox-144.0/toolkit/xre/nsSigHandlers.cpp:201

(firefox:919466): dconf-CRITICAL **: 15:28:08.670: unable to create file '/run/user/1000/dconf/user': Read-only file system.  dconf will not work properly.
[Parent 919466, Main Thread] WARNING: unable to create file '/run/user/1000/dconf/user': Read-only file system.  dconf will not work properly.: 'glib warning', file /build/firefox-144.0/toolkit/xre/nsSigHandlers.cpp:201

(firefox:919466): dconf-CRITICAL **: 15:28:08.670: unable to create file '/run/user/1000/dconf/user': Read-only file system.  dconf will not work properly.
[Parent 919466, Main Thread] WARNING: unable to create file '/run/user/1000/dconf/user': Read-only file system.  dconf will not work properly.: 'glib warning', file /build/firefox-144.0/toolkit/xre/nsSigHandlers.cpp:201

(firefox:919466): dconf-CRITICAL **: 15:28:08.920: unable to create file '/run/user/1000/dconf/user': Read-only file system.  dconf will not work properly.
[Parent 919466, Main Thread] WARNING: unable to create file '/run/user/1000/dconf/user': Read-only file system.  dconf will not work properly.: 'glib warning', file /build/firefox-144.0/toolkit/xre/nsSigHandlers.cpp:201

(firefox:919466): dconf-CRITICAL **: 15:28:08.921: unable to create file '/run/user/1000/dconf/user': Read-only file system.  dconf will not work properly.
[Parent 919466, Main Thread] WARNING: unable to create file '/run/user/1000/dconf/user': Read-only file system.  dconf will not work properly.: 'glib warning', file /build/firefox-144.0/toolkit/xre/nsSigHandlers.cpp:201

(firefox:919466): dconf-CRITICAL **: 15:28:09.172: unable to create file '/run/user/1000/dconf/user': Read-only file system.  dconf will not work properly.
[Parent 919466, Main Thread] WARNING: unable to create file '/run/user/1000/dconf/user': Read-only file system.  dconf will not work properly.: 'glib warning', file /build/firefox-144.0/toolkit/xre/nsSigHandlers.cpp:201

(firefox:919466): dconf-CRITICAL **: 15:28:09.172: unable to create file '/run/user/1000/dconf/user': Read-only file system.  dconf will not work properly.
[Parent 919466, Main Thread] WARNING: unable to create file '/run/user/1000/dconf/user': Read-only file system.  dconf will not work properly.: 'glib warning', file /build/firefox-144.0/toolkit/xre/nsSigHandlers.cpp:201

(firefox:919466): dconf-CRITICAL **: 15:28:09.416: unable to create file '/run/user/1000/dconf/user': Read-only file system.  dconf will not work properly.
[Parent 919466, Main Thread] WARNING: unable to create file '/run/user/1000/dconf/user': Read-only file system.  dconf will not work properly.: 'glib warning', file /build/firefox-144.0/toolkit/xre/nsSigHandlers.cpp:201

(firefox:919466): dconf-CRITICAL **: 15:28:09.416: unable to create file '/run/user/1000/dconf/user': Read-only file system.  dconf will not work properly.
[Parent 919466, Main Thread] WARNING: unable to create file '/run/user/1000/dconf/user': Read-only file system.  dconf will not work properly.: 'glib warning', file /build/firefox-144.0/toolkit/xre/nsSigHandlers.cpp:201

(firefox:919466): dconf-CRITICAL **: 15:28:09.662: unable to create file '/run/user/1000/dconf/user': Read-only file system.  dconf will not work properly.
[Parent 919466, Main Thread] WARNING: unable to create file '/run/user/1000/dconf/user': Read-only file system.  dconf will not work properly.: 'glib warning', file /build/firefox-144.0/toolkit/xre/nsSigHandlers.cpp:201

(firefox:919466): dconf-CRITICAL **: 15:28:09.662: unable to create file '/run/user/1000/dconf/user': Read-only file system.  dconf will not work properly.
[Parent 919466, Main Thread] WARNING: unable to create file '/run/user/1000/dconf/user': Read-only file system.  dconf will not work properly.: 'glib warning', file /build/firefox-144.0/toolkit/xre/nsSigHandlers.cpp:201

(firefox:919466): dconf-CRITICAL **: 15:28:09.968: unable to create file '/run/user/1000/dconf/user': Read-only file system.  dconf will not work properly.
[Parent 919466, Main Thread] WARNING: unable to create file '/run/user/1000/dconf/user': Read-only file system.  dconf will not work properly.: 'glib warning', file /build/firefox-144.0/toolkit/xre/nsSigHandlers.cpp:201

(firefox:919466): dconf-CRITICAL **: 15:28:09.968: unable to create file '/run/user/1000/dconf/user': Read-only file system.  dconf will not work properly.
[Parent 919466, Main Thread] WARNING: unable to create file '/run/user/1000/dconf/user': Read-only file system.  dconf will not work properly.: 'glib warning', file /build/firefox-144.0/toolkit/xre/nsSigHandlers.cpp:201

(firefox:919466): dconf-CRITICAL **: 15:28:15.498: unable to create file '/run/user/1000/dconf/user': Read-only file system.  dconf will not work properly.
[Parent 919466, Main Thread] WARNING: unable to create file '/run/user/1000/dconf/user': Read-only file system.  dconf will not work properly.: 'glib warning', file /build/firefox-144.0/toolkit/xre/nsSigHandlers.cpp:201

(firefox:919466): dconf-CRITICAL **: 15:28:15.499: unable to create file '/run/user/1000/dconf/user': Read-only file system.  dconf will not work properly.
[Parent 919466, Main Thread] WARNING: unable to create file '/run/user/1000/dconf/user': Read-only file system.  dconf will not work properly.: 'glib warning', file /build/firefox-144.0/toolkit/xre/nsSigHandlers.cpp:201

(firefox:919466): dconf-CRITICAL **: 15:28:15.499: unable to create file '/run/user/1000/dconf/user': Read-only file system.  dconf will not work properly.
[Parent 919466, Main Thread] WARNING: unable to create file '/run/user/1000/dconf/user': Read-only file system.  dconf will not work properly.: 'glib warning', file /build/firefox-144.0/toolkit/xre/nsSigHandlers.cpp:201

(firefox:919466): dconf-CRITICAL **: 15:28:15.499: unable to create file '/run/user/1000/dconf/user': Read-only file system.  dconf will not work properly.
console.warn: "[web-runtime] connection lost, retry #9"
[Parent 919466, Main Thread] WARNING: unable to create file '/run/user/1000/dconf/user': Read-only file system.  dconf will not work properly.: 'glib warning', file /build/firefox-144.0/toolkit/xre/nsSigHandlers.cpp:201

(firefox:919466): dconf-CRITICAL **: 15:28:24.676: unable to create file '/run/user/1000/dconf/user': Read-only file system.  dconf will not work properly.
[Parent 919466, Main Thread] WARNING: unable to create file '/run/user/1000/dconf/user': Read-only file system.  dconf will not work properly.: 'glib warning', file /build/firefox-144.0/toolkit/xre/nsSigHandlers.cpp:201

(firefox:919466): dconf-CRITICAL **: 15:28:24.676: unable to create file '/run/user/1000/dconf/user': Read-only file system.  dconf will not work properly.
[Parent 919466, Main Thread] WARNING: unable to create file '/run/user/1000/dconf/user': Read-only file system.  dconf will not work properly.: 'glib warning', file /build/firefox-144.0/toolkit/xre/nsSigHandlers.cpp:201

(firefox:919466): dconf-CRITICAL **: 15:28:24.676: unable to create file '/run/user/1000/dconf/user': Read-only file system.  dconf will not work properly.
[Parent 919466, Main Thread] WARNING: unable to create file '/run/user/1000/dconf/user': Read-only file system.  dconf will not work properly.: 'glib warning', file /build/firefox-144.0/toolkit/xre/nsSigHandlers.cpp:201

(firefox:919466): dconf-CRITICAL **: 15:28:24.676: unable to create file '/run/user/1000/dconf/user': Read-only file system.  dconf will not work properly.
console.warn: "[web-runtime] connection lost, retry #10"
[Parent 919466, Main Thread] WARNING: unable to create file '/run/user/1000/dconf/user': Read-only file system.  dconf will not work properly.: 'glib warning', file /build/firefox-144.0/toolkit/xre/nsSigHandlers.cpp:201

(firefox:919466): dconf-CRITICAL **: 15:28:33.780: unable to create file '/run/user/1000/dconf/user': Read-only file system.  dconf will not work properly.
[Parent 919466, Main Thread] WARNING: unable to create file '/run/user/1000/dconf/user': Read-only file system.  dconf will not work properly.: 'glib warning', file /build/firefox-144.0/toolkit/xre/nsSigHandlers.cpp:201

(firefox:919466): dconf-CRITICAL **: 15:28:33.780: unable to create file '/run/user/1000/dconf/user': Read-only file system.  dconf will not work properly.
[Parent 919466, Main Thread] WARNING: unable to create file '/run/user/1000/dconf/user': Read-only file system.  dconf will not work properly.: 'glib warning', file /build/firefox-144.0/toolkit/xre/nsSigHandlers.cpp:201

(firefox:919466): dconf-CRITICAL **: 15:28:33.781: unable to create file '/run/user/1000/dconf/user': Read-only file system.  dconf will not work properly.
[Parent 919466, Main Thread] WARNING: unable to create file '/run/user/1000/dconf/user': Read-only file system.  dconf will not work properly.: 'glib warning', file /build/firefox-144.0/toolkit/xre/nsSigHandlers.cpp:201

(firefox:919466): dconf-CRITICAL **: 15:28:33.781: unable to create file '/run/user/1000/dconf/user': Read-only file system.  dconf will not work properly.
console.warn: "[web-runtime] connection lost, retry #11"
